;Timestamp;T_Air_1;T_Air_2;T_Air_3;T_Air_4;T_Air_5;Storage_1;Storage_2;Storage_3;Storage_4;Storage_5;Storage_Combined;Storage_Av;thermalDiscomfort;P_Max;P_elect;Costs;heatingPowerRoom1;heatingPowerRoom2;heatingPowerRoom3;heatingPowerRoom4;heatingPowerRoom5;COP;Electricity Price;Price Factor;Storage Factor;Modulation Degree
0;2022-12-26 00:00:00;22.3;22.3;22.3;22.3;22.3;0.7;0.7;0.7;0.7;0.7;3.5;0.7;0.0;4407.6;1191.8;0.01;816.2;816.2;816.2;816.2;816.2;3.42;0.04;0.52;0.3;0.27
1;2022-12-26 00:15:00;22.6;22.6;22.6;22.6;22.6;0.65;0.65;0.65;0.65;0.65;3.25;0.65;0.0;4412.6;1433.7;0.01;989.9;989.9;989.9;989.9;989.9;3.45;0.03;0.57;0.35;0.32
2;2022-12-26 00:30:00;22.9;22.9;22.9;22.9;22.9;0.67;0.67;0.67;0.67;0.67;3.36;0.67;0.0;4410.2;1806.4;0.01;1242.1;1242.1;1242.1;1242.1;1242.1;3.44;0.03;0.64;0.33;0.41
3;2022-12-26 00:45:00;23.2;23.2;23.2;23.2;23.2;0.69;0.69;0.69;0.69;0.69;3.46;0.69;0.0;4410.0;2039.2;0.02;1401.6;1401.6;1401.6;1401.6;1401.6;3.44;0.03;0.68;0.31;0.46
4;2022-12-26 01:00:00;23.4;23.4;23.4;23.4;23.4;0.71;0.71;0.71;0.71;0.71;3.57;0.71;0.0;4408.7;2222.4;0.02;1524.4;1524.4;1524.4;1524.4;1524.4;3.43;0.03;0.71;0.29;0.5
5;2022-12-26 01:15:00;23.7;23.7;23.7;23.7;23.7;0.73;0.73;0.73;0.73;0.73;3.64;0.73;0.0;4413.2;2287.8;0.01;1581.2;1581.2;1581.2;1581.2;1581.2;3.46;0.03;0.72;0.27;0.52
6;2022-12-26 01:30:00;24.0;24.0;24.0;24.0;24.0;0.75;0.75;0.75;0.75;0.75;3.75;0.75;0.0;4413.4;2482.5;0.01;1755.9;1755.9;1755.9;1755.9;1755.9;3.54;0.02;0.75;0.25;0.56
7;2022-12-26 01:45:00;23.5;23.5;23.5;23.5;23.5;0.77;0.77;0.77;0.77;0.77;3.86;0.77;0.0;4391.4;0.0;0.0;0.0;0.0;0.0;0.0;0.0;3.59;0.02;0.78;0.23;0.0
8;2022-12-26 02:00:00;23.2;23.2;23.2;23.2;23.2;0.74;0.74;0.74;0.74;0.74;3.68;0.74;0.0;4379.2;0.0;0.0;0.0;0.0;0.0;0.0;0.0;3.61;0.02;0.83;0.26;0.0
9;2022-12-26 02:15:00;24.0;24.0;24.0;24.0;24.0;0.71;0.71;0.71;0.71;0.71;3.57;0.71;0.0;4355.6;3221.4;0.02;2345.5;2345.5;2345.5;2345.5;2345.5;3.64;0.02;0.86;0.29;0.74
10;2022-12-26 02:30:00;24.0;24.0;24.0;24.0;24.0;0.77;0.77;0.77;0.77;0.77;3.86;0.77;0.0;4336.3;1084.1;0.01;793.8;793.8;793.8;793.8;793.8;3.66;0.02;0.89;0.23;0.25
11;2022-12-26 02:45:00;23.6;23.6;23.6;23.6;23.6;0.77;0.77;0.77;0.77;0.77;3.86;0.77;0.0;4318.9;0.0;0.0;0.0;0.0;0.0;0.0;0.0;3.68;0.02;0.91;0.23;0.0
12;2022-12-26 03:00:00;23.4;23.4;23.4;23.4;23.4;0.74;0.74;0.74;0.74;0.74;3.71;0.74;0.0;4287.5;0.0;0.0;0.0;0.0;0.0;0.0;0.0;3.71;0.02;0.95;0.26;0.0
13;2022-12-26 03:15:00;24.6;24.6;24.6;24.6;24.6;0.73;0.73;0.73;0.73;0.73;3.64;0.73;0.0;4264.7;4095.8;0.02;3050.6;3050.6;3050.6;3050.6;3050.6;3.72;0.02;0.98;0.27;0.96
14;2022-12-26 03:30:00;24.4;24.4;24.4;24.4;24.4;0.81;0.81;0.81;0.81;0.81;4.07;0.81;0.0;4290.3;1072.6;0.0;794.4;794.4;794.4;794.4;794.4;3.7;0.02;0.99;0.19;0.25
15;2022-12-26 03:45:00;24.1;24.1;24.1;24.1;24.1;0.8;0.8;0.8;0.8;0.8;4.0;0.8;0.0;4295.7;0.0;0.0;0.0;0.0;0.0;0.0;0.0;3.7;0.02;0.99;0.2;0.0
16;2022-12-26 04:00:00;23.8;23.8;23.8;23.8;23.8;0.78;0.78;0.78;0.78;0.78;3.89;0.78;0.0;4296.6;0.0;0.0;0.0;0.0;0.0;0.0;0.0;3.7;0.02;0.99;0.22;0.0
17;2022-12-26 04:15:00;23.7;23.7;23.7;23.7;23.7;0.76;0.76;0.76;0.76;0.76;3.79;0.76;0.0;4279.1;0.0;0.0;0.0;0.0;0.0;0.0;0.0;3.71;0.02;0.99;0.24;0.0
18;2022-12-26 04:30:00;25.0;25.0;25.0;25.0;25.0;0.75;0.75;0.75;0.75;0.75;3.75;0.75;0.0;4273.4;4188.4;0.02;3113.8;3113.8;3113.8;3113.8;3113.8;3.72;0.02;0.99;0.25;0.98
19;2022-12-26 04:45:00;24.8;24.8;24.8;24.8;24.8;0.84;0.84;0.84;0.84;0.84;4.21;0.84;0.0;4280.1;1070.0;0.0;794.3;794.3;794.3;794.3;794.3;3.71;0.02;0.98;0.16;0.25
20;2022-12-26 05:00:00;24.4;24.4;24.4;24.4;24.4;0.83;0.83;0.83;0.83;0.83;4.14;0.83;0.0;4275.3;0.0;0.0;0.0;0.0;0.0;0.0;0.0;3.72;0.02;0.95;0.17;0.0
21;2022-12-26 05:15:00;24.2;24.2;24.2;24.2;24.2;0.8;0.8;0.8;0.8;0.8;4.0;0.8;0.0;4296.6;0.0;0.0;0.0;0.0;0.0;0.0;0.0;3.7;0.02;0.89;0.2;0.0
22;2022-12-26 05:30:00;24.1;24.1;24.1;24.1;24.1;0.79;0.79;0.79;0.79;0.79;3.93;0.79;0.0;4343.0;0.0;0.0;0.0;0.0;0.0;0.0;0.0;3.65;0.02;0.84;0.21;0.0
23;2022-12-26 05:45:00;24.0;24.0;24.0;24.0;24.0;0.78;0.78;0.78;0.78;0.78;3.89;0.78;0.0;4350.8;0.0;0.0;0.0;0.0;0.0;0.0;0.0;3.65;0.02;0.8;0.22;0.0
24;2022-12-26 06:00:00;24.9;24.9;24.7;24.7;24.7;0.17;0.17;0.57;0.57;0.57;2.06;0.41;0.0;4354.2;2581.6;0.02;2154.7;2154.7;1697.7;1697.7;1697.7;3.64;0.02;0.77;0.59;0.59
25;2022-12-26 06:15:00;25.3;25.3;25.0;25.0;25.0;0.24;0.24;0.62;0.62;0.62;2.34;0.47;0.0;4366.5;2201.2;0.01;1794.7;1794.7;1465.1;1465.1;1465.1;3.63;0.03;0.71;0.53;0.5
26;2022-12-26 06:30:00;25.5;25.5;25.2;25.2;25.2;0.26;0.26;0.64;0.64;0.64;2.46;0.49;0.0;4365.3;1959.6;0.02;1586.6;1586.6;1312.7;1312.7;1312.7;3.63;0.03;0.67;0.51;0.45
27;2022-12-26 06:45:00;25.5;25.5;25.2;25.2;25.2;0.28;0.28;0.66;0.66;0.66;2.53;0.51;0.0;4367.1;1369.5;0.01;1104.9;1104.9;919.0;919.0;919.0;3.63;0.03;0.56;0.49;0.31
28;2022-12-26 07:00:00;25.1;25.1;24.9;24.9;24.9;0.28;0.28;0.66;0.66;0.66;2.53;0.51;0.0;4411.1;0.0;0.0;0.0;0.0;0.0;0.0;0.0;3.55;0.04;0.49;0.49;0.0
29;2022-12-26 07:15:00;24.9;24.9;24.7;24.7;24.7;0.25;0.25;0.64;0.64;0.64;2.41;0.48;0.0;4416.6;0.0;0.0;0.0;0.0;0.0;0.0;0.0;3.49;0.04;0.46;0.52;0.0
30;2022-12-26 07:30:00;24.7;24.7;24.5;24.5;24.5;0.24;0.24;0.62;0.62;0.62;2.34;0.47;0.0;4416.1;0.0;0.0;0.0;0.0;0.0;0.0;0.0;3.48;0.05;0.43;0.53;0.0
31;2022-12-26 07:45:00;24.6;24.6;24.4;24.4;24.4;0.22;0.22;0.61;0.61;0.61;2.26;0.45;0.0;4416.3;0.0;0.0;0.0;0.0;0.0;0.0;0.0;3.48;0.05;0.39;0.55;0.0
32;2022-12-26 08:00:00;24.6;24.6;24.4;24.4;24.4;0.89;0.89;0.83;0.83;0.83;4.26;0.85;0.0;4413.0;0.0;0.0;0.0;0.0;0.0;0.0;0.0;3.45;0.05;0.33;0.15;0.0
33;2022-12-26 08:15:00;24.5;24.5;24.4;24.4;24.4;0.89;0.89;0.83;0.83;0.83;4.26;0.85;0.0;4410.2;0.0;0.0;0.0;0.0;0.0;0.0;0.0;3.44;0.06;0.27;0.15;0.0
34;2022-12-26 08:30:00;24.5;24.5;24.3;24.3;24.3;0.86;0.86;0.83;0.83;0.83;4.2;0.84;0.0;4410.8;0.0;0.0;0.0;0.0;0.0;0.0;0.0;3.44;0.06;0.23;0.16;0.0
35;2022-12-26 08:45:00;24.4;24.4;24.3;24.3;24.3;0.86;0.86;0.8;0.8;0.8;4.11;0.82;0.0;4409.8;0.0;0.0;0.0;0.0;0.0;0.0;0.0;3.44;0.06;0.19;0.18;0.0
36;2022-12-26 09:00:00;24.4;24.4;24.3;24.3;24.3;0.83;0.83;0.8;0.8;0.8;4.06;0.81;0.0;4408.7;0.0;0.0;0.0;0.0;0.0;0.0;0.0;3.43;0.06;0.15;0.19;0.0
37;2022-12-26 09:15:00;24.4;24.4;24.3;24.3;24.3;0.83;0.83;0.8;0.8;0.8;4.06;0.81;0.0;4408.5;0.0;0.0;0.0;0.0;0.0;0.0;0.0;3.43;0.06;0.15;0.19;0.0
38;2022-12-26 09:30:00;24.4;24.4;24.2;24.2;24.2;0.83;0.83;0.8;0.8;0.8;4.06;0.81;0.0;4409.7;0.0;0.0;0.0;0.0;0.0;0.0;0.0;3.44;0.06;0.15;0.19;0.0
39;2022-12-26 09:45:00;24.4;24.4;24.2;24.2;24.2;0.83;0.83;0.77;0.77;0.77;3.97;0.79;0.0;4407.8;0.0;0.0;0.0;0.0;0.0;0.0;0.0;3.42;0.06;0.15;0.21;0.0
40;2022-12-26 10:00:00;24.4;24.4;24.2;24.2;24.2;0.83;0.83;0.77;0.77;0.77;3.97;0.79;0.0;4407.2;0.0;0.0;0.0;0.0;0.0;0.0;0.0;3.42;0.06;0.15;0.21;0.0
41;2022-12-26 10:15:00;24.3;24.3;24.2;24.2;24.2;0.83;0.83;0.77;0.77;0.77;3.97;0.79;0.0;4406.7;0.0;0.0;0.0;0.0;0.0;0.0;0.0;3.42;0.06;0.18;0.21;0.0
42;2022-12-26 10:30:00;24.3;24.3;24.2;24.2;24.2;0.8;0.8;0.77;0.77;0.77;3.91;0.78;0.0;4407.5;0.0;0.0;0.0;0.0;0.0;0.0;0.0;3.42;0.06;0.21;0.22;0.0
43;2022-12-26 10:45:00;24.3;24.3;24.2;24.2;24.2;0.8;0.8;0.77;0.77;0.77;3.91;0.78;0.0;4409.1;0.0;0.0;0.0;0.0;0.0;0.0;0.0;3.43;0.06;0.25;0.22;0.0
44;2022-12-26 11:00:00;24.3;24.3;24.2;24.2;24.2;0.8;0.8;0.77;0.77;0.77;3.91;0.78;0.0;4411.3;0.0;0.0;0.0;0.0;0.0;0.0;0.0;3.44;0.05;0.28;0.22;0.0
45;2022-12-26 11:15:00;24.3;24.3;24.2;24.2;24.2;0.8;0.8;0.77;0.77;0.77;3.91;0.78;0.0;4412.3;0.0;0.0;0.0;0.0;0.0;0.0;0.0;3.45;0.05;0.41;0.22;0.0
46;2022-12-26 11:30:00;24.3;24.3;24.2;24.2;24.2;0.8;0.8;0.77;0.77;0.77;3.91;0.78;0.0;4413.1;0.0;0.0;0.0;0.0;0.0;0.0;0.0;3.46;0.04;0.46;0.22;0.0
47;2022-12-26 11:45:00;24.3;24.3;24.1;24.1;24.1;0.8;0.8;0.77;0.77;0.77;3.91;0.78;0.0;4415.1;0.0;0.0;0.0;0.0;0.0;0.0;0.0;3.47;0.04;0.52;0.22;0.0
48;2022-12-26 12:00:00;24.3;24.3;24.1;24.1;24.1;0.8;0.8;0.74;0.74;0.74;3.83;0.77;0.0;4415.7;0.0;0.0;0.0;0.0;0.0;0.0;0.0;3.48;0.03;0.68;0.23;0.0
49;2022-12-26 12:15:00;24.3;24.3;24.1;24.1;24.1;0.8;0.8;0.74;0.74;0.74;3.83;0.77;0.0;4416.0;0.0;0.0;0.0;0.0;0.0;0.0;0.0;3.48;0.03;0.67;0.23;0.0
50;2022-12-26 12:30:00;24.3;24.3;24.1;24.1;24.1;0.8;0.8;0.74;0.74;0.74;3.83;0.77;0.0;4416.9;0.0;0.0;0.0;0.0;0.0;0.0;0.0;3.51;0.03;0.66;0.23;0.0
51;2022-12-26 12:45:00;24.3;24.3;24.1;24.1;24.1;0.8;0.8;0.74;0.74;0.74;3.83;0.77;0.0;4416.0;0.0;0.0;0.0;0.0;0.0;0.0;0.0;3.52;0.03;0.65;0.23;0.0
52;2022-12-26 13:00:00;24.2;24.2;24.1;24.1;24.1;0.8;0.8;0.74;0.74;0.74;3.83;0.77;0.0;4413.0;0.0;0.0;0.0;0.0;0.0;0.0;0.0;3.45;0.03;0.62;0.23;0.0
53;2022-12-26 13:15:00;24.2;24.2;24.1;24.1;24.1;0.77;0.77;0.74;0.74;0.74;3.77;0.75;0.0;4407.8;0.0;0.0;0.0;0.0;0.0;0.0;0.0;3.42;0.03;0.61;0.25;0.0
54;2022-12-26 13:30:00;24.2;24.2;24.1;24.1;24.1;0.77;0.77;0.74;0.74;0.74;3.77;0.75;0.0;4413.4;0.0;0.0;0.0;0.0;0.0;0.0;0.0;3.46;0.03;0.6;0.25;0.0
55;2022-12-26 13:45:00;24.2;24.2;24.1;24.1;24.1;0.77;0.77;0.74;0.74;0.74;3.77;0.75;0.0;4415.2;0.0;0.0;0.0;0.0;0.0;0.0;0.0;3.47;0.03;0.59;0.25;0.0
56;2022-12-26 14:00:00;24.2;24.2;24.1;24.1;24.1;0.77;0.77;0.74;0.74;0.74;3.77;0.75;0.0;4410.7;0.0;0.0;0.0;0.0;0.0;0.0;0.0;3.44;0.03;0.58;0.25;0.0
57;2022-12-26 14:15:00;24.2;24.2;24.0;24.0;24.0;0.77;0.77;0.74;0.74;0.74;3.77;0.75;0.0;4405.1;0.0;0.0;0.0;0.0;0.0;0.0;0.0;3.41;0.04;0.51;0.25;0.0
58;2022-12-26 14:30:00;24.2;24.2;24.0;24.0;24.0;0.77;0.77;0.71;0.71;0.71;3.69;0.74;0.0;4405.9;0.0;0.0;0.0;0.0;0.0;0.0;0.0;3.41;0.04;0.48;0.26;0.0
59;2022-12-26 14:45:00;24.1;24.1;24.0;24.0;24.0;0.77;0.77;0.71;0.71;0.71;3.69;0.74;0.0;4409.3;0.0;0.0;0.0;0.0;0.0;0.0;0.0;3.43;0.04;0.44;0.26;0.0
60;2022-12-26 15:00:00;24.1;24.1;24.0;24.0;24.0;0.74;0.74;0.71;0.71;0.71;3.63;0.73;0.0;4405.9;0.0;0.0;0.0;0.0;0.0;0.0;0.0;3.41;0.05;0.42;0.27;0.0
61;2022-12-26 15:15:00;24.1;24.1;23.9;23.9;23.9;0.74;0.74;0.71;0.71;0.71;3.63;0.73;0.0;4403.4;0.0;0.0;0.0;0.0;0.0;0.0;0.0;3.4;0.05;0.41;0.27;0.0
62;2022-12-26 15:30:00;24.0;24.0;23.9;23.9;23.9;0.74;0.74;0.69;0.69;0.69;3.54;0.71;0.0;4405.6;0.0;0.0;0.0;0.0;0.0;0.0;0.0;3.41;0.05;0.36;0.29;0.0
63;2022-12-26 15:45:00;24.0;24.0;23.9;23.9;23.9;0.71;0.71;0.69;0.69;0.69;3.49;0.7;0.0;4405.8;0.0;0.0;0.0;0.0;0.0;0.0;0.0;3.41;0.05;0.34;0.3;0.0
64;2022-12-26 16:00:00;24.0;24.0;23.9;23.9;23.9;0.71;0.71;0.69;0.69;0.69;3.49;0.7;0.0;4406.5;0.0;0.0;0.0;0.0;0.0;0.0;0.0;3.42;0.05;0.27;0.3;0.0
65;2022-12-26 16:15:00;24.0;24.0;23.8;23.8;23.8;0.71;0.71;0.69;0.69;0.69;3.49;0.7;0.0;4405.2;0.0;0.0;0.0;0.0;0.0;0.0;0.0;3.41;0.05;0.31;0.3;0.0
66;2022-12-26 16:30:00;23.9;23.9;23.8;23.8;23.8;0.71;0.71;0.66;0.66;0.66;3.4;0.68;0.0;4404.6;0.0;0.0;0.0;0.0;0.0;0.0;0.0;3.41;0.05;0.33;0.32;0.0
67;2022-12-26 16:45:00;23.9;23.9;23.8;23.8;23.8;0.69;0.69;0.66;0.66;0.66;3.34;0.67;0.0;4403.2;0.0;0.0;0.0;0.0;0.0;0.0;0.0;3.4;0.05;0.34;0.33;0.0
68;2022-12-26 17:00:00;23.9;23.9;23.8;23.8;23.8;0.76;0.76;0.76;0.76;0.76;3.8;0.76;0.0;4401.1;0.0;0.0;0.0;0.0;0.0;0.0;0.0;3.39;0.05;0.35;0.24;0.0
69;2022-12-26 17:15:00;23.9;23.9;23.7;23.7;23.7;0.76;0.76;0.76;0.76;0.76;3.8;0.76;0.0;4400.8;0.0;0.0;0.0;0.0;0.0;0.0;0.0;3.38;0.05;0.32;0.24;0.0
70;2022-12-26 17:30:00;23.9;23.9;23.7;23.7;23.7;0.76;0.76;0.75;0.75;0.75;3.78;0.76;0.0;4401.0;0.0;0.0;0.0;0.0;0.0;0.0;0.0;3.38;0.06;0.26;0.24;0.0
71;2022-12-26 17:45:00;23.8;23.8;23.7;23.7;23.7;0.76;0.76;0.75;0.75;0.75;3.78;0.76;0.0;4400.1;0.0;0.0;0.0;0.0;0.0;0.0;0.0;3.34;0.06;0.2;0.24;0.0
72;2022-12-26 18:00:00;23.8;23.8;23.7;23.7;23.7;0.76;0.76;0.75;0.75;0.75;3.76;0.75;0.0;4414.7;0.0;0.0;0.0;0.0;0.0;0.0;0.0;3.29;0.06;0.15;0.25;0.0
73;2022-12-26 18:15:00;23.8;23.8;23.6;23.6;23.6;0.76;0.76;0.75;0.75;0.75;3.76;0.75;0.0;4419.4;0.0;0.0;0.0;0.0;0.0;0.0;0.0;3.29;0.06;0.15;0.25;0.0
74;2022-12-26 18:30:00;23.8;23.8;23.6;23.6;23.6;0.76;0.76;0.74;0.74;0.74;3.74;0.75;0.0;4415.6;0.0;0.0;0.0;0.0;0.0;0.0;0.0;3.29;0.06;0.17;0.25;0.0
75;2022-12-26 18:45:00;23.7;23.7;23.6;23.6;23.6;0.76;0.76;0.74;0.74;0.74;3.74;0.75;0.0;4420.1;0.0;0.0;0.0;0.0;0.0;0.0;0.0;3.28;0.06;0.17;0.25;0.0
76;2022-12-26 19:00:00;23.7;23.7;23.6;23.6;23.6;0.75;0.75;0.74;0.74;0.74;3.73;0.75;0.0;4425.7;0.0;0.0;0.0;0.0;0.0;0.0;0.0;3.28;0.06;0.17;0.25;0.0
77;2022-12-26 19:15:00;23.7;23.7;23.5;23.5;23.5;0.75;0.75;0.74;0.74;0.74;3.73;0.75;0.0;4437.5;0.0;0.0;0.0;0.0;0.0;0.0;0.0;3.26;0.06;0.17;0.25;0.0
78;2022-12-26 19:30:00;23.7;23.7;23.5;23.5;23.5;0.75;0.75;0.74;0.74;0.74;3.71;0.74;0.0;4442.3;0.0;0.0;0.0;0.0;0.0;0.0;0.0;3.25;0.06;0.17;0.26;0.0
79;2022-12-26 19:45:00;23.6;23.6;23.5;23.5;23.5;0.75;0.75;0.74;0.74;0.74;3.71;0.74;0.0;4443.7;0.0;0.0;0.0;0.0;0.0;0.0;0.0;3.25;0.06;0.16;0.26;0.0
80;2022-12-26 20:00:00;23.6;23.6;23.5;23.5;23.5;0.74;0.74;0.74;0.74;0.74;3.69;0.74;0.0;4442.3;0.0;0.0;0.0;0.0;0.0;0.0;0.0;3.25;0.06;0.15;0.26;0.0
81;2022-12-26 20:15:00;23.6;23.6;23.4;23.4;23.4;0.74;0.74;0.74;0.74;0.74;3.69;0.74;0.0;4453.2;0.0;0.0;0.0;0.0;0.0;0.0;0.0;3.24;0.06;0.23;0.26;0.0
82;2022-12-26 20:30:00;23.6;23.6;23.4;23.4;23.4;0.74;0.74;0.73;0.73;0.73;3.67;0.73;0.0;4466.1;0.0;0.0;0.0;0.0;0.0;0.0;0.0;3.23;0.05;0.33;0.27;0.0
83;2022-12-26 20:45:00;23.5;23.5;23.4;23.4;23.4;0.74;0.74;0.73;0.73;0.73;3.67;0.73;0.0;4475.3;0.0;0.0;0.0;0.0;0.0;0.0;0.0;3.22;0.05;0.36;0.27;0.0
84;2022-12-26 21:00:00;23.5;23.5;23.4;23.4;23.4;0.74;0.74;0.73;0.73;0.73;3.66;0.73;0.0;4481.4;0.0;0.0;0.0;0.0;0.0;0.0;0.0;3.21;0.05;0.42;0.27;0.0
85;2022-12-26 21:15:00;23.5;23.5;23.3;23.3;23.3;0.74;0.74;0.73;0.73;0.73;3.66;0.73;0.0;4488.3;0.0;0.0;0.0;0.0;0.0;0.0;0.0;3.21;0.04;0.48;0.27;0.0
86;2022-12-26 21:30:00;23.9;23.9;23.7;23.7;23.7;0.74;0.74;0.72;0.72;0.72;3.64;0.73;0.0;4493.6;1511.6;0.01;965.3;965.3;970.1;970.1;970.1;3.2;0.03;0.58;0.27;0.34
87;2022-12-26 21:45:00;24.0;24.0;23.9;23.9;23.9;0.76;0.76;0.75;0.75;0.75;3.78;0.76;0.0;4497.7;1124.4;0.01;717.3;717.3;720.7;720.7;720.7;3.2;0.03;0.71;0.24;0.25
88;2022-12-26 22:00:00;23.8;23.8;23.7;23.7;23.7;0.77;0.77;0.76;0.76;0.76;3.84;0.77;0.0;4493.6;0.0;0.0;0.0;0.0;0.0;0.0;0.0;3.2;0.02;0.89;0.23;0.0
89;2022-12-26 22:15:00;23.7;23.7;23.6;23.6;23.6;0.76;0.76;0.75;0.75;0.75;3.76;0.75;0.0;4495.9;0.0;0.0;0.0;0.0;0.0;0.0;0.0;3.2;0.02;0.86;0.25;0.0
90;2022-12-26 22:30:00;24.5;24.5;24.4;24.4;24.4;0.75;0.75;0.74;0.74;0.74;3.73;0.75;0.0;4507.3;3105.1;0.02;1978.7;1978.7;1983.4;1983.4;1983.4;3.19;0.02;0.83;0.25;0.69
91;2022-12-26 22:45:00;24.5;24.5;24.3;24.3;24.3;0.81;0.81;0.8;0.8;0.8;4.01;0.8;0.0;4513.5;1128.4;0.01;718.0;718.0;719.6;719.6;719.6;3.19;0.02;0.79;0.2;0.25
92;2022-12-26 23:00:00;24.2;24.2;24.0;24.0;24.0;0.81;0.81;0.79;0.79;0.79;3.99;0.8;0.0;4522.8;0.0;0.0;0.0;0.0;0.0;0.0;0.0;3.18;0.02;0.77;0.2;0.0
93;2022-12-26 23:15:00;24.0;24.0;23.9;23.9;23.9;0.79;0.79;0.77;0.77;0.77;3.89;0.78;0.0;4552.5;0.0;0.0;0.0;0.0;0.0;0.0;0.0;3.15;0.02;0.88;0.22;0.0
94;2022-12-26 23:30:00;23.9;23.9;23.7;23.7;23.7;0.77;0.77;0.76;0.76;0.76;3.84;0.77;0.0;4593.1;0.0;0.0;0.0;0.0;0.0;0.0;0.0;3.12;0.02;0.99;0.23;0.0
95;2022-12-26 23:45:00;23.8;23.8;23.7;23.7;23.7;0.76;0.76;0.75;0.75;0.75;3.78;0.76;0.0;4630.0;0.0;0.0;0.0;0.0;0.0;0.0;0.0;3.09;0.01;1.0;0.24;0.0
96;2022-12-27 00:00:00;23.7;23.7;23.6;23.6;23.6;0.76;0.76;0.75;0.75;0.75;3.76;0.75;0.0;4649.2;0.0;0.0;0.0;0.0;0.0;0.0;0.0;3.07;0.01;0.9;0.25;0.0
97;2022-12-27 00:15:00;24.7;24.7;24.6;24.6;24.6;0.75;0.75;0.74;0.74;0.74;3.73;0.75;0.0;4685.5;3965.8;0.01;2405.3;2405.3;2411.1;2411.1;2411.1;3.04;0.01;0.92;0.25;0.85
98;2022-12-27 00:30:00;24.7;24.7;24.5;24.5;24.5;0.82;0.82;0.81;0.81;0.81;4.09;0.82;0.0;4705.2;1176.3;0.0;708.3;708.3;709.8;709.8;709.8;3.01;0.01;0.93;0.18;0.25
99;2022-12-27 00:45:00;24.3;24.3;24.2;24.2;24.2;0.82;0.82;0.81;0.81;0.81;4.06;0.81;0.0;4727.1;0.0;0.0;0.0;0.0;0.0;0.0;0.0;2.99;0.01;0.95;0.19;0.0
100;2022-12-27 01:00:00;24.2;24.2;24.0;24.0;24.0;0.79;0.79;0.79;0.79;0.79;3.94;0.79;0.0;4729.6;0.0;0.0;0.0;0.0;0.0;0.0;0.0;2.98;0.01;1.0;0.21;0.0
101;2022-12-27 01:15:00;24.0;24.0;23.9;23.9;23.9;0.79;0.79;0.77;0.77;0.77;3.89;0.78;0.0;4722.2;0.0;0.0;0.0;0.0;0.0;0.0;0.0;2.99;0.01;1.0;0.22;0.0
102;2022-12-27 01:30:00;24.0;24.0;23.8;23.8;23.8;0.77;0.77;0.76;0.76;0.76;3.84;0.77;0.0;4733.1;0.0;0.0;0.0;0.0;0.0;0.0;0.0;2.98;0.01;1.0;0.23;0.0
103;2022-12-27 01:45:00;23.9;23.9;23.8;23.8;23.8;0.77;0.77;0.76;0.76;0.76;3.81;0.76;0.0;4740.9;0.0;0.0;0.0;0.0;0.0;0.0;0.0;2.97;0.01;1.0;0.24;0.0
104;2022-12-27 02:00:00;23.8;23.8;23.7;23.7;23.7;0.76;0.76;0.76;0.76;0.76;3.8;0.76;0.0;4745.7;0.0;0.0;0.0;0.0;0.0;0.0;0.0;2.96;0.0;1.0;0.24;0.0
105;2022-12-27 02:15:00;23.8;23.8;23.7;23.7;23.7;0.76;0.76;0.75;0.75;0.75;3.76;0.75;0.0;4753.3;0.0;0.0;0.0;0.0;0.0;0.0;0.0;2.95;0.01;0.96;0.25;0.0
106;2022-12-27 02:30:00;23.8;23.8;23.6;23.6;23.6;0.76;0.76;0.75;0.75;0.75;3.76;0.75;0.0;4754.7;0.0;0.0;0.0;0.0;0.0;0.0;0.0;2.95;0.01;0.93;0.25;0.0
107;2022-12-27 02:45:00;24.7;24.7;24.6;24.6;24.6;0.76;0.76;0.74;0.74;0.74;3.74;0.75;0.0;4755.4;3937.9;0.01;2314.3;2314.3;2325.4;2325.4;2325.4;2.95;0.01;0.91;0.25;0.83
108;2022-12-27 03:00:00;24.7;24.7;24.6;24.6;24.6;0.82;0.82;0.81;0.81;0.81;4.09;0.82;0.0;4759.1;1189.8;0.0;698.9;698.9;700.4;700.4;700.4;2.94;0.01;0.88;0.18;0.25
109;2022-12-27 03:15:00;24.4;24.4;24.3;24.3;24.3;0.82;0.82;0.81;0.81;0.81;4.09;0.82;0.0;4759.5;0.0;0.0;0.0;0.0;0.0;0.0;0.0;2.94;0.01;0.86;0.18;0.0
110;2022-12-27 03:30:00;24.2;24.2;24.1;24.1;24.1;0.8;0.8;0.79;0.79;0.79;3.98;0.8;0.0;4769.8;0.0;0.0;0.0;0.0;0.0;0.0;0.0;2.92;0.02;0.85;0.2;0.0
111;2022-12-27 03:45:00;24.1;24.1;23.9;23.9;23.9;0.79;0.79;0.78;0.78;0.78;3.91;0.78;0.0;4780.6;0.0;0.0;0.0;0.0;0.0;0.0;0.0;2.9;0.02;0.84;0.22;0.0
112;2022-12-27 04:00:00;24.0;24.0;23.9;23.9;23.9;0.78;0.78;0.76;0.76;0.76;3.85;0.77;0.0;4786.3;0.0;0.0;0.0;0.0;0.0;0.0;0.0;2.89;0.02;0.83;0.23;0.0
113;2022-12-27 04:15:00;23.9;23.9;23.8;23.8;23.8;0.77;0.77;0.76;0.76;0.76;3.84;0.77;0.0;4797.5;0.0;0.0;0.0;0.0;0.0;0.0;0.0;2.87;0.02;0.82;0.23;0.0
114;2022-12-27 04:30:00;23.9;23.9;23.8;23.8;23.8;0.76;0.76;0.76;0.76;0.76;3.8;0.76;0.0;4808.0;0.0;0.0;0.0;0.0;0.0;0.0;0.0;2.84;0.03;0.81;0.24;0.0
115;2022-12-27 04:45:00;23.8;23.8;23.7;23.7;23.7;0.76;0.76;0.76;0.76;0.76;3.8;0.76;0.0;4813.9;0.0;0.0;0.0;0.0;0.0;0.0;0.0;2.82;0.03;0.8;0.24;0.0
116;2022-12-27 05:00:00;23.8;23.8;23.7;23.7;23.7;0.76;0.76;0.75;0.75;0.75;3.76;0.75;0.0;4813.9;0.0;0.0;0.0;0.0;0.0;0.0;0.0;2.82;0.03;0.79;0.25;0.0
117;2022-12-27 05:15:00;23.8;23.8;23.6;23.6;23.6;0.76;0.76;0.75;0.75;0.75;3.76;0.75;0.0;4806.8;0.0;0.0;0.0;0.0;0.0;0.0;0.0;2.84;0.04;0.74;0.25;0.0
118;2022-12-27 05:30:00;24.3;24.3;24.2;24.2;24.2;0.76;0.76;0.74;0.74;0.74;3.74;0.75;0.0;4806.3;2491.6;0.03;1413.8;1413.8;1420.6;1420.6;1420.6;2.85;0.06;0.72;0.25;0.52
119;2022-12-27 05:45:00;24.4;24.4;24.3;24.3;24.3;0.79;0.79;0.79;0.79;0.79;3.94;0.79;0.0;4806.7;1201.7;0.02;682.7;682.7;684.2;684.2;684.2;2.84;0.07;0.7;0.21;0.25
120;2022-12-27 06:00:00;24.8;24.8;24.5;24.5;24.5;0.2;0.2;0.59;0.59;0.59;2.18;0.44;0.0;4808.9;2223.6;0.05;1432.8;1432.8;1148.3;1148.3;1148.3;2.84;0.08;0.68;0.56;0.46
121;2022-12-27 06:15:00;25.0;25.0;24.7;24.7;24.7;0.23;0.23;0.61;0.61;0.61;2.28;0.46;0.0;4816.8;2162.3;0.05;1367.8;1367.8;1115.2;1115.2;1115.2;2.81;0.08;0.67;0.54;0.45
122;2022-12-27 06:30:00;25.2;25.2;24.8;24.8;24.8;0.24;0.24;0.62;0.62;0.62;2.35;0.47;0.0;4823.7;2038.0;0.05;1271.6;1271.6;1043.1;1043.1;1043.1;2.78;0.09;0.65;0.53;0.42
123;2022-12-27 06:45:00;25.3;25.3;24.9;24.9;24.9;0.26;0.26;0.63;0.63;0.63;2.4;0.48;0.0;4821.4;1974.9;0.05;1231.7;1231.7;1018.2;1018.2;1018.2;2.79;0.09;0.64;0.52;0.41
124;2022-12-27 07:00:00;25.4;25.4;25.0;25.0;25.0;0.26;0.26;0.64;0.64;0.64;2.44;0.49;0.0;4818.0;1792.8;0.04;1121.9;1121.9;930.0;930.0;930.0;2.81;0.1;0.61;0.51;0.37
125;2022-12-27 07:15:00;25.4;25.4;25.0;25.0;25.0;0.27;0.27;0.64;0.64;0.64;2.47;0.49;0.0;4818.2;1677.2;0.04;1047.9;1047.9;871.0;871.0;871.0;2.81;0.1;0.59;0.51;0.35
126;2022-12-27 07:30:00;25.4;25.4;25.0;25.0;25.0;0.27;0.27;0.64;0.64;0.64;2.47;0.49;0.0;4820.0;1511.5;0.04;941.9;941.9;782.9;782.9;782.9;2.8;0.1;0.56;0.51;0.31
127;2022-12-27 07:45:00;25.5;25.5;25.0;25.0;25.0;0.27;0.27;0.64;0.64;0.64;2.47;0.49;0.0;4818.4;1405.1;0.03;877.5;877.5;729.4;729.4;729.4;2.81;0.1;0.54;0.51;0.29
128;2022-12-27 08:00:00;25.1;25.1;24.8;24.8;24.8;1.0;1.0;1.0;1.0;1.0;5.0;1.0;1.0;4812.7;0.0;0.0;0.0;0.0;0.0;0.0;0.0;2.83;0.1;0.51;0.0;0.0
129;2022-12-27 08:15:00;24.9;24.9;24.6;24.6;24.6;1.0;1.0;0.94;0.94;0.94;4.83;0.97;0.26;4808.7;0.0;0.0;0.0;0.0;0.0;0.0;0.0;2.84;0.1;0.54;0.03;0.0
130;2022-12-27 08:30:00;24.8;24.8;24.5;24.5;24.5;0.97;0.97;0.89;0.89;0.89;4.6;0.92;0.0;4803.1;0.0;0.0;0.0;0.0;0.0;0.0;0.0;2.85;0.1;0.56;0.08;0.0
131;2022-12-27 08:45:00;24.8;24.8;24.4;24.4;24.4;0.94;0.94;0.86;0.86;0.86;4.46;0.89;0.0;4794.1;0.0;0.0;0.0;0.0;0.0;0.0;0.0;2.88;0.1;0.59;0.11;0.0
132;2022-12-27 09:00:00;24.7;24.7;24.4;24.4;24.4;0.94;0.94;0.83;0.83;0.83;4.37;0.87;0.0;4787.1;0.0;0.0;0.0;0.0;0.0;0.0;0.0;2.89;0.1;0.61;0.13;0.0
133;2022-12-27 09:15:00;24.7;24.7;24.4;24.4;24.4;0.91;0.91;0.83;0.83;0.83;4.31;0.86;0.0;4774.9;0.0;0.0;0.0;0.0;0.0;0.0;0.0;2.91;0.1;0.54;0.14;0.0
134;2022-12-27 09:30:00;24.7;24.7;24.4;24.4;24.4;0.91;0.91;0.83;0.83;0.83;4.31;0.86;0.0;4757.4;0.0;0.0;0.0;0.0;0.0;0.0;0.0;2.94;0.1;0.5;0.14;0.0
135;2022-12-27 09:45:00;24.7;24.7;24.4;24.4;24.4;0.91;0.91;0.83;0.83;0.83;4.31;0.86;0.0;4743.1;0.0;0.0;0.0;0.0;0.0;0.0;0.0;2.97;0.11;0.48;0.14;0.0
136;2022-12-27 10:00:00;24.7;24.7;24.4;24.4;24.4;0.91;0.91;0.83;0.83;0.83;4.31;0.86;0.0;4728.3;0.0;0.0;0.0;0.0;0.0;0.0;0.0;2.99;0.11;0.47;0.14;0.0
137;2022-12-27 10:15:00;24.7;24.7;24.4;24.4;24.4;0.91;0.91;0.83;0.83;0.83;4.31;0.86;0.0;4713.6;0.0;0.0;0.0;0.0;0.0;0.0;0.0;3.0;0.11;0.46;0.14;0.0
138;2022-12-27 10:30:00;24.7;24.7;24.4;24.4;24.4;0.91;0.91;0.83;0.83;0.83;4.31;0.86;0.0;4685.9;0.0;0.0;0.0;0.0;0.0;0.0;0.0;3.04;0.11;0.46;0.14;0.0
139;2022-12-27 10:45:00;24.7;24.7;24.4;24.4;24.4;0.91;0.91;0.83;0.83;0.83;4.31;0.86;0.0;4649.2;0.0;0.0;0.0;0.0;0.0;0.0;0.0;3.07;0.11;0.45;0.14;0.0
140;2022-12-27 11:00:00;24.7;24.7;24.4;24.4;24.4;0.91;0.91;0.83;0.83;0.83;4.31;0.86;0.0;4608.6;0.0;0.0;0.0;0.0;0.0;0.0;0.0;3.11;0.11;0.44;0.14;0.0
141;2022-12-27 11:15:00;24.7;24.7;24.4;24.4;24.4;0.91;0.91;0.83;0.83;0.83;4.31;0.86;0.0;4595.6;0.0;0.0;0.0;0.0;0.0;0.0;0.0;3.12;0.11;0.41;0.14;0.0
142;2022-12-27 11:30:00;24.7;24.7;24.3;24.3;24.3;0.91;0.91;0.83;0.83;0.83;4.31;0.86;0.0;4583.0;0.0;0.0;0.0;0.0;0.0;0.0;0.0;3.13;0.12;0.39;0.14;0.0
143;2022-12-27 11:45:00;24.6;24.6;24.3;24.3;24.3;0.91;0.91;0.8;0.8;0.8;4.23;0.85;0.0;4584.3;0.0;0.0;0.0;0.0;0.0;0.0;0.0;3.13;0.12;0.36;0.15;0.0
144;2022-12-27 12:00:00;24.6;24.6;24.3;24.3;24.3;0.89;0.89;0.8;0.8;0.8;4.17;0.83;0.0;4558.9;0.0;0.0;0.0;0.0;0.0;0.0;0.0;3.15;0.12;0.35;0.17;0.0
145;2022-12-27 12:15:00;24.6;24.6;24.3;24.3;24.3;0.89;0.89;0.8;0.8;0.8;4.17;0.83;0.0;4553.1;0.0;0.0;0.0;0.0;0.0;0.0;0.0;3.15;0.13;0.33;0.17;0.0
146;2022-12-27 12:30:00;24.6;24.6;24.3;24.3;24.3;0.89;0.89;0.8;0.8;0.8;4.17;0.83;0.0;4555.0;0.0;0.0;0.0;0.0;0.0;0.0;0.0;3.15;0.13;0.31;0.17;0.0
147;2022-12-27 12:45:00;24.6;24.6;24.3;24.3;24.3;0.89;0.89;0.8;0.8;0.8;4.17;0.83;0.0;4548.0;0.0;0.0;0.0;0.0;0.0;0.0;0.0;3.16;0.14;0.29;0.17;0.0
148;2022-12-27 13:00:00;24.6;24.6;24.3;24.3;24.3;0.89;0.89;0.8;0.8;0.8;4.17;0.83;0.0;4529.7;0.0;0.0;0.0;0.0;0.0;0.0;0.0;3.17;0.14;0.28;0.17;0.0
149;2022-12-27 13:15:00;24.6;24.6;24.3;24.3;24.3;0.89;0.89;0.8;0.8;0.8;4.17;0.83;0.0;4520.9;0.0;0.0;0.0;0.0;0.0;0.0;0.0;3.18;0.14;0.26;0.17;0.0
150;2022-12-27 13:30:00;24.6;24.6;24.3;24.3;24.3;0.89;0.89;0.8;0.8;0.8;4.17;0.83;0.0;4516.5;0.0;0.0;0.0;0.0;0.0;0.0;0.0;3.18;0.14;0.25;0.17;0.0
151;2022-12-27 13:45:00;24.6;24.6;24.3;24.3;24.3;0.89;0.89;0.8;0.8;0.8;4.17;0.83;0.0;4508.6;0.0;0.0;0.0;0.0;0.0;0.0;0.0;3.19;0.14;0.24;0.17;0.0
152;2022-12-27 14:00:00;24.6;24.6;24.3;24.3;24.3;0.89;0.89;0.8;0.8;0.8;4.17;0.83;0.0;4495.3;0.0;0.0;0.0;0.0;0.0;0.0;0.0;3.2;0.14;0.23;0.17;0.0
153;2022-12-27 14:15:00;24.5;24.5;24.2;24.2;24.2;0.89;0.89;0.8;0.8;0.8;4.17;0.83;0.0;4503.7;0.0;0.0;0.0;0.0;0.0;0.0;0.0;3.19;0.14;0.21;0.17;0.0
154;2022-12-27 14:30:00;24.5;24.5;24.2;24.2;24.2;0.86;0.86;0.77;0.77;0.77;4.03;0.81;0.0;4524.0;0.0;0.0;0.0;0.0;0.0;0.0;0.0;3.18;0.15;0.2;0.19;0.0
155;2022-12-27 14:45:00;24.4;24.4;24.1;24.1;24.1;0.86;0.86;0.77;0.77;0.77;4.03;0.81;0.0;4539.1;0.0;0.0;0.0;0.0;0.0;0.0;0.0;3.16;0.15;0.19;0.19;0.0
156;2022-12-27 15:00:00;24.4;24.4;24.1;24.1;24.1;0.83;0.83;0.74;0.74;0.74;3.89;0.78;0.0;4565.3;0.0;0.0;0.0;0.0;0.0;0.0;0.0;3.14;0.15;0.18;0.22;0.0
157;2022-12-27 15:15:00;24.4;24.4;24.1;24.1;24.1;0.83;0.83;0.74;0.74;0.74;3.89;0.78;0.0;4583.7;0.0;0.0;0.0;0.0;0.0;0.0;0.0;3.13;0.15;0.16;0.22;0.0
158;2022-12-27 15:30:00;24.3;24.3;24.0;24.0;24.0;0.83;0.83;0.74;0.74;0.74;3.89;0.78;0.0;4601.2;0.0;0.0;0.0;0.0;0.0;0.0;0.0;3.12;0.15;0.14;0.22;0.0
159;2022-12-27 15:45:00;24.3;24.3;24.0;24.0;24.0;0.8;0.8;0.71;0.71;0.71;3.74;0.75;0.0;4636.3;0.0;0.0;0.0;0.0;0.0;0.0;0.0;3.09;0.16;0.1;0.25;0.0
160;2022-12-27 16:00:00;24.3;24.3;24.0;24.0;24.0;0.8;0.8;0.71;0.71;0.71;3.74;0.75;0.0;4667.3;0.0;0.0;0.0;0.0;0.0;0.0;0.0;3.06;0.16;0.08;0.25;0.0
161;2022-12-27 16:15:00;24.2;24.2;23.9;23.9;23.9;0.8;0.8;0.71;0.71;0.71;3.74;0.75;0.0;4723.8;0.0;0.0;0.0;0.0;0.0;0.0;0.0;2.99;0.16;0.06;0.25;0.0
162;2022-12-27 16:30:00;24.2;24.2;23.9;23.9;23.9;0.77;0.77;0.69;0.69;0.69;3.6;0.72;0.0;4780.6;0.0;0.0;0.0;0.0;0.0;0.0;0.0;2.9;0.16;0.05;0.28;0.0
163;2022-12-27 16:45:00;24.2;24.2;23.9;23.9;23.9;0.77;0.77;0.69;0.69;0.69;3.6;0.72;0.0;4790.9;0.0;0.0;0.0;0.0;0.0;0.0;0.0;2.88;0.16;0.03;0.28;0.0
164;2022-12-27 17:00:00;24.1;24.1;23.8;23.8;23.8;0.79;0.79;0.76;0.76;0.76;3.86;0.77;0.0;4808.7;0.0;0.0;0.0;0.0;0.0;0.0;0.0;2.84;0.16;0.01;0.23;0.0
165;2022-12-27 17:15:00;24.1;24.1;23.8;23.8;23.8;0.78;0.78;0.76;0.76;0.76;3.83;0.77;0.0;4805.9;0.0;0.0;0.0;0.0;0.0;0.0;0.0;2.85;0.16;0.03;0.23;0.0
166;2022-12-27 17:30:00;24.0;24.0;23.7;23.7;23.7;0.78;0.78;0.76;0.76;0.76;3.83;0.77;0.0;4811.8;0.0;0.0;0.0;0.0;0.0;0.0;0.0;2.83;0.16;0.06;0.23;0.0
167;2022-12-27 17:45:00;24.0;24.0;23.7;23.7;23.7;0.77;0.77;0.75;0.75;0.75;3.79;0.76;0.0;4821.4;0.0;0.0;0.0;0.0;0.0;0.0;0.0;2.79;0.16;0.08;0.24;0.0
168;2022-12-27 18:00:00;24.0;24.0;23.7;23.7;23.7;0.77;0.77;0.75;0.75;0.75;3.79;0.76;0.0;4825.2;0.0;0.0;0.0;0.0;0.0;0.0;0.0;2.77;0.16;0.09;0.24;0.0
169;2022-12-27 18:15:00;23.9;23.9;23.6;23.6;23.6;0.77;0.77;0.75;0.75;0.75;3.79;0.76;0.0;4824.8;0.0;0.0;0.0;0.0;0.0;0.0;0.0;2.78;0.15;0.11;0.24;0.0
170;2022-12-27 18:30:00;23.9;23.9;23.6;23.6;23.6;0.76;0.76;0.74;0.74;0.74;3.76;0.75;0.0;4830.1;0.0;0.0;0.0;0.0;0.0;0.0;0.0;2.73;0.15;0.14;0.25;0.0
171;2022-12-27 18:45:00;23.9;23.9;23.6;23.6;23.6;0.76;0.76;0.74;0.74;0.74;3.76;0.75;0.0;4828.4;0.0;0.0;0.0;0.0;0.0;0.0;0.0;2.69;0.15;0.16;0.25;0.0
172;2022-12-27 19:00:00;23.8;23.8;23.5;23.5;23.5;0.76;0.76;0.74;0.74;0.74;3.76;0.75;0.0;4828.4;0.0;0.0;0.0;0.0;0.0;0.0;0.0;2.69;0.15;0.18;0.25;0.0
173;2022-12-27 19:15:00;23.8;23.8;23.5;23.5;23.5;0.76;0.76;0.74;0.74;0.74;3.72;0.74;0.0;4828.5;0.0;0.0;0.0;0.0;0.0;0.0;0.0;2.69;0.14;0.24;0.26;0.0
174;2022-12-27 19:30:00;23.7;23.7;23.4;23.4;23.4;0.76;0.76;0.74;0.74;0.74;3.72;0.74;0.0;4829.1;0.0;0.0;0.0;0.0;0.0;0.0;0.0;2.69;0.14;0.28;0.26;0.0
175;2022-12-27 19:45:00;23.7;23.7;23.4;23.4;23.4;0.75;0.75;0.73;0.73;0.73;3.69;0.74;0.0;4827.2;0.0;0.0;0.0;0.0;0.0;0.0;0.0;2.68;0.13;0.3;0.26;0.0
176;2022-12-27 20:00:00;23.7;23.7;23.4;23.4;23.4;0.75;0.75;0.73;0.73;0.73;3.69;0.74;0.0;4821.8;0.0;0.0;0.0;0.0;0.0;0.0;0.0;2.65;0.13;0.33;0.26;0.0
177;2022-12-27 20:15:00;23.6;23.6;23.3;23.3;23.3;0.75;0.75;0.73;0.73;0.73;3.69;0.74;0.0;4822.2;0.0;0.0;0.0;0.0;0.0;0.0;0.0;2.65;0.12;0.35;0.26;0.0
178;2022-12-27 20:30:00;23.6;23.6;23.3;23.3;23.3;0.74;0.74;0.72;0.72;0.72;3.65;0.73;0.0;4824.9;0.0;0.0;0.0;0.0;0.0;0.0;0.0;2.66;0.12;0.39;0.27;0.0
179;2022-12-27 20:45:00;23.6;23.6;23.3;23.3;23.3;0.74;0.74;0.72;0.72;0.72;3.65;0.73;0.0;4827.0;0.0;0.0;0.0;0.0;0.0;0.0;0.0;2.68;0.11;0.41;0.27;0.0
180;2022-12-27 21:00:00;23.5;23.5;23.2;23.2;23.2;0.74;0.74;0.72;0.72;0.72;3.65;0.73;0.0;4821.6;0.0;0.0;0.0;0.0;0.0;0.0;0.0;2.65;0.11;0.47;0.27;0.0
181;2022-12-27 21:15:00;23.7;23.7;23.5;23.5;23.5;0.74;0.74;0.71;0.71;0.71;3.61;0.72;0.0;4813.4;1203.4;0.03;628.4;628.4;633.1;633.1;633.1;2.62;0.1;0.5;0.28;0.25
182;2022-12-27 21:30:00;24.0;24.0;23.7;23.7;23.7;0.75;0.75;0.74;0.74;0.74;3.71;0.74;0.0;4813.9;1791.2;0.04;937.4;937.4;941.9;941.9;941.9;2.62;0.1;0.61;0.26;0.37
183;2022-12-27 21:45:00;23.8;23.8;23.5;23.5;23.5;0.77;0.77;0.75;0.75;0.75;3.79;0.76;0.0;4810.0;0.0;0.0;0.0;0.0;0.0;0.0;0.0;2.61;0.09;0.64;0.24;0.0
184;2022-12-27 22:00:00;23.7;23.7;23.4;23.4;23.4;0.76;0.76;0.74;0.74;0.74;3.72;0.74;0.0;4799.9;0.0;0.0;0.0;0.0;0.0;0.0;0.0;2.59;0.09;0.67;0.26;0.0
185;2022-12-27 22:15:00;24.1;24.1;23.8;23.8;23.8;0.75;0.75;0.73;0.73;0.73;3.69;0.74;0.0;4802.8;2286.6;0.04;1182.5;1182.5;1191.1;1191.1;1191.1;2.6;0.07;0.69;0.26;0.48
186;2022-12-27 22:30:00;24.1;24.1;23.8;23.8;23.8;0.78;0.78;0.76;0.76;0.76;3.83;0.77;0.0;4801.1;1200.3;0.02;620.0;620.0;624.3;624.3;624.3;2.59;0.06;0.71;0.23;0.25
187;2022-12-27 22:45:00;23.9;23.9;23.6;23.6;23.6;0.78;0.78;0.76;0.76;0.76;3.83;0.77;0.0;4797.1;0.0;0.0;0.0;0.0;0.0;0.0;0.0;2.59;0.05;0.73;0.23;0.0
188;2022-12-27 23:00:00;23.7;23.7;23.5;23.5;23.5;0.76;0.76;0.74;0.74;0.74;3.76;0.75;0.0;4795.3;0.0;0.0;0.0;0.0;0.0;0.0;0.0;2.58;0.04;0.75;0.25;0.0
189;2022-12-27 23:15:00;24.3;24.3;24.0;24.0;24.0;0.75;0.75;0.74;0.74;0.74;3.71;0.74;0.0;4801.6;2773.4;0.03;1435.1;1435.1;1442.0;1442.0;1442.0;2.59;0.04;0.76;0.26;0.58
190;2022-12-27 23:30:00;24.3;24.3;24.0;24.0;24.0;0.79;0.79;0.77;0.77;0.77;3.9;0.78;0.0;4820.4;1205.1;0.01;634.8;634.8;639.2;639.2;639.2;2.64;0.04;0.77;0.22;0.25
191;2022-12-27 23:45:00;24.0;24.0;23.7;23.7;23.7;0.79;0.79;0.77;0.77;0.77;3.9;0.78;0.0;4822.5;0.0;0.0;0.0;0.0;0.0;0.0;0.0;2.65;0.03;0.78;0.22;0.0
192;2022-12-28 00:00:00;23.9;23.9;23.6;23.6;23.6;0.77;0.77;0.75;0.75;0.75;3.79;0.76;0.0;4817.2;0.0;0.0;0.0;0.0;0.0;0.0;0.0;2.63;0.03;0.64;0.24;0.0
193;2022-12-28 00:15:00;23.8;23.8;23.5;23.5;23.5;0.76;0.76;0.74;0.74;0.74;3.76;0.75;0.0;4821.1;0.0;0.0;0.0;0.0;0.0;0.0;0.0;2.65;0.03;0.69;0.25;0.0
194;2022-12-28 00:30:00;24.3;24.3;24.0;24.0;24.0;0.76;0.76;0.74;0.74;0.74;3.72;0.74;0.0;4818.6;2567.8;0.01;1349.2;1349.2;1359.0;1359.0;1359.0;2.64;0.02;0.73;0.26;0.53
195;2022-12-28 00:45:00;24.3;24.3;24.0;24.0;24.0;0.79;0.79;0.77;0.77;0.77;3.9;0.78;0.0;4818.5;1204.6;0.0;633.0;633.0;637.3;637.3;637.3;2.64;0.02;0.77;0.22;0.25
196;2022-12-28 01:00:00;24.1;24.1;23.8;23.8;23.8;0.79;0.79;0.77;0.77;0.77;3.9;0.78;0.0;4819.1;0.0;0.0;0.0;0.0;0.0;0.0;0.0;2.64;0.01;0.8;0.22;0.0
197;2022-12-28 01:15:00;23.9;23.9;23.6;23.6;23.6;0.78;0.78;0.76;0.76;0.76;3.83;0.77;0.0;4816.4;0.0;0.0;0.0;0.0;0.0;0.0;0.0;2.63;0.01;0.82;0.23;0.0
198;2022-12-28 01:30:00;23.8;23.8;23.5;23.5;23.5;0.76;0.76;0.74;0.74;0.74;3.76;0.75;0.0;4816.8;0.0;0.0;0.0;0.0;0.0;0.0;0.0;2.63;0.01;0.85;0.25;0.0
199;2022-12-28 01:45:00;24.5;24.5;24.3;24.3;24.3;0.76;0.76;0.74;0.74;0.74;3.72;0.74;0.0;4818.5;3563.8;0.0;1872.2;1872.2;1885.8;1885.8;1885.8;2.64;0.0;0.86;0.26;0.74
200;2022-12-28 02:00:00;24.5;24.5;24.2;24.2;24.2;0.81;0.81;0.79;0.79;0.79;3.99;0.8;0.0;4822.5;1205.6;0.0;638.0;638.0;640.8;640.8;640.8;2.65;0.0;0.96;0.2;0.25
201;2022-12-28 02:15:00;24.2;24.2;23.9;23.9;23.9;0.81;0.81;0.79;0.79;0.79;3.97;0.79;0.0;4825.7;0.0;0.0;0.0;0.0;0.0;0.0;0.0;2.67;0.0;0.96;0.21;0.0
202;2022-12-28 02:30:00;24.1;24.1;23.8;23.8;23.8;0.79;0.79;0.76;0.76;0.76;3.86;0.77;0.0;4829.7;0.0;0.0;0.0;0.0;0.0;0.0;0.0;2.7;0.0;0.96;0.23;0.0
203;2022-12-28 02:45:00;23.9;23.9;23.7;23.7;23.7;0.78;0.78;0.76;0.76;0.76;3.83;0.77;0.0;4830.1;0.0;0.0;0.0;0.0;0.0;0.0;0.0;2.72;0.0;0.96;0.23;0.0
204;2022-12-28 03:00:00;23.9;23.9;23.6;23.6;23.6;0.76;0.76;0.75;0.75;0.75;3.78;0.76;0.0;4830.1;0.0;0.0;0.0;0.0;0.0;0.0;0.0;2.72;0.0;0.96;0.24;0.0
205;2022-12-28 03:15:00;23.8;23.8;23.5;23.5;23.5;0.76;0.76;0.74;0.74;0.74;3.76;0.75;0.0;4830.1;0.0;0.0;0.0;0.0;0.0;0.0;0.0;2.72;0.0;0.96;0.25;0.0
206;2022-12-28 03:30:00;24.8;24.8;24.5;24.5;24.5;0.76;0.76;0.74;0.74;0.74;3.72;0.74;0.0;4830.1;4451.4;0.0;2409.3;2409.3;2426.7;2426.7;2426.7;2.72;0.0;0.96;0.26;0.92
207;2022-12-28 03:45:00;24.7;24.7;24.4;24.4;24.4;0.83;0.83;0.81;0.81;0.81;4.08;0.82;0.0;4827.6;1206.9;0.0;663.2;663.2;667.6;667.6;667.6;2.76;0.0;0.96;0.18;0.25
208;2022-12-28 04:00:00;24.4;24.4;24.1;24.1;24.1;0.82;0.82;0.8;0.8;0.8;4.04;0.81;0.0;4824.1;0.0;0.0;0.0;0.0;0.0;0.0;0.0;2.78;0.0;0.96;0.19;0.0
209;2022-12-28 04:15:00;24.2;24.2;23.9;23.9;23.9;0.8;0.8;0.78;0.78;0.78;3.94;0.79;0.0;4823.8;0.0;0.0;0.0;0.0;0.0;0.0;0.0;2.78;0.0;0.85;0.21;0.0
210;2022-12-28 04:30:00;24.1;24.1;23.8;23.8;23.8;0.79;0.79;0.76;0.76;0.76;3.86;0.77;0.0;4805.3;0.0;0.0;0.0;0.0;0.0;0.0;0.0;2.85;0.01;0.82;0.23;0.0
211;2022-12-28 04:45:00;24.0;24.0;23.8;23.8;23.8;0.78;0.78;0.76;0.76;0.76;3.83;0.77;0.0;4774.3;0.0;0.0;0.0;0.0;0.0;0.0;0.0;2.92;0.01;0.78;0.23;0.0
212;2022-12-28 05:00:00;24.0;24.0;23.7;23.7;23.7;0.77;0.77;0.76;0.76;0.76;3.81;0.76;0.0;4748.3;0.0;0.0;0.0;0.0;0.0;0.0;0.0;2.96;0.02;0.76;0.24;0.0
213;2022-12-28 05:15:00;23.9;23.9;23.7;23.7;23.7;0.77;0.77;0.75;0.75;0.75;3.79;0.76;0.0;4709.7;0.0;0.0;0.0;0.0;0.0;0.0;0.0;3.01;0.02;0.74;0.24;0.0
214;2022-12-28 05:30:00;23.9;23.9;23.6;23.6;23.6;0.76;0.76;0.75;0.75;0.75;3.78;0.76;0.0;4668.9;0.0;0.0;0.0;0.0;0.0;0.0;0.0;3.05;0.02;0.71;0.24;0.0
215;2022-12-28 05:45:00;23.9;23.9;23.6;23.6;23.6;0.76;0.76;0.74;0.74;0.74;3.76;0.75;0.0;4654.1;0.0;0.0;0.0;0.0;0.0;0.0;0.0;3.07;0.03;0.69;0.25;0.0
216;2022-12-28 06:00:00;24.5;24.5;24.1;24.1;24.1;0.16;0.16;0.54;0.54;0.54;1.96;0.39;0.0;4635.2;2019.1;0.02;1427.3;1427.3;1125.9;1125.9;1125.9;3.09;0.03;0.66;0.61;0.44
217;2022-12-28 06:15:00;24.8;24.8;24.3;24.3;24.3;0.21;0.21;0.58;0.58;0.58;2.15;0.43;0.0;4618.2;1775.2;0.02;1243.9;1243.9;1006.1;1006.1;1006.1;3.1;0.03;0.62;0.57;0.38
218;2022-12-28 06:30:00;25.0;25.0;24.5;24.5;24.5;0.23;0.23;0.59;0.59;0.59;2.24;0.45;0.0;4593.7;1653.7;0.02;1158.7;1158.7;948.4;948.4;948.4;3.12;0.04;0.6;0.55;0.36
219;2022-12-28 06:45:00;25.1;25.1;24.6;24.6;24.6;0.24;0.24;0.61;0.61;0.61;2.31;0.46;0.0;4585.6;1542.6;0.02;1079.4;1079.4;889.0;889.0;889.0;3.13;0.04;0.58;0.54;0.34
220;2022-12-28 07:00:00;25.2;25.2;24.6;24.6;24.6;0.25;0.25;0.61;0.61;0.61;2.34;0.47;0.0;4598.1;1442.0;0.02;1004.2;1004.2;829.4;829.4;829.4;3.12;0.04;0.56;0.53;0.31
221;2022-12-28 07:15:00;25.2;25.2;24.7;24.7;24.7;0.26;0.26;0.61;0.61;0.61;2.36;0.47;0.0;4608.6;1246.2;0.02;863.1;863.1;716.3;716.3;716.3;3.11;0.05;0.52;0.53;0.27
222;2022-12-28 07:30:00;24.9;24.9;24.4;24.4;24.4;0.26;0.26;0.62;0.62;0.62;2.38;0.48;0.0;4613.4;0.0;0.0;0.0;0.0;0.0;0.0;0.0;3.11;0.05;0.45;0.52;0.0
223;2022-12-28 07:45:00;24.7;24.7;24.2;24.2;24.2;0.24;0.24;0.6;0.6;0.6;2.27;0.45;0.0;4609.8;0.0;0.0;0.0;0.0;0.0;0.0;0.0;3.11;0.06;0.39;0.55;0.0
224;2022-12-28 08:00:00;24.6;24.6;24.1;24.1;24.1;0.91;0.91;0.77;0.77;0.77;4.14;0.83;0.0;4594.4;0.0;0.0;0.0;0.0;0.0;0.0;0.0;3.12;0.06;0.32;0.17;0.0
225;2022-12-28 08:15:00;24.5;24.5;24.1;24.1;24.1;0.89;0.89;0.74;0.74;0.74;4.0;0.8;0.0;4573.5;0.0;0.0;0.0;0.0;0.0;0.0;0.0;3.14;0.06;0.3;0.2;0.0
226;2022-12-28 08:30:00;24.4;24.4;24.0;24.0;24.0;0.86;0.86;0.74;0.74;0.74;3.94;0.79;0.0;4538.5;0.0;0.0;0.0;0.0;0.0;0.0;0.0;3.17;0.07;0.28;0.21;0.0
227;2022-12-28 08:45:00;24.4;24.4;24.0;24.0;24.0;0.83;0.83;0.71;0.71;0.71;3.8;0.76;0.0;4511.0;0.0;0.0;0.0;0.0;0.0;0.0;0.0;3.19;0.07;0.26;0.24;0.0
228;2022-12-28 09:00:00;24.4;24.4;24.0;24.0;24.0;0.83;0.83;0.71;0.71;0.71;3.8;0.76;0.0;4493.0;0.0;0.0;0.0;0.0;0.0;0.0;0.0;3.2;0.07;0.24;0.24;0.0
229;2022-12-28 09:15:00;24.4;24.4;24.0;24.0;24.0;0.83;0.83;0.71;0.71;0.71;3.8;0.76;0.0;4480.9;0.0;0.0;0.0;0.0;0.0;0.0;0.0;3.21;0.07;0.27;0.24;0.0
230;2022-12-28 09:30:00;24.4;24.4;24.0;24.0;24.0;0.83;0.83;0.71;0.71;0.71;3.8;0.76;0.0;4466.1;0.0;0.0;0.0;0.0;0.0;0.0;0.0;3.23;0.06;0.32;0.24;0.0
231;2022-12-28 09:45:00;24.4;24.4;24.0;24.0;24.0;0.83;0.83;0.71;0.71;0.71;3.8;0.76;0.0;4447.4;0.0;0.0;0.0;0.0;0.0;0.0;0.0;3.25;0.06;0.33;0.24;0.0
232;2022-12-28 10:00:00;24.4;24.4;23.9;23.9;23.9;0.83;0.83;0.71;0.71;0.71;3.8;0.76;0.0;4437.0;0.0;0.0;0.0;0.0;0.0;0.0;0.0;3.26;0.06;0.36;0.24;0.0
233;2022-12-28 10:15:00;24.4;24.4;23.9;23.9;23.9;0.83;0.83;0.69;0.69;0.69;3.71;0.74;0.0;4426.1;0.0;0.0;0.0;0.0;0.0;0.0;0.0;3.27;0.06;0.39;0.26;0.0
234;2022-12-28 10:30:00;24.4;24.4;24.0;24.0;24.0;0.83;0.83;0.69;0.69;0.69;3.71;0.74;0.0;4413.8;0.0;0.0;0.0;0.0;0.0;0.0;0.0;3.3;0.06;0.41;0.26;0.0
235;2022-12-28 10:45:00;24.4;24.4;24.0;24.0;24.0;0.83;0.83;0.71;0.71;0.71;3.8;0.76;0.0;4403.7;0.0;0.0;0.0;0.0;0.0;0.0;0.0;3.32;0.05;0.44;0.24;0.0
236;2022-12-28 11:00:00;24.4;24.4;24.0;24.0;24.0;0.83;0.83;0.71;0.71;0.71;3.8;0.76;0.0;4399.7;0.0;0.0;0.0;0.0;0.0;0.0;0.0;3.34;0.05;0.46;0.24;0.0
237;2022-12-28 11:15:00;24.4;24.4;24.0;24.0;24.0;0.83;0.83;0.71;0.71;0.71;3.8;0.76;0.0;4399.5;0.0;0.0;0.0;0.0;0.0;0.0;0.0;3.34;0.05;0.48;0.24;0.0
238;2022-12-28 11:30:00;24.4;24.4;24.0;24.0;24.0;0.83;0.83;0.71;0.71;0.71;3.8;0.76;0.0;4399.1;0.0;0.0;0.0;0.0;0.0;0.0;0.0;3.36;0.05;0.5;0.24;0.0
239;2022-12-28 11:45:00;24.4;24.4;24.0;24.0;24.0;0.83;0.83;0.71;0.71;0.71;3.8;0.76;0.0;4405.1;0.0;0.0;0.0;0.0;0.0;0.0;0.0;3.41;0.05;0.52;0.24;0.0
240;2022-12-28 12:00:00;24.5;24.5;24.1;24.1;24.1;0.83;0.83;0.71;0.71;0.71;3.8;0.76;0.0;4412.9;0.0;0.0;0.0;0.0;0.0;0.0;0.0;3.45;0.05;0.54;0.24;0.0
241;2022-12-28 12:15:00;24.5;24.5;24.1;24.1;24.1;0.86;0.86;0.74;0.74;0.74;3.94;0.79;0.0;4414.2;0.0;0.0;0.0;0.0;0.0;0.0;0.0;3.46;0.05;0.45;0.21;0.0
242;2022-12-28 12:30:00;24.4;24.4;24.1;24.1;24.1;0.86;0.86;0.74;0.74;0.74;3.94;0.79;0.0;4410.5;0.0;0.0;0.0;0.0;0.0;0.0;0.0;3.44;0.06;0.38;0.21;0.0
243;2022-12-28 12:45:00;24.4;24.4;24.0;24.0;24.0;0.83;0.83;0.74;0.74;0.74;3.89;0.78;0.0;4411.2;0.0;0.0;0.0;0.0;0.0;0.0;0.0;3.44;0.07;0.3;0.22;0.0
244;2022-12-28 13:00:00;24.4;24.4;24.0;24.0;24.0;0.83;0.83;0.71;0.71;0.71;3.8;0.76;0.0;4410.5;0.0;0.0;0.0;0.0;0.0;0.0;0.0;3.44;0.07;0.22;0.24;0.0
245;2022-12-28 13:15:00;24.4;24.4;24.0;24.0;24.0;0.83;0.83;0.71;0.71;0.71;3.8;0.76;0.0;4410.5;0.0;0.0;0.0;0.0;0.0;0.0;0.0;3.44;0.07;0.22;0.24;0.0
246;2022-12-28 13:30:00;24.4;24.4;24.0;24.0;24.0;0.83;0.83;0.71;0.71;0.71;3.8;0.76;0.0;4410.2;0.0;0.0;0.0;0.0;0.0;0.0;0.0;3.44;0.07;0.22;0.24;0.0
247;2022-12-28 13:45:00;24.3;24.3;23.9;23.9;23.9;0.83;0.83;0.71;0.71;0.71;3.8;0.76;0.0;4408.9;0.0;0.0;0.0;0.0;0.0;0.0;0.0;3.43;0.07;0.22;0.24;0.0
248;2022-12-28 14:00:00;24.3;24.3;23.9;23.9;23.9;0.8;0.8;0.69;0.69;0.69;3.66;0.73;0.0;4409.3;0.0;0.0;0.0;0.0;0.0;0.0;0.0;3.43;0.07;0.22;0.27;0.0
249;2022-12-28 14:15:00;24.3;24.3;23.9;23.9;23.9;0.8;0.8;0.69;0.69;0.69;3.66;0.73;0.0;4412.3;0.0;0.0;0.0;0.0;0.0;0.0;0.0;3.45;0.07;0.16;0.27;0.0
250;2022-12-28 14:30:00;24.3;24.3;23.9;23.9;23.9;0.8;0.8;0.69;0.69;0.69;3.66;0.73;0.0;4416.1;0.0;0.0;0.0;0.0;0.0;0.0;0.0;3.48;0.08;0.14;0.27;0.0
251;2022-12-28 14:45:00;24.3;24.3;23.9;23.9;23.9;0.8;0.8;0.69;0.69;0.69;3.66;0.73;0.0;4417.0;0.0;0.0;0.0;0.0;0.0;0.0;0.0;3.5;0.08;0.11;0.27;0.0
252;2022-12-28 15:00:00;24.3;24.3;23.9;23.9;23.9;0.8;0.8;0.69;0.69;0.69;3.66;0.73;0.0;4416.5;0.0;0.0;0.0;0.0;0.0;0.0;0.0;3.49;0.09;0.09;0.27;0.0
253;2022-12-28 15:15:00;24.2;24.2;23.8;23.8;23.8;0.8;0.8;0.69;0.69;0.69;3.66;0.73;0.0;4415.0;0.0;0.0;0.0;0.0;0.0;0.0;0.0;3.47;0.09;0.09;0.27;0.0
254;2022-12-28 15:30:00;24.2;24.2;23.8;23.8;23.8;0.77;0.77;0.66;0.66;0.66;3.51;0.7;0.0;4412.8;0.0;0.0;0.0;0.0;0.0;0.0;0.0;3.45;0.09;0.08;0.3;0.0
255;2022-12-28 15:45:00;24.2;24.2;23.8;23.8;23.8;0.77;0.77;0.66;0.66;0.66;3.51;0.7;0.0;4408.0;0.0;0.0;0.0;0.0;0.0;0.0;0.0;3.43;0.09;0.06;0.3;0.0
256;2022-12-28 16:00:00;24.1;24.1;23.8;23.8;23.8;0.77;0.77;0.66;0.66;0.66;3.51;0.7;0.0;4404.2;0.0;0.0;0.0;0.0;0.0;0.0;0.0;3.41;0.09;0.03;0.3;0.0
257;2022-12-28 16:15:00;24.1;24.1;23.7;23.7;23.7;0.74;0.74;0.66;0.66;0.66;3.46;0.69;0.0;4402.9;0.0;0.0;0.0;0.0;0.0;0.0;0.0;3.4;0.09;0.04;0.31;0.0
258;2022-12-28 16:30:00;24.1;24.1;23.7;23.7;23.7;0.74;0.74;0.63;0.63;0.63;3.37;0.67;0.0;4402.0;0.0;0.0;0.0;0.0;0.0;0.0;0.0;3.39;0.09;0.06;0.33;0.0
259;2022-12-28 16:45:00;24.1;24.1;23.7;23.7;23.7;0.74;0.74;0.63;0.63;0.63;3.37;0.67;0.0;4402.1;0.0;0.0;0.0;0.0;0.0;0.0;0.0;3.39;0.09;0.07;0.33;0.0
260;2022-12-28 17:00:00;24.0;24.0;23.7;23.7;23.7;0.78;0.78;0.75;0.75;0.75;3.81;0.76;0.0;4401.9;0.0;0.0;0.0;0.0;0.0;0.0;0.0;3.39;0.09;0.08;0.24;0.0
261;2022-12-28 17:15:00;24.0;24.0;23.6;23.6;23.6;0.77;0.77;0.75;0.75;0.75;3.79;0.76;0.0;4401.2;0.0;0.0;0.0;0.0;0.0;0.0;0.0;3.39;0.08;0.1;0.24;0.0
262;2022-12-28 17:30:00;24.0;24.0;23.6;23.6;23.6;0.77;0.77;0.74;0.74;0.74;3.77;0.75;0.0;4400.9;0.0;0.0;0.0;0.0;0.0;0.0;0.0;3.38;0.08;0.12;0.25;0.0
263;2022-12-28 17:45:00;24.0;24.0;23.6;23.6;23.6;0.77;0.77;0.74;0.74;0.74;3.77;0.75;0.0;4400.8;0.0;0.0;0.0;0.0;0.0;0.0;0.0;3.38;0.08;0.16;0.25;0.0
264;2022-12-28 18:00:00;23.9;23.9;23.6;23.6;23.6;0.77;0.77;0.74;0.74;0.74;3.77;0.75;0.0;4400.9;0.0;0.0;0.0;0.0;0.0;0.0;0.0;3.38;0.07;0.22;0.25;0.0
265;2022-12-28 18:15:00;23.9;23.9;23.5;23.5;23.5;0.76;0.76;0.74;0.74;0.74;3.76;0.75;0.0;4399.9;0.0;0.0;0.0;0.0;0.0;0.0;0.0;3.37;0.07;0.25;0.25;0.0
266;2022-12-28 18:30:00;23.9;23.9;23.5;23.5;23.5;0.76;0.76;0.74;0.74;0.74;3.74;0.75;0.0;4402.6;0.0;0.0;0.0;0.0;0.0;0.0;0.0;3.4;0.06;0.32;0.25;0.0
267;2022-12-28 18:45:00;23.9;23.9;23.5;23.5;23.5;0.76;0.76;0.74;0.74;0.74;3.74;0.75;0.0;4404.8;0.0;0.0;0.0;0.0;0.0;0.0;0.0;3.41;0.06;0.38;0.25;0.0
268;2022-12-28 19:00:00;23.9;23.9;23.5;23.5;23.5;0.76;0.76;0.74;0.74;0.74;3.74;0.75;0.0;4406.6;0.0;0.0;0.0;0.0;0.0;0.0;0.0;3.42;0.06;0.41;0.25;0.0
269;2022-12-28 19:15:00;23.8;23.8;23.5;23.5;23.5;0.76;0.76;0.74;0.74;0.74;3.74;0.75;0.0;4408.9;0.0;0.0;0.0;0.0;0.0;0.0;0.0;3.43;0.05;0.46;0.25;0.0
270;2022-12-28 19:30:00;23.8;23.8;23.4;23.4;23.4;0.76;0.76;0.74;0.74;0.74;3.72;0.74;0.0;4413.2;0.0;0.0;0.0;0.0;0.0;0.0;0.0;3.46;0.05;0.48;0.26;0.0
271;2022-12-28 19:45:00;24.2;24.2;23.8;23.8;23.8;0.76;0.76;0.73;0.73;0.73;3.7;0.74;0.0;4416.9;1194.3;0.01;830.3;830.3;838.4;838.4;838.4;3.5;0.05;0.52;0.26;0.27
272;2022-12-28 20:00:00;24.4;24.4;24.0;24.0;24.0;0.79;0.79;0.76;0.76;0.76;3.84;0.77;0.0;4411.9;1103.0;0.01;777.3;777.3;784.5;784.5;784.5;3.54;0.05;0.54;0.23;0.25
273;2022-12-28 20:15:00;24.2;24.2;23.8;23.8;23.8;0.8;0.8;0.77;0.77;0.77;3.91;0.78;0.0;4406.1;0.0;0.0;0.0;0.0;0.0;0.0;0.0;3.56;0.04;0.56;0.22;0.0
274;2022-12-28 20:30:00;24.1;24.1;23.7;23.7;23.7;0.79;0.79;0.76;0.76;0.76;3.84;0.77;0.0;4395.7;0.0;0.0;0.0;0.0;0.0;0.0;0.0;3.58;0.04;0.58;0.23;0.0
275;2022-12-28 20:45:00;24.0;24.0;23.6;23.6;23.6;0.78;0.78;0.75;0.75;0.75;3.81;0.76;0.0;4396.9;0.0;0.0;0.0;0.0;0.0;0.0;0.0;3.58;0.04;0.6;0.24;0.0
276;2022-12-28 21:00:00;24.0;24.0;23.6;23.6;23.6;0.77;0.77;0.74;0.74;0.74;3.77;0.75;0.0;4396.1;0.0;0.0;0.0;0.0;0.0;0.0;0.0;3.58;0.04;0.61;0.25;0.0
277;2022-12-28 21:15:00;23.9;23.9;23.5;23.5;23.5;0.77;0.77;0.74;0.74;0.74;3.77;0.75;0.0;4390.6;0.0;0.0;0.0;0.0;0.0;0.0;0.0;3.59;0.03;0.66;0.25;0.0
278;2022-12-28 21:30:00;24.5;24.5;24.2;24.2;24.2;0.76;0.76;0.74;0.74;0.74;3.74;0.75;0.0;4378.6;2084.7;0.01;1497.1;1497.1;1511.5;1511.5;1511.5;3.61;0.03;0.69;0.25;0.48
279;2022-12-28 21:45:00;24.6;24.6;24.3;24.3;24.3;0.81;0.81;0.79;0.79;0.79;3.97;0.79;0.0;4370.7;1092.7;0.01;788.4;788.4;793.7;793.7;793.7;3.62;0.02;0.71;0.21;0.25
280;2022-12-28 22:00:00;24.4;24.4;24.0;24.0;24.0;0.81;0.81;0.79;0.79;0.79;4.01;0.8;0.0;4368.3;0.0;0.0;0.0;0.0;0.0;0.0;0.0;3.63;0.02;0.74;0.2;0.0
281;2022-12-28 22:15:00;24.3;24.3;23.9;23.9;23.9;0.8;0.8;0.77;0.77;0.77;3.91;0.78;0.0;4369.5;0.0;0.0;0.0;0.0;0.0;0.0;0.0;3.62;0.02;0.77;0.22;0.0
282;2022-12-28 22:30:00;24.2;24.2;23.8;23.8;23.8;0.79;0.79;0.76;0.76;0.76;3.88;0.78;0.0;4358.9;0.0;0.0;0.0;0.0;0.0;0.0;0.0;3.64;0.01;0.8;0.22;0.0
283;2022-12-28 22:45:00;24.1;24.1;23.7;23.7;23.7;0.79;0.79;0.76;0.76;0.76;3.84;0.77;0.0;4350.1;0.0;0.0;0.0;0.0;0.0;0.0;0.0;3.65;0.0;0.85;0.23;0.0
284;2022-12-28 23:00:00;24.1;24.1;23.7;23.7;23.7;0.78;0.78;0.75;0.75;0.75;3.81;0.76;0.0;4349.4;0.0;-0.0;0.0;0.0;0.0;0.0;0.0;3.65;-0.0;1.0;0.24;0.0
285;2022-12-28 23:15:00;24.0;24.0;23.7;23.7;23.7;0.78;0.78;0.75;0.75;0.75;3.81;0.76;0.0;4356.3;0.0;-0.0;0.0;0.0;0.0;0.0;0.0;3.64;-0.0;1.0;0.24;0.0
286;2022-12-28 23:30:00;24.0;24.0;23.7;23.7;23.7;0.77;0.77;0.75;0.75;0.75;3.79;0.76;0.0;4368.3;0.0;-0.0;0.0;0.0;0.0;0.0;0.0;3.63;-0.0;1.0;0.24;0.0
287;2022-12-28 23:45:00;24.0;24.0;23.6;23.6;23.6;0.77;0.77;0.75;0.75;0.75;3.79;0.76;0.0;4377.0;0.0;-0.0;0.0;0.0;0.0;0.0;0.0;3.61;-0.0;1.0;0.24;0.0
288;2022-12-29 00:00:00;24.0;24.0;23.6;23.6;23.6;0.77;0.77;0.74;0.74;0.74;3.77;0.75;0.0;4383.3;0.0;-0.0;0.0;0.0;0.0;0.0;0.0;3.6;-0.0;0.96;0.25;0.0
289;2022-12-29 00:15:00;24.0;24.0;23.6;23.6;23.6;0.77;0.77;0.74;0.74;0.74;3.77;0.75;0.0;4381.3;0.0;-0.0;0.0;0.0;0.0;0.0;0.0;3.61;-0.0;0.96;0.25;0.0
290;2022-12-29 00:30:00;23.9;23.9;23.6;23.6;23.6;0.77;0.77;0.74;0.74;0.74;3.77;0.75;0.0;4377.0;0.0;-0.0;0.0;0.0;0.0;0.0;0.0;3.61;-0.0;0.96;0.25;0.0
291;2022-12-29 00:45:00;23.9;23.9;23.6;23.6;23.6;0.76;0.76;0.74;0.74;0.74;3.76;0.75;0.0;4373.1;0.0;-0.0;0.0;0.0;0.0;0.0;0.0;3.62;-0.0;0.97;0.25;0.0
292;2022-12-29 01:00:00;23.9;23.9;23.5;23.5;23.5;0.76;0.76;0.74;0.74;0.74;3.76;0.75;0.0;4369.2;0.0;-0.0;0.0;0.0;0.0;0.0;0.0;3.62;-0.0;0.97;0.25;0.0
293;2022-12-29 01:15:00;25.2;25.2;24.9;24.9;24.9;0.76;0.76;0.74;0.74;0.74;3.74;0.75;0.0;4379.2;4379.2;-0.0;3144.2;3144.2;3174.5;3174.5;3174.5;3.61;-0.0;1.0;0.25;1.0
294;2022-12-29 01:30:00;25.1;25.1;24.8;24.8;24.8;0.86;0.86;0.84;0.84;0.84;4.22;0.84;0.0;4386.3;1096.6;-0.0;786.5;786.5;791.5;791.5;791.5;3.6;-0.0;1.0;0.16;0.25
295;2022-12-29 01:45:00;24.8;24.8;24.4;24.4;24.4;0.85;0.85;0.83;0.83;0.83;4.19;0.84;0.0;4383.9;0.0;-0.0;0.0;0.0;0.0;0.0;0.0;3.6;-0.0;1.0;0.16;0.0
296;2022-12-29 02:00:00;24.5;24.5;24.2;24.2;24.2;0.83;0.83;0.8;0.8;0.8;4.06;0.81;0.0;4383.3;0.0;-0.0;0.0;0.0;0.0;0.0;0.0;3.6;-0.0;1.0;0.19;0.0
297;2022-12-29 02:15:00;24.4;24.4;24.1;24.1;24.1;0.81;0.81;0.79;0.79;0.79;3.97;0.79;0.0;4389.2;0.0;-0.0;0.0;0.0;0.0;0.0;0.0;3.6;-0.0;1.0;0.21;0.0
298;2022-12-29 02:30:00;24.3;24.3;24.0;24.0;24.0;0.8;0.8;0.78;0.78;0.78;3.94;0.79;0.0;4393.2;0.0;-0.0;0.0;0.0;0.0;0.0;0.0;3.59;-0.0;1.0;0.21;0.0
299;2022-12-29 02:45:00;24.3;24.3;23.9;23.9;23.9;0.79;0.79;0.77;0.77;0.77;3.9;0.78;0.0;4389.2;0.0;-0.0;0.0;0.0;0.0;0.0;0.0;3.6;-0.0;1.0;0.22;0.0
300;2022-12-29 03:00:00;24.2;24.2;23.9;23.9;23.9;0.79;0.79;0.76;0.76;0.76;3.88;0.78;0.0;4396.9;0.0;-0.0;0.0;0.0;0.0;0.0;0.0;3.58;-0.0;1.0;0.22;0.0
301;2022-12-29 03:15:00;24.2;24.2;23.9;23.9;23.9;0.79;0.79;0.76;0.76;0.76;3.86;0.77;0.0;4412.9;0.0;-0.0;0.0;0.0;0.0;0.0;0.0;3.54;-0.0;1.0;0.23;0.0
302;2022-12-29 03:30:00;24.2;24.2;23.8;23.8;23.8;0.79;0.79;0.76;0.76;0.76;3.86;0.77;0.0;4411.5;0.0;-0.0;0.0;0.0;0.0;0.0;0.0;3.54;-0.0;1.0;0.23;0.0
303;2022-12-29 03:45:00;24.2;24.2;23.8;23.8;23.8;0.79;0.79;0.76;0.76;0.76;3.84;0.77;0.0;4395.3;0.0;-0.0;0.0;0.0;0.0;0.0;0.0;3.58;-0.0;1.0;0.23;0.0
304;2022-12-29 04:00:00;24.1;24.1;23.8;23.8;23.8;0.79;0.79;0.76;0.76;0.76;3.84;0.77;0.0;4392.3;0.0;-0.0;0.0;0.0;0.0;0.0;0.0;3.59;-0.0;0.95;0.23;0.0
305;2022-12-29 04:15:00;24.1;24.1;23.8;23.8;23.8;0.78;0.78;0.76;0.76;0.76;3.83;0.77;0.0;4400.7;0.0;-0.0;0.0;0.0;0.0;0.0;0.0;3.57;-0.0;0.93;0.23;0.0
306;2022-12-29 04:30:00;24.1;24.1;23.7;23.7;23.7;0.78;0.78;0.76;0.76;0.76;3.83;0.77;0.0;4395.3;0.0;-0.0;0.0;0.0;0.0;0.0;0.0;3.58;-0.0;0.92;0.23;0.0
307;2022-12-29 04:45:00;24.1;24.1;23.7;23.7;23.7;0.78;0.78;0.75;0.75;0.75;3.81;0.76;0.0;4389.2;0.0;-0.0;0.0;0.0;0.0;0.0;0.0;3.6;-0.0;0.9;0.24;0.0
308;2022-12-29 05:00:00;24.1;24.1;23.7;23.7;23.7;0.78;0.78;0.75;0.75;0.75;3.81;0.76;0.0;4382.8;0.0;-0.0;0.0;0.0;0.0;0.0;0.0;3.61;-0.0;0.83;0.24;0.0
309;2022-12-29 05:15:00;24.0;24.0;23.7;23.7;23.7;0.78;0.78;0.75;0.75;0.75;3.81;0.76;0.0;4383.3;0.0;-0.0;0.0;0.0;0.0;0.0;0.0;3.6;-0.0;0.83;0.24;0.0
310;2022-12-29 05:30:00;24.0;24.0;23.7;23.7;23.7;0.77;0.77;0.75;0.75;0.75;3.79;0.76;0.0;4391.9;0.0;0.0;0.0;0.0;0.0;0.0;0.0;3.59;0.0;0.82;0.24;0.0
311;2022-12-29 05:45:00;24.0;24.0;23.7;23.7;23.7;0.77;0.77;0.75;0.75;0.75;3.79;0.76;0.0;4386.8;0.0;0.0;0.0;0.0;0.0;0.0;0.0;3.6;0.0;0.82;0.24;0.0
312;2022-12-29 06:00:00;25.0;25.0;24.5;24.5;24.5;0.17;0.17;0.55;0.55;0.55;1.99;0.4;0.0;4382.3;2946.7;0.0;2428.0;2428.0;1923.4;1923.4;1923.4;3.61;0.0;0.82;0.6;0.67
313;2022-12-29 06:15:00;25.5;25.5;24.9;24.9;24.9;0.24;0.24;0.61;0.61;0.61;2.31;0.46;0.0;4382.3;2399.8;0.0;1935.7;1935.7;1594.1;1594.1;1594.1;3.61;0.0;0.74;0.54;0.55
314;2022-12-29 06:30:00;25.7;25.7;25.0;25.0;25.0;0.28;0.28;0.64;0.64;0.64;2.46;0.49;0.0;4382.8;1851.7;0.0;1480.4;1480.4;1238.5;1238.5;1238.5;3.61;0.0;0.65;0.51;0.42
315;2022-12-29 06:45:00;25.7;25.7;25.0;25.0;25.0;0.29;0.29;0.64;0.64;0.64;2.51;0.5;0.0;4365.9;1369.1;0.0;1097.3;1097.3;924.4;924.4;924.4;3.63;0.01;0.56;0.5;0.31
316;2022-12-29 07:00:00;25.2;25.2;24.7;24.7;24.7;0.29;0.29;0.64;0.64;0.64;2.51;0.5;0.0;4355.6;0.0;0.0;0.0;0.0;0.0;0.0;0.0;3.64;0.01;0.49;0.5;0.0
317;2022-12-29 07:15:00;25.0;25.0;24.5;24.5;24.5;0.26;0.26;0.62;0.62;0.62;2.38;0.48;0.0;4362.8;0.0;0.0;0.0;0.0;0.0;0.0;0.0;3.63;0.01;0.51;0.52;0.0
318;2022-12-29 07:30:00;25.3;25.3;24.7;24.7;24.7;0.24;0.24;0.61;0.61;0.61;2.31;0.46;0.0;4365.3;1272.9;0.0;1033.3;1033.3;851.0;851.0;851.0;3.63;0.01;0.54;0.54;0.29
319;2022-12-29 07:45:00;25.5;25.5;24.9;24.9;24.9;0.26;0.26;0.62;0.62;0.62;2.39;0.48;0.0;4364.0;1368.6;0.0;1105.0;1105.0;919.6;919.6;919.6;3.63;0.01;0.56;0.52;0.31
320;2022-12-29 08:00:00;25.3;25.3;24.7;24.7;24.7;1.0;1.0;0.97;0.97;0.97;4.91;0.98;1.1;4350.1;0.0;0.0;0.0;0.0;0.0;0.0;0.0;3.65;0.01;0.59;0.02;0.0
321;2022-12-29 08:15:00;25.1;25.1;24.5;24.5;24.5;1.0;1.0;0.91;0.91;0.91;4.74;0.95;0.52;4343.0;0.0;0.0;0.0;0.0;0.0;0.0;0.0;3.65;0.01;0.6;0.05;0.0
322;2022-12-29 08:30:00;25.0;25.0;24.5;24.5;24.5;1.0;1.0;0.86;0.86;0.86;4.57;0.91;0.19;4326.2;0.0;0.0;0.0;0.0;0.0;0.0;0.0;3.67;0.01;0.61;0.09;0.0
323;2022-12-29 08:45:00;25.0;25.0;24.4;24.4;24.4;1.0;1.0;0.86;0.86;0.86;4.57;0.91;0.01;4314.8;0.0;0.0;0.0;0.0;0.0;0.0;0.0;3.68;0.01;0.62;0.09;0.0
324;2022-12-29 09:00:00;24.9;24.9;24.4;24.4;24.4;1.0;1.0;0.83;0.83;0.83;4.49;0.9;0.0;4293.9;0.0;0.0;0.0;0.0;0.0;0.0;0.0;3.7;0.01;0.64;0.1;0.0
325;2022-12-29 09:15:00;24.9;24.9;24.4;24.4;24.4;0.97;0.97;0.83;0.83;0.83;4.43;0.89;0.0;4284.7;0.0;0.0;0.0;0.0;0.0;0.0;0.0;3.71;0.0;0.65;0.11;0.0
326;2022-12-29 09:30:00;24.9;24.9;24.4;24.4;24.4;0.97;0.97;0.83;0.83;0.83;4.43;0.89;0.0;4268.6;0.0;0.0;0.0;0.0;0.0;0.0;0.0;3.72;0.0;0.65;0.11;0.0
327;2022-12-29 09:45:00;24.9;24.9;24.4;24.4;24.4;0.97;0.97;0.83;0.83;0.83;4.43;0.89;0.0;4283.8;0.0;0.0;0.0;0.0;0.0;0.0;0.0;3.71;0.0;0.67;0.11;0.0
328;2022-12-29 10:00:00;24.9;24.9;24.4;24.4;24.4;0.97;0.97;0.83;0.83;0.83;4.43;0.89;0.0;4297.5;0.0;0.0;0.0;0.0;0.0;0.0;0.0;3.7;0.0;0.68;0.11;0.0
329;2022-12-29 10:15:00;24.9;24.9;24.3;24.3;24.3;0.97;0.97;0.83;0.83;0.83;4.43;0.89;0.0;4293.0;0.0;0.0;0.0;0.0;0.0;0.0;0.0;3.7;0.0;0.7;0.11;0.0
330;2022-12-29 10:30:00;24.8;24.8;24.3;24.3;24.3;0.97;0.97;0.8;0.8;0.8;4.34;0.87;0.0;4305.4;0.0;0.0;0.0;0.0;0.0;0.0;0.0;3.69;0.0;0.73;0.13;0.0
331;2022-12-29 10:45:00;24.8;24.8;24.3;24.3;24.3;0.94;0.94;0.8;0.8;0.8;4.29;0.86;0.0;4354.2;0.0;0.0;0.0;0.0;0.0;0.0;0.0;3.64;0.0;0.74;0.14;0.0
332;2022-12-29 11:00:00;24.8;24.8;24.3;24.3;24.3;0.94;0.94;0.8;0.8;0.8;4.29;0.86;0.0;4359.6;0.0;0.0;0.0;0.0;0.0;0.0;0.0;3.64;0.0;0.74;0.14;0.0
333;2022-12-29 11:15:00;24.8;24.8;24.3;24.3;24.3;0.94;0.94;0.8;0.8;0.8;4.29;0.86;0.0;4345.9;0.0;0.0;0.0;0.0;0.0;0.0;0.0;3.65;0.0;0.74;0.14;0.0
334;2022-12-29 11:30:00;24.9;24.9;24.4;24.4;24.4;0.94;0.94;0.8;0.8;0.8;4.29;0.86;0.0;4270.5;0.0;0.0;0.0;0.0;0.0;0.0;0.0;3.72;0.0;0.74;0.14;0.0
335;2022-12-29 11:45:00;24.9;24.9;24.4;24.4;24.4;0.97;0.97;0.83;0.83;0.83;4.43;0.89;0.0;4249.6;0.0;0.0;0.0;0.0;0.0;0.0;0.0;3.74;0.0;0.73;0.11;0.0
336;2022-12-29 12:00:00;24.9;24.9;24.4;24.4;24.4;0.97;0.97;0.83;0.83;0.83;4.43;0.89;0.0;4197.1;0.0;0.0;0.0;0.0;0.0;0.0;0.0;3.77;0.0;0.71;0.11;0.0
337;2022-12-29 12:15:00;24.8;24.8;24.3;24.3;24.3;0.97;0.97;0.83;0.83;0.83;4.43;0.89;0.0;4190.3;0.0;0.0;0.0;0.0;0.0;0.0;0.0;3.78;0.01;0.54;0.11;0.0
338;2022-12-29 12:30:00;24.8;24.8;24.3;24.3;24.3;0.94;0.94;0.8;0.8;0.8;4.29;0.86;0.0;4170.7;0.0;0.0;0.0;0.0;0.0;0.0;0.0;3.79;0.01;0.45;0.14;0.0
339;2022-12-29 12:45:00;24.8;24.8;24.3;24.3;24.3;0.94;0.94;0.8;0.8;0.8;4.29;0.86;0.0;4199.3;0.0;0.0;0.0;0.0;0.0;0.0;0.0;3.77;0.02;0.42;0.14;0.0
340;2022-12-29 13:00:00;24.8;24.8;24.3;24.3;24.3;0.94;0.94;0.8;0.8;0.8;4.29;0.86;0.0;4213.7;0.0;0.0;0.0;0.0;0.0;0.0;0.0;3.76;0.02;0.39;0.14;0.0
341;2022-12-29 13:15:00;24.9;24.9;24.3;24.3;24.3;0.94;0.94;0.8;0.8;0.8;4.29;0.86;0.0;4219.1;0.0;0.0;0.0;0.0;0.0;0.0;0.0;3.76;0.02;0.38;0.14;0.0
342;2022-12-29 13:30:00;24.8;24.8;24.3;24.3;24.3;0.97;0.97;0.8;0.8;0.8;4.34;0.87;0.0;4253.7;0.0;0.0;0.0;0.0;0.0;0.0;0.0;3.73;0.02;0.35;0.13;0.0
343;2022-12-29 13:45:00;24.8;24.8;24.3;24.3;24.3;0.94;0.94;0.8;0.8;0.8;4.29;0.86;0.0;4279.1;0.0;0.0;0.0;0.0;0.0;0.0;0.0;3.71;0.02;0.33;0.14;0.0
344;2022-12-29 14:00:00;24.8;24.8;24.3;24.3;24.3;0.94;0.94;0.8;0.8;0.8;4.29;0.86;0.0;4329.4;0.0;0.0;0.0;0.0;0.0;0.0;0.0;3.67;0.02;0.32;0.14;0.0
345;2022-12-29 14:15:00;24.7;24.7;24.2;24.2;24.2;0.94;0.94;0.8;0.8;0.8;4.29;0.86;0.0;4397.7;0.0;0.0;0.0;0.0;0.0;0.0;0.0;3.58;0.03;0.31;0.14;0.0
346;2022-12-29 14:30:00;24.7;24.7;24.2;24.2;24.2;0.91;0.91;0.77;0.77;0.77;4.14;0.83;0.0;4416.4;0.0;0.0;0.0;0.0;0.0;0.0;0.0;3.52;0.03;0.3;0.17;0.0
347;2022-12-29 14:45:00;24.7;24.7;24.2;24.2;24.2;0.91;0.91;0.77;0.77;0.77;4.14;0.83;0.0;4413.4;0.0;0.0;0.0;0.0;0.0;0.0;0.0;3.46;0.03;0.25;0.17;0.0
348;2022-12-29 15:00:00;24.6;24.6;24.1;24.1;24.1;0.91;0.91;0.77;0.77;0.77;4.14;0.83;0.0;4403.3;0.0;0.0;0.0;0.0;0.0;0.0;0.0;3.4;0.03;0.21;0.17;0.0
349;2022-12-29 15:15:00;24.6;24.6;24.1;24.1;24.1;0.89;0.89;0.74;0.74;0.74;4.0;0.8;0.0;4403.2;0.0;0.0;0.0;0.0;0.0;0.0;0.0;3.4;0.03;0.16;0.2;0.0
350;2022-12-29 15:30:00;24.6;24.6;24.1;24.1;24.1;0.89;0.89;0.74;0.74;0.74;4.0;0.8;0.0;4401.5;0.0;0.0;0.0;0.0;0.0;0.0;0.0;3.39;0.03;0.15;0.2;0.0
351;2022-12-29 15:45:00;24.6;24.6;24.1;24.1;24.1;0.89;0.89;0.74;0.74;0.74;4.0;0.8;0.0;4399.1;0.0;0.0;0.0;0.0;0.0;0.0;0.0;3.36;0.03;0.14;0.2;0.0
352;2022-12-29 16:00:00;24.5;24.5;24.0;24.0;24.0;0.89;0.89;0.74;0.74;0.74;4.0;0.8;0.0;4399.3;0.0;0.0;0.0;0.0;0.0;0.0;0.0;3.35;0.03;0.11;0.2;0.0
353;2022-12-29 16:15:00;24.5;24.5;24.0;24.0;24.0;0.86;0.86;0.71;0.71;0.71;3.86;0.77;0.0;4401.8;0.0;0.0;0.0;0.0;0.0;0.0;0.0;3.33;0.04;0.09;0.23;0.0
354;2022-12-29 16:30:00;24.5;24.5;24.0;24.0;24.0;0.86;0.86;0.71;0.71;0.71;3.86;0.77;0.0;4403.7;0.0;0.0;0.0;0.0;0.0;0.0;0.0;3.32;0.04;0.08;0.23;0.0
355;2022-12-29 16:45:00;24.5;24.5;23.9;23.9;23.9;0.86;0.86;0.71;0.71;0.71;3.86;0.77;0.0;4400.2;0.0;0.0;0.0;0.0;0.0;0.0;0.0;3.34;0.05;0.06;0.23;0.0
356;2022-12-29 17:00:00;24.4;24.4;23.9;23.9;23.9;0.81;0.81;0.76;0.76;0.76;3.91;0.78;0.0;4399.0;0.0;0.0;0.0;0.0;0.0;0.0;0.0;3.36;0.05;0.02;0.22;0.0
357;2022-12-29 17:15:00;24.4;24.4;23.9;23.9;23.9;0.8;0.8;0.76;0.76;0.76;3.89;0.78;0.0;4399.1;0.0;0.0;0.0;0.0;0.0;0.0;0.0;3.35;0.05;0.03;0.22;0.0
358;2022-12-29 17:30:00;24.4;24.4;23.9;23.9;23.9;0.8;0.8;0.76;0.76;0.76;3.89;0.78;0.0;4400.8;0.0;0.0;0.0;0.0;0.0;0.0;0.0;3.33;0.05;0.04;0.22;0.0
359;2022-12-29 17:45:00;24.4;24.4;23.9;23.9;23.9;0.8;0.8;0.76;0.76;0.76;3.89;0.78;0.0;4401.5;0.0;0.0;0.0;0.0;0.0;0.0;0.0;3.33;0.05;0.05;0.22;0.0
360;2022-12-29 18:00:00;24.3;24.3;23.8;23.8;23.8;0.8;0.8;0.76;0.76;0.76;3.89;0.78;0.0;4402.7;0.0;0.0;0.0;0.0;0.0;0.0;0.0;3.33;0.05;0.06;0.22;0.0
361;2022-12-29 18:15:00;24.3;24.3;23.8;23.8;23.8;0.79;0.79;0.76;0.76;0.76;3.86;0.77;0.0;4407.2;0.0;0.0;0.0;0.0;0.0;0.0;0.0;3.31;0.04;0.08;0.23;0.0
362;2022-12-29 18:30:00;24.3;24.3;23.8;23.8;23.8;0.79;0.79;0.76;0.76;0.76;3.86;0.77;0.0;4418.4;0.0;0.0;0.0;0.0;0.0;0.0;0.0;3.29;0.04;0.1;0.23;0.0
363;2022-12-29 18:45:00;24.3;24.3;23.8;23.8;23.8;0.79;0.79;0.76;0.76;0.76;3.86;0.77;0.0;4429.2;0.0;0.0;0.0;0.0;0.0;0.0;0.0;3.27;0.03;0.14;0.23;0.0
364;2022-12-29 19:00:00;24.2;24.2;23.7;23.7;23.7;0.79;0.79;0.76;0.76;0.76;3.86;0.77;0.0;4433.6;0.0;0.0;0.0;0.0;0.0;0.0;0.0;3.26;0.03;0.25;0.23;0.0
365;2022-12-29 19:15:00;24.2;24.2;23.7;23.7;23.7;0.79;0.79;0.75;0.75;0.75;3.82;0.76;0.0;4432.8;0.0;0.0;0.0;0.0;0.0;0.0;0.0;3.27;0.03;0.27;0.24;0.0
366;2022-12-29 19:30:00;24.2;24.2;23.7;23.7;23.7;0.79;0.79;0.75;0.75;0.75;3.82;0.76;0.0;4442.8;0.0;0.0;0.0;0.0;0.0;0.0;0.0;3.25;0.03;0.3;0.24;0.0
367;2022-12-29 19:45:00;24.2;24.2;23.7;23.7;23.7;0.79;0.79;0.75;0.75;0.75;3.82;0.76;0.0;4449.3;0.0;0.0;0.0;0.0;0.0;0.0;0.0;3.25;0.03;0.31;0.24;0.0
368;2022-12-29 20:00:00;24.1;24.1;23.6;23.6;23.6;0.79;0.79;0.75;0.75;0.75;3.82;0.76;0.0;4450.3;0.0;0.0;0.0;0.0;0.0;0.0;0.0;3.24;0.03;0.31;0.24;0.0
369;2022-12-29 20:15:00;24.1;24.1;23.6;23.6;23.6;0.78;0.78;0.74;0.74;0.74;3.79;0.76;0.0;4442.8;0.0;0.0;0.0;0.0;0.0;0.0;0.0;3.25;0.03;0.31;0.24;0.0
370;2022-12-29 20:30:00;24.1;24.1;23.6;23.6;23.6;0.78;0.78;0.74;0.74;0.74;3.79;0.76;0.0;4438.8;0.0;0.0;0.0;0.0;0.0;0.0;0.0;3.26;0.03;0.3;0.24;0.0
371;2022-12-29 20:45:00;24.1;24.1;23.6;23.6;23.6;0.78;0.78;0.74;0.74;0.74;3.79;0.76;0.0;4441.9;0.0;0.0;0.0;0.0;0.0;0.0;0.0;3.25;0.03;0.3;0.24;0.0
372;2022-12-29 21:00:00;24.0;24.0;23.5;23.5;23.5;0.78;0.78;0.74;0.74;0.74;3.79;0.76;0.0;4441.9;0.0;0.0;0.0;0.0;0.0;0.0;0.0;3.25;0.03;0.27;0.24;0.0
373;2022-12-29 21:15:00;24.0;24.0;23.5;23.5;23.5;0.77;0.77;0.74;0.74;0.74;3.75;0.75;0.0;4438.3;0.0;0.0;0.0;0.0;0.0;0.0;0.0;3.26;0.02;0.31;0.25;0.0
374;2022-12-29 21:30:00;24.0;24.0;23.5;23.5;23.5;0.77;0.77;0.74;0.74;0.74;3.75;0.75;0.0;4440.1;0.0;0.0;0.0;0.0;0.0;0.0;0.0;3.26;0.02;0.33;0.25;0.0
375;2022-12-29 21:45:00;24.0;24.0;23.5;23.5;23.5;0.77;0.77;0.74;0.74;0.74;3.75;0.75;0.0;4434.9;0.0;0.0;0.0;0.0;0.0;0.0;0.0;3.26;0.02;0.35;0.25;0.0
376;2022-12-29 22:00:00;23.9;23.9;23.5;23.5;23.5;0.77;0.77;0.74;0.74;0.74;3.75;0.75;0.0;4431.2;0.0;0.0;0.0;0.0;0.0;0.0;0.0;3.27;0.02;0.38;0.25;0.0
377;2022-12-29 22:15:00;23.9;23.9;23.4;23.4;23.4;0.76;0.76;0.74;0.74;0.74;3.74;0.75;0.0;4429.2;0.0;0.0;0.0;0.0;0.0;0.0;0.0;3.27;0.02;0.4;0.25;0.0
378;2022-12-29 22:30:00;23.9;23.9;23.4;23.4;23.4;0.76;0.76;0.73;0.73;0.73;3.71;0.74;0.0;4429.2;0.0;0.0;0.0;0.0;0.0;0.0;0.0;3.27;0.02;0.42;0.26;0.0
379;2022-12-29 22:45:00;23.9;23.9;23.4;23.4;23.4;0.76;0.76;0.73;0.73;0.73;3.71;0.74;0.0;4428.8;0.0;0.0;0.0;0.0;0.0;0.0;0.0;3.27;0.01;0.43;0.26;0.0
380;2022-12-29 23:00:00;23.8;23.8;23.4;23.4;23.4;0.76;0.76;0.73;0.73;0.73;3.71;0.74;0.0;4428.0;0.0;0.0;0.0;0.0;0.0;0.0;0.0;3.27;0.01;0.45;0.26;0.0
381;2022-12-29 23:15:00;23.8;23.8;23.3;23.3;23.3;0.76;0.76;0.73;0.73;0.73;3.7;0.74;0.0;4428.8;0.0;0.0;0.0;0.0;0.0;0.0;0.0;3.27;0.01;0.47;0.26;0.0
382;2022-12-29 23:30:00;24.1;24.1;23.6;23.6;23.6;0.76;0.76;0.72;0.72;0.72;3.68;0.74;0.0;4430.4;1152.3;0.0;747.8;747.8;757.0;757.0;757.0;3.27;0.01;0.51;0.26;0.26
383;2022-12-29 23:45:00;24.3;24.3;23.8;23.8;23.8;0.78;0.78;0.74;0.74;0.74;3.79;0.76;0.0;4429.2;1107.3;0.0;719.1;719.1;727.7;727.7;727.7;3.27;0.01;0.57;0.24;0.25
384;2022-12-30 00:00:00;24.1;24.1;23.6;23.6;23.6;0.79;0.79;0.76;0.76;0.76;3.86;0.77;0.0;4429.6;0.0;0.0;0.0;0.0;0.0;0.0;0.0;3.27;0.01;0.65;0.23;0.0
385;2022-12-30 00:15:00;24.0;24.0;23.5;23.5;23.5;0.78;0.78;0.74;0.74;0.74;3.79;0.76;0.0;4431.6;0.0;0.0;0.0;0.0;0.0;0.0;0.0;3.27;0.0;0.67;0.24;0.0
386;2022-12-30 00:30:00;24.5;24.5;24.0;24.0;24.0;0.77;0.77;0.74;0.74;0.74;3.75;0.75;0.0;4441.9;2053.9;0.0;1327.1;1327.1;1343.0;1343.0;1343.0;3.25;0.0;0.68;0.25;0.46
387;2022-12-30 00:45:00;24.6;24.6;24.1;24.1;24.1;0.81;0.81;0.77;0.77;0.77;3.93;0.79;0.0;4452.7;1113.2;0.0;716.8;716.8;725.0;725.0;725.0;3.24;0.0;0.71;0.21;0.25
388;2022-12-30 01:00:00;24.3;24.3;23.9;23.9;23.9;0.81;0.81;0.78;0.78;0.78;3.96;0.79;0.0;4472.0;0.0;0.0;0.0;0.0;0.0;0.0;0.0;3.22;0.0;0.73;0.21;0.0
389;2022-12-30 01:15:00;24.2;24.2;23.7;23.7;23.7;0.79;0.79;0.76;0.76;0.76;3.88;0.78;0.0;4486.0;0.0;0.0;0.0;0.0;0.0;0.0;0.0;3.21;0.0;0.76;0.22;0.0
390;2022-12-30 01:30:00;24.1;24.1;23.6;23.6;23.6;0.79;0.79;0.75;0.75;0.75;3.82;0.76;0.0;4498.3;0.0;0.0;0.0;0.0;0.0;0.0;0.0;3.2;0.0;0.78;0.24;0.0
391;2022-12-30 01:45:00;24.0;24.0;23.6;23.6;23.6;0.78;0.78;0.74;0.74;0.74;3.79;0.76;0.0;4519.0;0.0;0.0;0.0;0.0;0.0;0.0;0.0;3.18;0.0;0.9;0.24;0.0
392;2022-12-30 02:00:00;24.0;24.0;23.5;23.5;23.5;0.77;0.77;0.74;0.74;0.74;3.77;0.75;0.0;4537.9;0.0;0.0;0.0;0.0;0.0;0.0;0.0;3.17;0.0;1.0;0.25;0.0
393;2022-12-30 02:15:00;25.2;25.2;24.7;24.7;24.7;0.77;0.77;0.74;0.74;0.74;3.75;0.75;0.0;4560.8;4560.8;0.0;2850.9;2850.9;2885.1;2885.1;2885.1;3.15;0.0;1.0;0.25;1.0
394;2022-12-30 02:30:00;25.0;25.0;24.6;24.6;24.6;0.86;0.86;0.82;0.82;0.82;4.18;0.84;0.0;4593.7;1148.4;0.0;712.4;712.4;720.1;720.1;720.1;3.12;0.0;1.0;0.16;0.25
395;2022-12-30 02:45:00;24.7;24.7;24.2;24.2;24.2;0.84;0.84;0.81;0.81;0.81;4.13;0.83;0.0;4635.2;0.0;0.0;0.0;0.0;0.0;0.0;0.0;3.09;0.0;1.0;0.17;0.0
396;2022-12-30 03:00:00;24.5;24.5;24.0;24.0;24.0;0.82;0.82;0.79;0.79;0.79;4.0;0.8;0.0;4648.1;0.0;0.0;0.0;0.0;0.0;0.0;0.0;3.07;0.0;1.0;0.2;0.0
397;2022-12-30 03:15:00;24.4;24.4;23.9;23.9;23.9;0.81;0.81;0.77;0.77;0.77;3.93;0.79;0.0;4653.0;0.0;0.0;0.0;0.0;0.0;0.0;0.0;3.07;0.0;0.8;0.21;0.0
398;2022-12-30 03:30:00;24.3;24.3;23.8;23.8;23.8;0.8;0.8;0.76;0.76;0.76;3.89;0.78;0.0;4657.8;0.0;0.0;0.0;0.0;0.0;0.0;0.0;3.07;0.0;0.74;0.22;0.0
399;2022-12-30 03:45:00;24.2;24.2;23.8;23.8;23.8;0.79;0.79;0.76;0.76;0.76;3.86;0.77;0.0;4638.0;0.0;0.0;0.0;0.0;0.0;0.0;0.0;3.08;0.0;0.69;0.23;0.0
400;2022-12-30 04:00:00;24.2;24.2;23.7;23.7;23.7;0.79;0.79;0.76;0.76;0.76;3.84;0.77;0.0;4624.7;0.0;0.0;0.0;0.0;0.0;0.0;0.0;3.1;0.0;0.66;0.23;0.0
401;2022-12-30 04:15:00;24.1;24.1;23.7;23.7;23.7;0.79;0.79;0.75;0.75;0.75;3.82;0.76;0.0;4631.1;0.0;0.0;0.0;0.0;0.0;0.0;0.0;3.09;0.01;0.61;0.24;0.0
402;2022-12-30 04:30:00;24.1;24.1;23.6;23.6;23.6;0.78;0.78;0.75;0.75;0.75;3.81;0.76;0.0;4660.5;0.0;0.0;0.0;0.0;0.0;0.0;0.0;3.06;0.01;0.59;0.24;0.0
403;2022-12-30 04:45:00;24.1;24.1;23.6;23.6;23.6;0.78;0.78;0.74;0.74;0.74;3.79;0.76;0.0;4695.5;0.0;0.0;0.0;0.0;0.0;0.0;0.0;3.03;0.01;0.57;0.24;0.0
404;2022-12-30 05:00:00;24.0;24.0;23.6;23.6;23.6;0.78;0.78;0.74;0.74;0.74;3.79;0.76;0.0;4723.4;0.0;0.0;0.0;0.0;0.0;0.0;0.0;2.99;0.01;0.56;0.24;0.0
405;2022-12-30 05:15:00;24.0;24.0;23.5;23.5;23.5;0.77;0.77;0.74;0.74;0.74;3.77;0.75;0.0;4743.1;0.0;0.0;0.0;0.0;0.0;0.0;0.0;2.97;0.01;0.54;0.25;0.0
406;2022-12-30 05:30:00;24.3;24.3;23.8;23.8;23.8;0.77;0.77;0.74;0.74;0.74;3.75;0.75;0.0;4741.6;1233.3;0.01;726.7;726.7;735.4;735.4;735.4;2.97;0.02;0.51;0.25;0.26
407;2022-12-30 05:45:00;24.4;24.4;24.0;24.0;24.0;0.79;0.79;0.76;0.76;0.76;3.86;0.77;0.0;4753.6;1188.4;0.01;696.2;696.2;704.3;704.3;704.3;2.95;0.02;0.44;0.23;0.25
408;2022-12-30 06:00:00;24.2;24.2;23.8;23.8;23.8;0.2;0.2;0.57;0.57;0.57;2.11;0.42;0.0;4783.4;0.0;0.0;0.0;0.0;0.0;0.0;0.0;2.9;0.02;0.33;0.58;0.0
409;2022-12-30 06:15:00;24.1;24.1;23.7;23.7;23.7;0.19;0.19;0.56;0.56;0.56;2.04;0.41;0.0;4797.3;0.0;0.0;0.0;0.0;0.0;0.0;0.0;2.87;0.03;0.32;0.59;0.0
410;2022-12-30 06:30:00;24.0;24.0;23.6;23.6;23.6;0.18;0.18;0.55;0.55;0.55;2.01;0.4;0.0;4804.3;0.0;0.0;0.0;0.0;0.0;0.0;0.0;2.85;0.03;0.27;0.6;0.0
411;2022-12-30 06:45:00;24.0;24.0;23.5;23.5;23.5;0.17;0.17;0.54;0.54;0.54;1.97;0.39;0.0;4809.8;0.0;0.0;0.0;0.0;0.0;0.0;0.0;2.84;0.03;0.22;0.61;0.0
412;2022-12-30 07:00:00;23.9;23.9;23.5;23.5;23.5;0.17;0.17;0.54;0.54;0.54;1.95;0.39;0.0;4816.2;0.0;0.0;0.0;0.0;0.0;0.0;0.0;2.81;0.03;0.16;0.61;0.0
413;2022-12-30 07:15:00;23.9;23.9;23.4;23.4;23.4;0.16;0.16;0.54;0.54;0.54;1.94;0.39;0.0;4816.9;0.0;0.0;0.0;0.0;0.0;0.0;0.0;2.81;0.03;0.12;0.61;0.0
414;2022-12-30 07:30:00;23.8;23.8;23.4;23.4;23.4;0.16;0.16;0.53;0.53;0.53;1.91;0.38;0.0;4820.8;0.0;0.0;0.0;0.0;0.0;0.0;0.0;2.8;0.03;0.12;0.62;0.0
415;2022-12-30 07:45:00;23.8;23.8;23.4;23.4;23.4;0.16;0.16;0.53;0.53;0.53;1.9;0.38;0.0;4822.3;0.0;0.0;0.0;0.0;0.0;0.0;0.0;2.79;0.03;0.09;0.62;0.0
416;2022-12-30 08:00:00;23.8;23.8;23.4;23.4;23.4;0.66;0.66;0.54;0.54;0.54;2.94;0.59;0.0;4819.2;0.0;0.0;0.0;0.0;0.0;0.0;0.0;2.8;0.03;0.07;0.41;0.0
417;2022-12-30 08:15:00;23.8;23.8;23.3;23.3;23.3;0.66;0.66;0.54;0.54;0.54;2.94;0.59;0.0;4815.9;0.0;0.0;0.0;0.0;0.0;0.0;0.0;2.82;0.03;0.12;0.41;0.0
418;2022-12-30 08:30:00;23.8;23.8;23.3;23.3;23.3;0.66;0.66;0.51;0.51;0.51;2.86;0.57;0.0;4800.4;0.0;0.0;0.0;0.0;0.0;0.0;0.0;2.86;0.03;0.17;0.43;0.0
419;2022-12-30 08:45:00;23.8;23.8;23.3;23.3;23.3;0.66;0.66;0.51;0.51;0.51;2.86;0.57;0.0;4790.7;0.0;0.0;0.0;0.0;0.0;0.0;0.0;2.88;0.03;0.22;0.43;0.0
420;2022-12-30 09:00:00;23.8;23.8;23.3;23.3;23.3;0.66;0.66;0.51;0.51;0.51;2.86;0.57;0.0;4757.8;0.0;0.0;0.0;0.0;0.0;0.0;0.0;2.94;0.03;0.25;0.43;0.0
421;2022-12-30 09:15:00;23.8;23.8;23.3;23.3;23.3;0.66;0.66;0.51;0.51;0.51;2.86;0.57;0.0;4716.2;0.0;0.0;0.0;0.0;0.0;0.0;0.0;3.0;0.03;0.27;0.43;0.0
422;2022-12-30 09:30:00;23.8;23.8;23.3;23.3;23.3;0.66;0.66;0.51;0.51;0.51;2.86;0.57;0.0;4686.9;0.0;0.0;0.0;0.0;0.0;0.0;0.0;3.04;0.03;0.3;0.43;0.0
423;2022-12-30 09:45:00;23.8;23.8;23.4;23.4;23.4;0.66;0.66;0.51;0.51;0.51;2.86;0.57;0.0;4654.6;0.0;0.0;0.0;0.0;0.0;0.0;0.0;3.07;0.03;0.32;0.43;0.0
424;2022-12-30 10:00:00;23.8;23.8;23.4;23.4;23.4;0.66;0.66;0.54;0.54;0.54;2.94;0.59;0.0;4597.5;0.0;0.0;0.0;0.0;0.0;0.0;0.0;3.12;0.02;0.32;0.41;0.0
425;2022-12-30 10:15:00;23.8;23.8;23.4;23.4;23.4;0.66;0.66;0.54;0.54;0.54;2.94;0.59;0.0;4553.8;0.0;0.0;0.0;0.0;0.0;0.0;0.0;3.15;0.02;0.38;0.41;0.0
426;2022-12-30 10:30:00;23.8;23.8;23.4;23.4;23.4;0.66;0.66;0.54;0.54;0.54;2.94;0.59;0.0;4506.7;0.0;0.0;0.0;0.0;0.0;0.0;0.0;3.19;0.02;0.43;0.41;0.0
427;2022-12-30 10:45:00;23.8;23.8;23.4;23.4;23.4;0.66;0.66;0.54;0.54;0.54;2.94;0.59;0.0;4490.1;0.0;0.0;0.0;0.0;0.0;0.0;0.0;3.21;0.02;0.47;0.41;0.0
428;2022-12-30 11:00:00;24.1;24.1;23.7;23.7;23.7;0.66;0.66;0.54;0.54;0.54;2.94;0.59;0.0;4455.2;1158.8;0.01;728.8;728.8;765.2;765.2;765.2;3.24;0.02;0.51;0.41;0.26
429;2022-12-30 11:15:00;24.4;24.4;24.0;24.0;24.0;0.74;0.74;0.63;0.63;0.63;3.37;0.67;0.0;4437.9;1154.3;0.01;733.2;733.2;765.1;765.1;765.1;3.26;0.02;0.51;0.33;0.26
430;2022-12-30 11:30:00;24.2;24.2;23.8;23.8;23.8;0.83;0.83;0.71;0.71;0.71;3.8;0.76;0.0;4411.9;0.0;0.0;0.0;0.0;0.0;0.0;0.0;3.3;0.02;0.49;0.24;0.0
431;2022-12-30 11:45:00;24.1;24.1;23.7;23.7;23.7;0.77;0.77;0.66;0.66;0.66;3.51;0.7;0.0;4408.3;0.0;0.0;0.0;0.0;0.0;0.0;0.0;3.31;0.02;0.47;0.3;0.0
432;2022-12-30 12:00:00;24.0;24.0;23.6;23.6;23.6;0.74;0.74;0.63;0.63;0.63;3.37;0.67;0.0;4405.9;0.0;0.0;0.0;0.0;0.0;0.0;0.0;3.31;0.02;0.46;0.33;0.0
433;2022-12-30 12:15:00;24.0;24.0;23.6;23.6;23.6;0.71;0.71;0.6;0.6;0.6;3.23;0.65;0.0;4406.3;0.0;0.0;0.0;0.0;0.0;0.0;0.0;3.31;0.02;0.42;0.35;0.0
434;2022-12-30 12:30:00;23.9;23.9;23.5;23.5;23.5;0.71;0.71;0.6;0.6;0.6;3.23;0.65;0.0;4405.3;0.0;0.0;0.0;0.0;0.0;0.0;0.0;3.32;0.02;0.38;0.35;0.0
435;2022-12-30 12:45:00;23.9;23.9;23.5;23.5;23.5;0.69;0.69;0.57;0.57;0.57;3.09;0.62;0.0;4403.5;0.0;0.0;0.0;0.0;0.0;0.0;0.0;3.32;0.02;0.33;0.38;0.0
436;2022-12-30 13:00:00;23.9;23.9;23.5;23.5;23.5;0.69;0.69;0.57;0.57;0.57;3.09;0.62;0.0;4400.1;0.0;0.0;0.0;0.0;0.0;0.0;0.0;3.34;0.03;0.28;0.38;0.0
437;2022-12-30 13:15:00;23.9;23.9;23.5;23.5;23.5;0.69;0.69;0.57;0.57;0.57;3.09;0.62;0.0;4399.0;0.0;0.0;0.0;0.0;0.0;0.0;0.0;3.36;0.03;0.25;0.38;0.0
438;2022-12-30 13:30:00;23.9;23.9;23.5;23.5;23.5;0.69;0.69;0.57;0.57;0.57;3.09;0.62;0.0;4399.1;0.0;0.0;0.0;0.0;0.0;0.0;0.0;3.36;0.03;0.22;0.38;0.0
439;2022-12-30 13:45:00;23.9;23.9;23.4;23.4;23.4;0.69;0.69;0.57;0.57;0.57;3.09;0.62;0.0;4399.0;0.0;0.0;0.0;0.0;0.0;0.0;0.0;3.36;0.03;0.17;0.38;0.0
440;2022-12-30 14:00:00;23.8;23.8;23.4;23.4;23.4;0.69;0.69;0.54;0.54;0.54;3.0;0.6;0.0;4399.2;0.0;0.0;0.0;0.0;0.0;0.0;0.0;3.35;0.03;0.12;0.4;0.0
441;2022-12-30 14:15:00;23.8;23.8;23.4;23.4;23.4;0.66;0.66;0.54;0.54;0.54;2.94;0.59;0.0;4404.9;0.0;0.0;0.0;0.0;0.0;0.0;0.0;3.32;0.03;0.25;0.41;0.0
442;2022-12-30 14:30:00;23.8;23.8;23.3;23.3;23.3;0.66;0.66;0.54;0.54;0.54;2.94;0.59;0.0;4414.7;0.0;0.0;0.0;0.0;0.0;0.0;0.0;3.29;0.02;0.32;0.41;0.0
443;2022-12-30 14:45:00;23.7;23.7;23.3;23.3;23.3;0.66;0.66;0.51;0.51;0.51;2.86;0.57;0.0;4430.8;0.0;0.0;0.0;0.0;0.0;0.0;0.0;3.27;0.02;0.38;0.43;0.0
444;2022-12-30 15:00:00;23.7;23.7;23.3;23.3;23.3;0.63;0.63;0.51;0.51;0.51;2.8;0.56;0.0;4447.4;0.0;0.0;0.0;0.0;0.0;0.0;0.0;3.25;0.02;0.43;0.44;0.0
445;2022-12-30 15:15:00;23.7;23.7;23.3;23.3;23.3;0.63;0.63;0.51;0.51;0.51;2.8;0.56;0.0;4456.2;0.0;0.0;0.0;0.0;0.0;0.0;0.0;3.24;0.02;0.36;0.44;0.0
446;2022-12-30 15:30:00;23.6;23.6;23.2;23.2;23.2;0.63;0.63;0.51;0.51;0.51;2.8;0.56;0.0;4461.3;0.0;0.0;0.0;0.0;0.0;0.0;0.0;3.23;0.03;0.27;0.44;0.0
447;2022-12-30 15:45:00;23.6;23.6;23.2;23.2;23.2;0.6;0.6;0.49;0.49;0.49;2.66;0.53;0.0;4467.1;0.0;0.0;0.0;0.0;0.0;0.0;0.0;3.23;0.03;0.12;0.47;0.0
448;2022-12-30 16:00:00;23.6;23.6;23.2;23.2;23.2;0.6;0.6;0.49;0.49;0.49;2.66;0.53;0.0;4456.7;0.0;0.0;0.0;0.0;0.0;0.0;0.0;3.24;0.03;0.01;0.47;0.0
449;2022-12-30 16:15:00;23.6;23.6;23.2;23.2;23.2;0.6;0.6;0.49;0.49;0.49;2.66;0.53;0.0;4453.2;0.0;0.0;0.0;0.0;0.0;0.0;0.0;3.24;0.03;0.1;0.47;0.0
450;2022-12-30 16:30:00;23.5;23.5;23.1;23.1;23.1;0.6;0.6;0.49;0.49;0.49;2.66;0.53;0.0;4460.8;0.0;0.0;0.0;0.0;0.0;0.0;0.0;3.23;0.03;0.24;0.47;0.0
451;2022-12-30 16:45:00;23.5;23.5;23.1;23.1;23.1;0.57;0.57;0.46;0.46;0.46;2.51;0.5;0.0;4462.4;0.0;0.0;0.0;0.0;0.0;0.0;0.0;3.23;0.02;0.32;0.5;0.0
452;2022-12-30 17:00:00;23.5;23.5;23.1;23.1;23.1;0.74;0.74;0.71;0.71;0.71;3.59;0.72;0.0;4447.9;0.0;0.0;0.0;0.0;0.0;0.0;0.0;3.25;0.02;0.38;0.28;0.0
453;2022-12-30 17:15:00;23.5;23.5;23.1;23.1;23.1;0.74;0.74;0.71;0.71;0.71;3.59;0.72;0.0;4438.3;0.0;0.0;0.0;0.0;0.0;0.0;0.0;3.26;0.02;0.46;0.28;0.0
454;2022-12-30 17:30:00;23.8;23.8;23.4;23.4;23.4;0.74;0.74;0.71;0.71;0.71;3.59;0.72;0.0;4428.8;1151.9;0.01;749.1;749.1;756.6;756.6;756.6;3.27;0.02;0.51;0.28;0.26
455;2022-12-30 17:45:00;24.0;24.0;23.6;23.6;23.6;0.76;0.76;0.73;0.73;0.73;3.7;0.74;0.0;4407.0;1191.6;0.0;784.7;784.7;792.3;792.3;792.3;3.31;0.02;0.52;0.26;0.27
456;2022-12-30 18:00:00;23.8;23.8;23.4;23.4;23.4;0.77;0.77;0.74;0.74;0.74;3.77;0.75;0.0;4400.9;0.0;0.0;0.0;0.0;0.0;0.0;0.0;3.38;0.01;0.54;0.25;0.0
457;2022-12-30 18:15:00;23.7;23.7;23.3;23.3;23.3;0.76;0.76;0.73;0.73;0.73;3.7;0.74;0.0;4411.1;0.0;0.0;0.0;0.0;0.0;0.0;0.0;3.44;0.01;0.56;0.26;0.0
458;2022-12-30 18:30:00;24.1;24.1;23.7;23.7;23.7;0.75;0.75;0.72;0.72;0.72;3.66;0.73;0.0;4416.2;1537.3;0.0;1064.2;1064.2;1074.7;1074.7;1074.7;3.48;0.01;0.59;0.27;0.35
459;2022-12-30 18:45:00;24.2;24.2;23.8;23.8;23.8;0.78;0.78;0.75;0.75;0.75;3.81;0.76;0.0;4417.0;1104.2;0.0;769.0;769.0;776.2;776.2;776.2;3.5;0.01;0.65;0.24;0.25
460;2022-12-30 19:00:00;24.0;24.0;23.6;23.6;23.6;0.79;0.79;0.76;0.76;0.76;3.84;0.77;0.0;4415.6;0.0;0.0;0.0;0.0;0.0;0.0;0.0;3.52;0.0;0.76;0.23;0.0
461;2022-12-30 19:15:00;23.9;23.9;23.5;23.5;23.5;0.77;0.77;0.74;0.74;0.74;3.77;0.75;0.0;4415.5;0.0;0.0;0.0;0.0;0.0;0.0;0.0;3.52;0.0;0.78;0.25;0.0
462;2022-12-30 19:30:00;24.6;24.6;24.2;24.2;24.2;0.76;0.76;0.74;0.74;0.74;3.74;0.75;0.0;4414.7;2755.2;0.0;1933.9;1933.9;1952.5;1952.5;1952.5;3.53;0.0;0.79;0.25;0.62
463;2022-12-30 19:45:00;24.6;24.6;24.3;24.3;24.3;0.81;0.81;0.79;0.79;0.79;3.99;0.8;0.0;4410.7;1102.7;0.0;778.2;778.2;785.2;785.2;785.2;3.55;0.0;0.91;0.2;0.25
464;2022-12-30 20:00:00;24.3;24.3;24.0;24.0;24.0;0.81;0.81;0.79;0.79;0.79;4.01;0.8;0.0;4402.4;0.0;0.0;0.0;0.0;0.0;0.0;0.0;3.57;0.0;1.0;0.2;0.0
465;2022-12-30 20:15:00;24.2;24.2;23.8;23.8;23.8;0.79;0.79;0.77;0.77;0.77;3.9;0.78;0.0;4379.7;0.0;0.0;0.0;0.0;0.0;0.0;0.0;3.61;0.0;1.0;0.22;0.0
466;2022-12-30 20:30:00;24.1;24.1;23.7;23.7;23.7;0.79;0.79;0.76;0.76;0.76;3.84;0.77;0.0;4368.3;0.0;0.0;0.0;0.0;0.0;0.0;0.0;3.63;0.0;1.0;0.23;0.0
467;2022-12-30 20:45:00;24.0;24.0;23.6;23.6;23.6;0.78;0.78;0.75;0.75;0.75;3.81;0.76;0.0;4378.6;0.0;0.0;0.0;0.0;0.0;0.0;0.0;3.61;0.0;1.0;0.24;0.0
468;2022-12-30 21:00:00;24.0;24.0;23.6;23.6;23.6;0.77;0.77;0.74;0.74;0.74;3.77;0.75;0.0;4365.3;0.0;0.0;0.0;0.0;0.0;0.0;0.0;3.63;0.0;1.0;0.25;0.0
469;2022-12-30 21:15:00;23.9;23.9;23.5;23.5;23.5;0.77;0.77;0.74;0.74;0.74;3.77;0.75;0.0;4327.8;0.0;0.0;0.0;0.0;0.0;0.0;0.0;3.67;0.0;1.0;0.25;0.0
470;2022-12-30 21:30:00;25.3;25.3;24.9;24.9;24.9;0.76;0.76;0.74;0.74;0.74;3.74;0.75;0.0;4274.4;4274.4;0.0;3158.9;3158.9;3189.2;3189.2;3189.2;3.72;0.0;1.0;0.25;1.0
471;2022-12-30 21:45:00;25.2;25.2;24.8;24.8;24.8;0.86;0.86;0.84;0.84;0.84;4.24;0.85;0.0;4250.7;1062.7;0.0;789.8;789.8;796.4;796.4;796.4;3.73;0.0;1.0;0.15;0.25
472;2022-12-30 22:00:00;24.8;24.8;24.4;24.4;24.4;0.86;0.86;0.83;0.83;0.83;4.2;0.84;0.0;4226.7;0.0;0.0;0.0;0.0;0.0;0.0;0.0;3.75;0.0;1.0;0.16;0.0
473;2022-12-30 22:15:00;24.6;24.6;24.2;24.2;24.2;0.83;0.83;0.8;0.8;0.8;4.06;0.81;0.0;4199.3;0.0;-0.0;0.0;0.0;0.0;0.0;0.0;3.77;-0.0;1.0;0.19;0.0
474;2022-12-30 22:30:00;24.5;24.5;24.1;24.1;24.1;0.81;0.81;0.79;0.79;0.79;3.99;0.8;0.0;4171.9;0.0;-0.0;0.0;0.0;0.0;0.0;0.0;3.79;-0.0;1.0;0.2;0.0
475;2022-12-30 22:45:00;24.4;24.4;24.0;24.0;24.0;0.81;0.81;0.78;0.78;0.78;3.95;0.79;0.0;4132.5;0.0;-0.0;0.0;0.0;0.0;0.0;0.0;3.81;-0.0;1.0;0.21;0.0
476;2022-12-30 23:00:00;24.3;24.3;23.9;23.9;23.9;0.8;0.8;0.77;0.77;0.77;3.91;0.78;0.0;4117.7;0.0;-0.0;0.0;0.0;0.0;0.0;0.0;3.82;-0.0;1.0;0.22;0.0
477;2022-12-30 23:15:00;24.3;24.3;23.9;23.9;23.9;0.79;0.79;0.76;0.76;0.76;3.88;0.78;0.0;4131.3;0.0;-0.0;0.0;0.0;0.0;0.0;0.0;3.82;-0.0;1.0;0.22;0.0
478;2022-12-30 23:30:00;24.3;24.3;23.9;23.9;23.9;0.79;0.79;0.76;0.76;0.76;3.88;0.78;0.0;4242.5;0.0;-0.0;0.0;0.0;0.0;0.0;0.0;3.74;-0.0;1.0;0.22;0.0
479;2022-12-30 23:45:00;24.2;24.2;23.9;23.9;23.9;0.79;0.79;0.76;0.76;0.76;3.88;0.78;0.0;4286.6;0.0;-0.0;0.0;0.0;0.0;0.0;0.0;3.71;-0.0;1.0;0.22;0.0
480;2022-12-31 00:00:00;24.2;24.2;23.8;23.8;23.8;0.79;0.79;0.76;0.76;0.76;3.86;0.77;0.0;4273.4;0.0;-0.0;0.0;0.0;0.0;0.0;0.0;3.72;-0.0;0.62;0.23;0.0
481;2022-12-31 00:15:00;24.2;24.2;23.8;23.8;23.8;0.79;0.79;0.76;0.76;0.76;3.84;0.77;0.0;4255.7;0.0;-0.0;0.0;0.0;0.0;0.0;0.0;3.73;-0.0;0.61;0.23;0.0
482;2022-12-31 00:30:00;24.2;24.2;23.8;23.8;23.8;0.79;0.79;0.76;0.76;0.76;3.84;0.77;0.0;4217.0;0.0;-0.0;0.0;0.0;0.0;0.0;0.0;3.76;-0.0;0.6;0.23;0.0
483;2022-12-31 00:45:00;24.2;24.2;23.8;23.8;23.8;0.79;0.79;0.76;0.76;0.76;3.84;0.77;0.0;4206.0;0.0;-0.0;0.0;0.0;0.0;0.0;0.0;3.77;-0.0;0.59;0.23;0.0
484;2022-12-31 01:00:00;24.1;24.1;23.8;23.8;23.8;0.79;0.79;0.76;0.76;0.76;3.84;0.77;0.0;4220.2;0.0;-0.0;0.0;0.0;0.0;0.0;0.0;3.76;-0.0;0.58;0.23;0.0
485;2022-12-31 01:15:00;24.1;24.1;23.8;23.8;23.8;0.78;0.78;0.76;0.76;0.76;3.83;0.77;0.0;4150.6;0.0;-0.0;0.0;0.0;0.0;0.0;0.0;3.8;-0.0;0.58;0.23;0.0
486;2022-12-31 01:30:00;24.1;24.1;23.7;23.7;23.7;0.78;0.78;0.76;0.76;0.76;3.83;0.77;0.0;4076.1;0.0;-0.0;0.0;0.0;0.0;0.0;0.0;3.85;-0.0;0.58;0.23;0.0
487;2022-12-31 01:45:00;24.1;24.1;23.7;23.7;23.7;0.78;0.78;0.75;0.75;0.75;3.81;0.76;0.0;4014.7;0.0;-0.0;0.0;0.0;0.0;0.0;0.0;3.88;-0.0;0.58;0.24;0.0
488;2022-12-31 02:00:00;24.1;24.1;23.7;23.7;23.7;0.78;0.78;0.75;0.75;0.75;3.81;0.76;0.0;3965.0;0.0;-0.0;0.0;0.0;0.0;0.0;0.0;3.91;-0.0;0.59;0.24;0.0
489;2022-12-31 02:15:00;24.1;24.1;23.7;23.7;23.7;0.78;0.78;0.75;0.75;0.75;3.81;0.76;0.0;3933.6;0.0;-0.0;0.0;0.0;0.0;0.0;0.0;3.92;-0.0;0.58;0.24;0.0
490;2022-12-31 02:30:00;24.1;24.1;23.7;23.7;23.7;0.78;0.78;0.75;0.75;0.75;3.81;0.76;0.0;3859.5;0.0;-0.0;0.0;0.0;0.0;0.0;0.0;3.96;-0.0;0.58;0.24;0.0
491;2022-12-31 02:45:00;24.1;24.1;23.7;23.7;23.7;0.78;0.78;0.75;0.75;0.75;3.81;0.76;0.0;3810.0;0.0;-0.0;0.0;0.0;0.0;0.0;0.0;3.99;-0.0;0.58;0.24;0.0
492;2022-12-31 03:00:00;24.1;24.1;23.7;23.7;23.7;0.78;0.78;0.75;0.75;0.75;3.81;0.76;0.0;3832.0;0.0;-0.0;0.0;0.0;0.0;0.0;0.0;3.98;-0.0;0.58;0.24;0.0
493;2022-12-31 03:15:00;24.0;24.0;23.7;23.7;23.7;0.78;0.78;0.75;0.75;0.75;3.81;0.76;0.0;3848.5;0.0;-0.0;0.0;0.0;0.0;0.0;0.0;3.97;-0.0;0.58;0.24;0.0
494;2022-12-31 03:30:00;24.0;24.0;23.7;23.7;23.7;0.77;0.77;0.75;0.75;0.75;3.79;0.76;0.0;3833.4;0.0;-0.0;0.0;0.0;0.0;0.0;0.0;3.98;-0.0;0.58;0.24;0.0
495;2022-12-31 03:45:00;24.0;24.0;23.6;23.6;23.6;0.77;0.77;0.75;0.75;0.75;3.79;0.76;0.0;3814.1;0.0;-0.0;0.0;0.0;0.0;0.0;0.0;3.98;-0.0;0.58;0.24;0.0
496;2022-12-31 04:00:00;24.0;24.0;23.6;23.6;23.6;0.77;0.77;0.74;0.74;0.74;3.77;0.75;0.0;3786.8;0.0;-0.0;0.0;0.0;0.0;0.0;0.0;4.0;-0.0;0.58;0.25;0.0
497;2022-12-31 04:15:00;24.0;24.0;23.6;23.6;23.6;0.77;0.77;0.74;0.74;0.74;3.77;0.75;0.0;3751.5;0.0;-0.0;0.0;0.0;0.0;0.0;0.0;4.01;-0.0;0.58;0.25;0.0
498;2022-12-31 04:30:00;24.0;24.0;23.6;23.6;23.6;0.77;0.77;0.74;0.74;0.74;3.77;0.75;0.0;3755.6;0.0;-0.0;0.0;0.0;0.0;0.0;0.0;4.01;-0.0;0.58;0.25;0.0
499;2022-12-31 04:45:00;24.0;24.0;23.6;23.6;23.6;0.77;0.77;0.74;0.74;0.74;3.77;0.75;0.0;3747.5;0.0;-0.0;0.0;0.0;0.0;0.0;0.0;4.02;-0.0;0.58;0.25;0.0
500;2022-12-31 05:00:00;24.0;24.0;23.6;23.6;23.6;0.77;0.77;0.74;0.74;0.74;3.77;0.75;0.0;3734.0;0.0;-0.0;0.0;0.0;0.0;0.0;0.0;4.02;-0.0;0.57;0.25;0.0
501;2022-12-31 05:15:00;23.9;23.9;23.6;23.6;23.6;0.77;0.77;0.74;0.74;0.74;3.77;0.75;0.0;3743.4;0.0;-0.0;0.0;0.0;0.0;0.0;0.0;4.02;-0.0;0.58;0.25;0.0
502;2022-12-31 05:30:00;23.9;23.9;23.6;23.6;23.6;0.76;0.76;0.74;0.74;0.74;3.76;0.75;0.0;3734.0;0.0;-0.0;0.0;0.0;0.0;0.0;0.0;4.02;-0.0;0.58;0.25;0.0
503;2022-12-31 05:45:00;23.9;23.9;23.6;23.6;23.6;0.76;0.76;0.74;0.74;0.74;3.76;0.75;0.0;3730.0;0.0;-0.0;0.0;0.0;0.0;0.0;0.0;4.02;-0.0;0.59;0.25;0.0
504;2022-12-31 06:00:00;24.4;24.4;24.0;24.0;24.0;0.16;0.16;0.54;0.54;0.54;1.96;0.39;0.0;3726.0;1341.4;-0.0;1237.0;1237.0;975.8;975.8;975.8;4.03;-0.0;0.6;0.61;0.36
505;2022-12-31 06:15:00;24.7;24.7;24.2;24.2;24.2;0.2;0.2;0.57;0.57;0.57;2.11;0.42;0.0;3750.2;1093.5;0.0;993.9;993.9;801.0;801.0;801.0;4.02;0.0;0.54;0.58;0.29
506;2022-12-31 06:30:00;24.8;24.8;24.3;24.3;24.3;0.22;0.22;0.59;0.59;0.59;2.2;0.44;0.0;3797.7;987.8;0.0;886.7;886.7;723.4;723.4;723.4;3.99;0.0;0.51;0.56;0.26
507;2022-12-31 06:45:00;24.6;24.6;24.1;24.1;24.1;0.23;0.23;0.59;0.59;0.59;2.24;0.45;0.0;3843.0;0.0;0.0;0.0;0.0;0.0;0.0;0.0;3.97;0.0;0.48;0.55;0.0
508;2022-12-31 07:00:00;24.4;24.4;23.9;23.9;23.9;0.21;0.21;0.58;0.58;0.58;2.16;0.43;0.0;3848.5;0.0;0.0;0.0;0.0;0.0;0.0;0.0;3.97;0.0;0.46;0.57;0.0
509;2022-12-31 07:15:00;24.3;24.3;23.9;23.9;23.9;0.2;0.2;0.56;0.56;0.56;2.09;0.42;0.0;3830.6;0.0;0.0;0.0;0.0;0.0;0.0;0.0;3.98;0.0;0.48;0.58;0.0
510;2022-12-31 07:30:00;24.6;24.6;24.1;24.1;24.1;0.19;0.19;0.56;0.56;0.56;2.08;0.42;0.0;3805.9;989.9;0.0;895.5;895.5;719.1;719.1;719.1;3.99;0.0;0.51;0.58;0.26
511;2022-12-31 07:45:00;24.9;24.9;24.3;24.3;24.3;0.21;0.21;0.58;0.58;0.58;2.16;0.43;0.0;3811.4;1070.6;0.0;961.2;961.2;781.6;781.6;781.6;3.99;0.0;0.53;0.57;0.28
512;2022-12-31 08:00:00;24.7;24.7;24.1;24.1;24.1;0.97;0.97;0.8;0.8;0.8;4.34;0.87;0.0;3804.6;0.0;-0.0;0.0;0.0;0.0;0.0;0.0;3.99;-0.0;0.58;0.13;0.0
513;2022-12-31 08:15:00;24.6;24.6;24.1;24.1;24.1;0.91;0.91;0.74;0.74;0.74;4.06;0.81;0.0;3789.5;0.0;-0.0;0.0;0.0;0.0;0.0;0.0;4.0;-0.0;0.64;0.19;0.0
514;2022-12-31 08:30:00;24.5;24.5;24.0;24.0;24.0;0.89;0.89;0.74;0.74;0.74;4.0;0.8;0.0;3755.6;0.0;-0.0;0.0;0.0;0.0;0.0;0.0;4.01;-0.0;0.66;0.2;0.0
515;2022-12-31 08:45:00;24.5;24.5;24.0;24.0;24.0;0.86;0.86;0.71;0.71;0.71;3.86;0.77;0.0;3703.4;0.0;-0.0;0.0;0.0;0.0;0.0;0.0;4.04;-0.0;0.69;0.23;0.0
516;2022-12-31 09:00:00;24.5;24.5;24.0;24.0;24.0;0.86;0.86;0.71;0.71;0.71;3.86;0.77;0.0;3629.7;0.0;-0.0;0.0;0.0;0.0;0.0;0.0;4.07;-0.0;0.7;0.23;0.0
517;2022-12-31 09:15:00;24.5;24.5;24.0;24.0;24.0;0.86;0.86;0.71;0.71;0.71;3.86;0.77;0.0;3584.2;0.0;-0.0;0.0;0.0;0.0;0.0;0.0;4.09;-0.0;0.74;0.23;0.0
518;2022-12-31 09:30:00;24.5;24.5;24.0;24.0;24.0;0.86;0.86;0.71;0.71;0.71;3.86;0.77;0.0;3524.0;0.0;-0.0;0.0;0.0;0.0;0.0;0.0;4.12;-0.0;0.77;0.23;0.0
519;2022-12-31 09:45:00;24.5;24.5;24.1;24.1;24.1;0.86;0.86;0.71;0.71;0.71;3.86;0.77;0.0;3449.0;0.0;-0.0;0.0;0.0;0.0;0.0;0.0;4.16;-0.0;0.84;0.23;0.0
520;2022-12-31 10:00:00;24.6;24.6;24.1;24.1;24.1;0.86;0.86;0.74;0.74;0.74;3.94;0.79;0.0;3444.3;0.0;-0.0;0.0;0.0;0.0;0.0;0.0;4.16;-0.0;0.85;0.21;0.0
521;2022-12-31 10:15:00;24.6;24.6;24.1;24.1;24.1;0.89;0.89;0.74;0.74;0.74;4.0;0.8;0.0;3412.7;0.0;-0.0;0.0;0.0;0.0;0.0;0.0;4.18;-0.0;0.91;0.2;0.0
522;2022-12-31 10:30:00;24.6;24.6;24.2;24.2;24.2;0.89;0.89;0.74;0.74;0.74;4.0;0.8;0.0;3388.4;0.0;-0.0;0.0;0.0;0.0;0.0;0.0;4.19;-0.0;0.96;0.2;0.0
523;2022-12-31 10:45:00;24.7;24.7;24.2;24.2;24.2;0.89;0.89;0.77;0.77;0.77;4.09;0.82;0.0;3361.0;0.0;-0.0;0.0;0.0;0.0;0.0;0.0;4.21;-0.0;0.99;0.18;0.0
524;2022-12-31 11:00:00;24.7;24.7;24.2;24.2;24.2;0.91;0.91;0.77;0.77;0.77;4.14;0.83;0.0;3350.2;0.0;-0.0;0.0;0.0;0.0;0.0;0.0;4.21;-0.0;0.99;0.17;0.0
525;2022-12-31 11:15:00;24.7;24.7;24.2;24.2;24.2;0.91;0.91;0.77;0.77;0.77;4.14;0.83;0.0;3339.4;0.0;-0.0;0.0;0.0;0.0;0.0;0.0;4.22;-0.0;0.99;0.17;0.0
526;2022-12-31 11:30:00;24.7;24.7;24.3;24.3;24.3;0.91;0.91;0.77;0.77;0.77;4.14;0.83;0.0;3320.2;0.0;-0.0;0.0;0.0;0.0;0.0;0.0;4.24;-0.0;0.99;0.17;0.0
527;2022-12-31 11:45:00;24.8;24.8;24.3;24.3;24.3;0.91;0.91;0.8;0.8;0.8;4.23;0.85;0.0;3314.4;0.0;-0.0;0.0;0.0;0.0;0.0;0.0;4.25;-0.0;0.99;0.15;0.0
528;2022-12-31 12:00:00;24.8;24.8;24.3;24.3;24.3;0.94;0.94;0.8;0.8;0.8;4.29;0.86;0.0;3314.5;0.0;-0.0;0.0;0.0;0.0;0.0;0.0;4.25;-0.0;0.99;0.14;0.0
529;2022-12-31 12:15:00;24.8;24.8;24.4;24.4;24.4;0.94;0.94;0.8;0.8;0.8;4.29;0.86;0.0;3315.4;0.0;-0.0;0.0;0.0;0.0;0.0;0.0;4.26;-0.0;0.98;0.14;0.0
530;2022-12-31 12:30:00;24.9;24.9;24.4;24.4;24.4;0.94;0.94;0.83;0.83;0.83;4.37;0.87;0.0;3324.8;0.0;-0.0;0.0;0.0;0.0;0.0;0.0;4.26;-0.0;0.96;0.13;0.0
531;2022-12-31 12:45:00;24.8;24.8;24.4;24.4;24.4;0.97;0.97;0.83;0.83;0.83;4.43;0.89;0.0;3325.1;0.0;-0.0;0.0;0.0;0.0;0.0;0.0;4.26;-0.0;0.92;0.11;0.0
532;2022-12-31 13:00:00;24.8;24.8;24.4;24.4;24.4;0.94;0.94;0.83;0.83;0.83;4.37;0.87;0.0;3323.3;0.0;-0.0;0.0;0.0;0.0;0.0;0.0;4.26;-0.0;0.89;0.13;0.0
533;2022-12-31 13:15:00;24.8;24.8;24.4;24.4;24.4;0.94;0.94;0.83;0.83;0.83;4.37;0.87;0.0;3316.5;0.0;-0.0;0.0;0.0;0.0;0.0;0.0;4.26;-0.0;0.89;0.13;0.0
534;2022-12-31 13:30:00;24.8;24.8;24.4;24.4;24.4;0.94;0.94;0.83;0.83;0.83;4.37;0.87;0.0;3314.3;0.0;-0.0;0.0;0.0;0.0;0.0;0.0;4.25;-0.0;0.89;0.13;0.0
535;2022-12-31 13:45:00;24.8;24.8;24.3;24.3;24.3;0.94;0.94;0.83;0.83;0.83;4.37;0.87;0.0;3314.1;0.0;-0.0;0.0;0.0;0.0;0.0;0.0;4.25;-0.0;0.89;0.13;0.0
536;2022-12-31 14:00:00;24.8;24.8;24.3;24.3;24.3;0.94;0.94;0.8;0.8;0.8;4.29;0.86;0.0;3315.3;0.0;-0.0;0.0;0.0;0.0;0.0;0.0;4.24;-0.0;0.89;0.14;0.0
537;2022-12-31 14:15:00;24.8;24.8;24.3;24.3;24.3;0.94;0.94;0.8;0.8;0.8;4.29;0.86;0.0;3318.3;0.0;-0.0;0.0;0.0;0.0;0.0;0.0;4.24;-0.0;0.85;0.14;0.0
538;2022-12-31 14:30:00;24.8;24.8;24.3;24.3;24.3;0.94;0.94;0.8;0.8;0.8;4.29;0.86;0.0;3322.7;0.0;-0.0;0.0;0.0;0.0;0.0;0.0;4.23;-0.0;0.85;0.14;0.0
539;2022-12-31 14:45:00;24.8;24.8;24.3;24.3;24.3;0.94;0.94;0.8;0.8;0.8;4.29;0.86;0.0;3335.9;0.0;-0.0;0.0;0.0;0.0;0.0;0.0;4.22;-0.0;0.83;0.14;0.0
540;2022-12-31 15:00:00;24.7;24.7;24.3;24.3;24.3;0.94;0.94;0.8;0.8;0.8;4.29;0.86;0.0;3351.3;0.0;-0.0;0.0;0.0;0.0;0.0;0.0;4.21;-0.0;0.77;0.14;0.0
541;2022-12-31 15:15:00;24.7;24.7;24.3;24.3;24.3;0.91;0.91;0.8;0.8;0.8;4.23;0.85;0.0;3354.6;0.0;-0.0;0.0;0.0;0.0;0.0;0.0;4.21;-0.0;0.75;0.15;0.0
542;2022-12-31 15:30:00;24.7;24.7;24.3;24.3;24.3;0.91;0.91;0.8;0.8;0.8;4.23;0.85;0.0;3350.2;0.0;-0.0;0.0;0.0;0.0;0.0;0.0;4.21;-0.0;0.74;0.15;0.0
543;2022-12-31 15:45:00;24.7;24.7;24.2;24.2;24.2;0.91;0.91;0.8;0.8;0.8;4.23;0.85;0.0;3360.4;0.0;-0.0;0.0;0.0;0.0;0.0;0.0;4.21;-0.0;0.69;0.15;0.0
544;2022-12-31 16:00:00;24.7;24.7;24.2;24.2;24.2;0.91;0.91;0.77;0.77;0.77;4.14;0.83;0.0;3381.9;0.0;0.0;0.0;0.0;0.0;0.0;0.0;4.19;0.0;0.57;0.17;0.0
545;2022-12-31 16:15:00;24.7;24.7;24.2;24.2;24.2;0.91;0.91;0.77;0.77;0.77;4.14;0.83;0.0;3399.8;0.0;-0.0;0.0;0.0;0.0;0.0;0.0;4.18;-0.0;0.57;0.17;0.0
546;2022-12-31 16:30:00;24.6;24.6;24.2;24.2;24.2;0.91;0.91;0.77;0.77;0.77;4.14;0.83;0.0;3412.7;0.0;-0.0;0.0;0.0;0.0;0.0;0.0;4.18;-0.0;0.57;0.17;0.0
547;2022-12-31 16:45:00;24.6;24.6;24.2;24.2;24.2;0.89;0.89;0.77;0.77;0.77;4.09;0.82;0.0;3411.0;0.0;-0.0;0.0;0.0;0.0;0.0;0.0;4.18;-0.0;0.57;0.18;0.0
548;2022-12-31 17:00:00;24.6;24.6;24.2;24.2;24.2;0.81;0.81;0.79;0.79;0.79;3.99;0.8;0.0;3432.5;0.0;-0.0;0.0;0.0;0.0;0.0;0.0;4.17;-0.0;0.57;0.2;0.0
549;2022-12-31 17:15:00;24.6;24.6;24.2;24.2;24.2;0.81;0.81;0.79;0.79;0.79;3.99;0.8;0.0;3484.4;0.0;-0.0;0.0;0.0;0.0;0.0;0.0;4.14;-0.0;0.69;0.2;0.0
550;2022-12-31 17:30:00;24.6;24.6;24.1;24.1;24.1;0.81;0.81;0.79;0.79;0.79;3.99;0.8;0.0;3547.7;0.0;-0.0;0.0;0.0;0.0;0.0;0.0;4.11;-0.0;0.74;0.2;0.0
551;2022-12-31 17:45:00;24.6;24.6;24.1;24.1;24.1;0.81;0.81;0.78;0.78;0.78;3.96;0.79;0.0;3627.2;0.0;-0.0;0.0;0.0;0.0;0.0;0.0;4.07;-0.0;0.76;0.21;0.0
552;2022-12-31 18:00:00;24.6;24.6;24.1;24.1;24.1;0.81;0.81;0.78;0.78;0.78;3.96;0.79;0.0;3671.9;0.0;-0.0;0.0;0.0;0.0;0.0;0.0;4.05;-0.0;0.79;0.21;0.0
553;2022-12-31 18:15:00;24.5;24.5;24.1;24.1;24.1;0.81;0.81;0.78;0.78;0.78;3.96;0.79;0.0;3690.2;0.0;-0.0;0.0;0.0;0.0;0.0;0.0;4.04;-0.0;0.83;0.21;0.0
554;2022-12-31 18:30:00;24.5;24.5;24.1;24.1;24.1;0.81;0.81;0.78;0.78;0.78;3.95;0.79;0.0;3671.9;0.0;-0.0;0.0;0.0;0.0;0.0;0.0;4.05;-0.0;0.84;0.21;0.0
555;2022-12-31 18:45:00;24.5;24.5;24.1;24.1;24.1;0.81;0.81;0.78;0.78;0.78;3.95;0.79;0.0;3668.0;0.0;-0.0;0.0;0.0;0.0;0.0;0.0;4.05;-0.0;0.84;0.21;0.0
556;2022-12-31 19:00:00;24.5;24.5;24.1;24.1;24.1;0.81;0.81;0.78;0.78;0.78;3.95;0.79;0.0;3682.3;0.0;-0.0;0.0;0.0;0.0;0.0;0.0;4.05;-0.0;0.84;0.21;0.0
557;2022-12-31 19:15:00;24.5;24.5;24.0;24.0;24.0;0.81;0.81;0.78;0.78;0.78;3.95;0.79;0.0;3700.7;0.0;-0.0;0.0;0.0;0.0;0.0;0.0;4.04;-0.0;0.84;0.21;0.0
558;2022-12-31 19:30:00;24.5;24.5;24.0;24.0;24.0;0.81;0.81;0.77;0.77;0.77;3.93;0.79;0.0;3735.4;0.0;-0.0;0.0;0.0;0.0;0.0;0.0;4.02;-0.0;0.84;0.21;0.0
559;2022-12-31 19:45:00;24.5;24.5;24.0;24.0;24.0;0.81;0.81;0.77;0.77;0.77;3.93;0.79;0.0;3786.8;0.0;-0.0;0.0;0.0;0.0;0.0;0.0;4.0;-0.0;0.83;0.21;0.0
560;2022-12-31 20:00:00;24.4;24.4;24.0;24.0;24.0;0.81;0.81;0.77;0.77;0.77;3.93;0.79;0.0;3815.5;0.0;-0.0;0.0;0.0;0.0;0.0;0.0;3.98;-0.0;0.8;0.21;0.0
561;2022-12-31 20:15:00;24.4;24.4;24.0;24.0;24.0;0.8;0.8;0.77;0.77;0.77;3.91;0.78;0.0;3849.9;0.0;-0.0;0.0;0.0;0.0;0.0;0.0;3.97;-0.0;0.8;0.22;0.0
562;2022-12-31 20:30:00;24.4;24.4;24.0;24.0;24.0;0.8;0.8;0.77;0.77;0.77;3.91;0.78;0.0;3888.4;0.0;-0.0;0.0;0.0;0.0;0.0;0.0;3.95;-0.0;0.81;0.22;0.0
563;2022-12-31 20:45:00;24.4;24.4;24.0;24.0;24.0;0.8;0.8;0.77;0.77;0.77;3.91;0.78;0.0;3874.6;0.0;-0.0;0.0;0.0;0.0;0.0;0.0;3.95;-0.0;0.81;0.22;0.0
564;2022-12-31 21:00:00;24.4;24.4;23.9;23.9;23.9;0.8;0.8;0.77;0.77;0.77;3.91;0.78;0.0;3885.6;0.0;-0.0;0.0;0.0;0.0;0.0;0.0;3.95;-0.0;0.81;0.22;0.0
565;2022-12-31 21:15:00;24.4;24.4;23.9;23.9;23.9;0.8;0.8;0.76;0.76;0.76;3.89;0.78;0.0;3944.6;0.0;-0.0;0.0;0.0;0.0;0.0;0.0;3.92;-0.0;0.77;0.22;0.0
566;2022-12-31 21:30:00;24.4;24.4;23.9;23.9;23.9;0.8;0.8;0.76;0.76;0.76;3.89;0.78;0.0;3955.5;0.0;-0.0;0.0;0.0;0.0;0.0;0.0;3.91;-0.0;0.77;0.22;0.0
567;2022-12-31 21:45:00;24.3;24.3;23.9;23.9;23.9;0.8;0.8;0.76;0.76;0.76;3.89;0.78;0.0;3987.9;0.0;-0.0;0.0;0.0;0.0;0.0;0.0;3.9;-0.0;0.76;0.22;0.0
568;2022-12-31 22:00:00;24.3;24.3;23.9;23.9;23.9;0.79;0.79;0.76;0.76;0.76;3.88;0.78;0.0;3989.3;0.0;-0.0;0.0;0.0;0.0;0.0;0.0;3.9;-0.0;0.75;0.22;0.0
569;2022-12-31 22:15:00;24.3;24.3;23.9;23.9;23.9;0.79;0.79;0.76;0.76;0.76;3.88;0.78;0.0;4033.2;0.0;-0.0;0.0;0.0;0.0;0.0;0.0;3.87;-0.0;0.88;0.22;0.0
570;2022-12-31 22:30:00;24.3;24.3;23.9;23.9;23.9;0.79;0.79;0.76;0.76;0.76;3.88;0.78;0.0;4020.0;0.0;-0.0;0.0;0.0;0.0;0.0;0.0;3.88;-0.0;0.97;0.22;0.0
571;2022-12-31 22:45:00;24.3;24.3;23.8;23.8;23.8;0.79;0.79;0.76;0.76;0.76;3.88;0.78;0.0;3979.8;0.0;-0.0;0.0;0.0;0.0;0.0;0.0;3.9;-0.0;0.99;0.22;0.0
572;2022-12-31 23:00:00;24.3;24.3;23.8;23.8;23.8;0.79;0.79;0.76;0.76;0.76;3.86;0.77;0.0;3943.2;0.0;-0.0;0.0;0.0;0.0;0.0;0.0;3.92;-0.01;1.0;0.23;0.0
573;2022-12-31 23:15:00;24.2;24.2;23.8;23.8;23.8;0.79;0.79;0.76;0.76;0.76;3.86;0.77;0.0;3962.2;0.0;-0.0;0.0;0.0;0.0;0.0;0.0;3.91;-0.0;0.99;0.23;0.0
574;2022-12-31 23:30:00;24.2;24.2;23.8;23.8;23.8;0.79;0.79;0.76;0.76;0.76;3.84;0.77;0.0;3937.7;0.0;-0.0;0.0;0.0;0.0;0.0;0.0;3.92;-0.0;0.98;0.23;0.0
575;2022-12-31 23:45:00;24.2;24.2;23.8;23.8;23.8;0.79;0.79;0.76;0.76;0.76;3.84;0.77;0.0;3898.0;0.0;-0.0;0.0;0.0;0.0;0.0;0.0;3.94;-0.0;0.89;0.23;0.0
576;2023-01-01 00:00:00;24.2;24.2;23.8;23.8;23.8;0.79;0.79;0.76;0.76;0.76;3.84;0.77;0.0;3854.0;0.0;-0.0;0.0;0.0;0.0;0.0;0.0;3.97;-0.0;0.8;0.23;0.0
577;2023-01-01 00:15:00;24.2;24.2;23.8;23.8;23.8;0.79;0.79;0.76;0.76;0.76;3.84;0.77;0.0;3822.4;0.0;-0.0;0.0;0.0;0.0;0.0;0.0;3.98;-0.0;0.8;0.23;0.0
578;2023-01-01 00:30:00;24.2;24.2;23.8;23.8;23.8;0.79;0.79;0.76;0.76;0.76;3.84;0.77;0.0;3823.7;0.0;-0.0;0.0;0.0;0.0;0.0;0.0;3.98;-0.0;0.81;0.23;0.0
579;2023-01-01 00:45:00;24.2;24.2;23.7;23.7;23.7;0.79;0.79;0.76;0.76;0.76;3.84;0.77;0.0;3849.9;0.0;-0.0;0.0;0.0;0.0;0.0;0.0;3.97;-0.0;0.81;0.23;0.0
580;2023-01-01 01:00:00;24.2;24.2;23.7;23.7;23.7;0.79;0.79;0.75;0.75;0.75;3.82;0.76;0.0;3880.1;0.0;-0.0;0.0;0.0;0.0;0.0;0.0;3.95;-0.0;0.82;0.24;0.0
581;2023-01-01 01:15:00;24.1;24.1;23.7;23.7;23.7;0.79;0.79;0.75;0.75;0.75;3.82;0.76;0.0;3930.9;0.0;-0.0;0.0;0.0;0.0;0.0;0.0;3.93;-0.0;0.84;0.24;0.0
582;2023-01-01 01:30:00;24.1;24.1;23.7;23.7;23.7;0.78;0.78;0.75;0.75;0.75;3.81;0.76;0.0;3994.6;0.0;-0.0;0.0;0.0;0.0;0.0;0.0;3.89;-0.0;0.86;0.24;0.0
583;2023-01-01 01:45:00;24.1;24.1;23.7;23.7;23.7;0.78;0.78;0.75;0.75;0.75;3.81;0.76;0.0;3975.8;0.0;-0.0;0.0;0.0;0.0;0.0;0.0;3.9;-0.0;0.97;0.24;0.0
584;2023-01-01 02:00:00;24.1;24.1;23.7;23.7;23.7;0.78;0.78;0.75;0.75;0.75;3.81;0.76;0.0;3997.3;0.0;-0.0;0.0;0.0;0.0;0.0;0.0;3.89;-0.01;1.0;0.24;0.0
585;2023-01-01 02:15:00;24.1;24.1;23.6;23.6;23.6;0.78;0.78;0.75;0.75;0.75;3.81;0.76;0.0;4072.3;0.0;-0.0;0.0;0.0;0.0;0.0;0.0;3.85;-0.0;1.0;0.24;0.0
586;2023-01-01 02:30:00;24.1;24.1;23.6;23.6;23.6;0.78;0.78;0.74;0.74;0.74;3.79;0.76;0.0;4088.9;0.0;-0.0;0.0;0.0;0.0;0.0;0.0;3.84;-0.0;1.0;0.24;0.0
587;2023-01-01 02:45:00;24.0;24.0;23.6;23.6;23.6;0.78;0.78;0.74;0.74;0.74;3.79;0.76;0.0;4072.3;0.0;-0.0;0.0;0.0;0.0;0.0;0.0;3.85;-0.0;1.0;0.24;0.0
588;2023-01-01 03:00:00;24.0;24.0;23.6;23.6;23.6;0.77;0.77;0.74;0.74;0.74;3.77;0.75;0.0;4071.0;0.0;-0.0;0.0;0.0;0.0;0.0;0.0;3.85;-0.0;1.0;0.25;0.0
589;2023-01-01 03:15:00;24.0;24.0;23.6;23.6;23.6;0.77;0.77;0.74;0.74;0.74;3.77;0.75;0.0;4069.7;0.0;-0.0;0.0;0.0;0.0;0.0;0.0;3.85;-0.0;1.0;0.25;0.0
590;2023-01-01 03:30:00;24.0;24.0;23.6;23.6;23.6;0.77;0.77;0.74;0.74;0.74;3.77;0.75;0.0;4037.2;0.0;-0.0;0.0;0.0;0.0;0.0;0.0;3.87;-0.0;1.0;0.25;0.0
591;2023-01-01 03:45:00;24.0;24.0;23.6;23.6;23.6;0.77;0.77;0.74;0.74;0.74;3.77;0.75;0.0;4018.7;0.0;-0.0;0.0;0.0;0.0;0.0;0.0;3.88;-0.01;1.0;0.25;0.0
592;2023-01-01 04:00:00;24.0;24.0;23.5;23.5;23.5;0.77;0.77;0.74;0.74;0.74;3.77;0.75;0.0;3998.7;0.0;-0.0;0.0;0.0;0.0;0.0;0.0;3.89;-0.01;1.0;0.25;0.0
593;2023-01-01 04:15:00;25.3;25.3;24.9;24.9;24.9;0.77;0.77;0.74;0.74;0.74;3.75;0.75;0.0;3958.2;3958.2;-0.01;3074.9;3074.9;3111.8;3111.8;3111.8;3.91;-0.01;1.0;0.25;1.0
594;2023-01-01 04:30:00;25.2;25.2;24.8;24.8;24.8;0.86;0.86;0.84;0.84;0.84;4.24;0.85;0.0;3950.0;987.5;-0.0;769.6;769.6;776.1;776.1;776.1;3.92;-0.01;1.0;0.15;0.25
595;2023-01-01 04:45:00;24.8;24.8;24.4;24.4;24.4;0.86;0.86;0.83;0.83;0.83;4.2;0.84;0.0;3952.7;0.0;-0.0;0.0;0.0;0.0;0.0;0.0;3.92;-0.01;1.0;0.16;0.0
596;2023-01-01 05:00:00;24.6;24.6;24.2;24.2;24.2;0.83;0.83;0.8;0.8;0.8;4.06;0.81;0.0;3954.1;0.0;-0.0;0.0;0.0;0.0;0.0;0.0;3.91;-0.01;1.0;0.19;0.0
597;2023-01-01 05:15:00;24.5;24.5;24.1;24.1;24.1;0.81;0.81;0.79;0.79;0.79;3.99;0.8;0.0;3974.4;0.0;-0.0;0.0;0.0;0.0;0.0;0.0;3.9;-0.0;0.95;0.2;0.0
598;2023-01-01 05:30:00;24.4;24.4;24.0;24.0;24.0;0.81;0.81;0.78;0.78;0.78;3.95;0.79;0.0;3974.4;0.0;-0.0;0.0;0.0;0.0;0.0;0.0;3.9;-0.0;0.85;0.21;0.0
599;2023-01-01 05:45:00;24.4;24.4;24.0;24.0;24.0;0.8;0.8;0.77;0.77;0.77;3.91;0.78;0.0;3950.0;0.0;-0.0;0.0;0.0;0.0;0.0;0.0;3.92;-0.0;0.83;0.22;0.0
600;2023-01-01 06:00:00;25.3;25.3;24.7;24.7;24.7;0.2;0.2;0.57;0.57;0.57;2.11;0.42;0.0;3947.3;2589.8;-0.0;2296.7;2296.7;1851.0;1851.0;1851.0;3.92;-0.0;0.81;0.58;0.66
601;2023-01-01 06:15:00;26.0;26.0;25.3;25.3;25.3;0.26;0.26;0.62;0.62;0.62;2.39;0.48;0.0;3978.5;2610.3;-0.0;2264.8;2264.8;1884.8;1884.8;1884.8;3.9;-0.0;0.81;0.52;0.66
602;2023-01-01 06:30:00;26.4;26.4;25.7;25.7;25.7;0.31;0.31;0.66;0.66;0.66;2.62;0.52;0.0;4024.0;2640.1;-0.0;2252.1;2252.1;1910.5;1910.5;1910.5;3.88;-0.0;0.81;0.48;0.66
603;2023-01-01 06:45:00;26.8;26.8;26.0;26.0;26.0;0.34;0.34;0.69;0.69;0.69;2.76;0.55;0.0;4081.2;2744.2;-0.0;2310.6;2310.6;1976.6;1976.6;1976.6;3.84;-0.0;0.82;0.45;0.67
604;2023-01-01 07:00:00;27.1;27.1;26.3;26.3;26.3;0.37;0.37;0.71;0.71;0.71;2.89;0.58;0.0;4137.4;2782.0;-0.0;2309.5;2309.5;1994.6;1994.6;1994.6;3.81;-0.0;0.82;0.42;0.67
605;2023-01-01 07:15:00;27.4;27.4;26.5;26.5;26.5;0.39;0.39;0.74;0.74;0.74;2.99;0.6;0.0;4219.1;2768.2;-0.0;2259.1;2259.1;1961.2;1961.2;1961.2;3.76;-0.0;0.81;0.4;0.66
606;2023-01-01 07:30:00;27.7;27.7;26.8;26.8;26.8;0.41;0.41;0.75;0.75;0.75;3.08;0.62;0.0;4306.3;2825.4;-0.0;2255.4;2255.4;1971.2;1971.2;1971.2;3.69;-0.0;0.81;0.38;0.66
607;2023-01-01 07:45:00;27.9;27.9;27.0;27.0;27.0;0.44;0.44;0.77;0.77;0.77;3.19;0.64;0.0;4362.1;2791.8;-0.0;2188.7;2188.7;1921.5;1921.5;1921.5;3.63;-0.0;0.8;0.36;0.64
608;2023-01-01 08:00:00;27.2;27.2;26.4;26.4;26.4;1.0;1.0;1.0;1.0;1.0;5.0;1.0;11.69;4366.5;0.0;-0.0;0.0;0.0;0.0;0.0;0.0;3.63;-0.0;0.8;0.0;0.0
609;2023-01-01 08:15:00;26.8;26.8;26.0;26.0;26.0;1.0;1.0;1.0;1.0;1.0;5.0;1.0;8.42;4367.7;0.0;-0.0;0.0;0.0;0.0;0.0;0.0;3.63;-0.0;0.8;0.0;0.0
610;2023-01-01 08:30:00;26.6;26.6;25.8;25.8;25.8;1.0;1.0;1.0;1.0;1.0;5.0;1.0;6.59;4354.2;0.0;-0.0;0.0;0.0;0.0;0.0;0.0;3.64;-0.0;0.8;0.0;0.0
611;2023-01-01 08:45:00;26.5;26.5;25.7;25.7;25.7;1.0;1.0;1.0;1.0;1.0;5.0;1.0;5.57;4294.8;0.0;-0.0;0.0;0.0;0.0;0.0;0.0;3.7;-0.0;0.8;0.0;0.0
612;2023-01-01 09:00:00;26.4;26.4;25.7;25.7;25.7;1.0;1.0;1.0;1.0;1.0;5.0;1.0;5.06;4183.4;0.0;-0.0;0.0;0.0;0.0;0.0;0.0;3.78;-0.0;0.8;0.0;0.0
613;2023-01-01 09:15:00;26.4;26.4;25.7;25.7;25.7;1.0;1.0;1.0;1.0;1.0;5.0;1.0;4.82;4123.9;0.0;-0.0;0.0;0.0;0.0;0.0;0.0;3.82;-0.0;0.8;0.0;0.0
614;2023-01-01 09:30:00;26.4;26.4;25.7;25.7;25.7;1.0;1.0;1.0;1.0;1.0;5.0;1.0;4.72;4059.4;0.0;-0.0;0.0;0.0;0.0;0.0;0.0;3.86;-0.0;0.8;0.0;0.0
615;2023-01-01 09:45:00;26.4;26.4;25.7;25.7;25.7;1.0;1.0;1.0;1.0;1.0;5.0;1.0;4.75;3992.0;0.0;-0.0;0.0;0.0;0.0;0.0;0.0;3.89;-0.0;0.8;0.0;0.0
616;2023-01-01 10:00:00;26.4;26.4;25.7;25.7;25.7;1.0;1.0;1.0;1.0;1.0;5.0;1.0;4.8;3933.6;0.0;-0.0;0.0;0.0;0.0;0.0;0.0;3.92;-0.0;0.8;0.0;0.0
617;2023-01-01 10:15:00;26.4;26.4;25.7;25.7;25.7;1.0;1.0;1.0;1.0;1.0;5.0;1.0;4.86;3860.9;0.0;-0.0;0.0;0.0;0.0;0.0;0.0;3.96;-0.0;0.8;0.0;0.0
618;2023-01-01 10:30:00;26.4;26.4;25.7;25.7;25.7;1.0;1.0;1.0;1.0;1.0;5.0;1.0;5.01;3826.5;0.0;-0.0;0.0;0.0;0.0;0.0;0.0;3.98;-0.0;0.8;0.0;0.0
619;2023-01-01 10:45:00;26.4;26.4;25.7;25.7;25.7;1.0;1.0;1.0;1.0;1.0;5.0;1.0;5.08;3792.2;0.0;-0.0;0.0;0.0;0.0;0.0;0.0;4.0;-0.0;0.8;0.0;0.0
620;2023-01-01 11:00:00;26.5;26.5;25.7;25.7;25.7;1.0;1.0;1.0;1.0;1.0;5.0;1.0;5.14;3769.1;0.0;-0.0;0.0;0.0;0.0;0.0;0.0;4.01;-0.0;0.8;0.0;0.0
621;2023-01-01 11:15:00;26.4;26.4;25.7;25.7;25.7;1.0;1.0;1.0;1.0;1.0;5.0;1.0;5.15;3750.2;0.0;-0.0;0.0;0.0;0.0;0.0;0.0;4.02;-0.0;0.8;0.0;0.0
622;2023-01-01 11:30:00;26.4;26.4;25.7;25.7;25.7;1.0;1.0;1.0;1.0;1.0;5.0;1.0;5.09;3708.7;0.0;-0.0;0.0;0.0;0.0;0.0;0.0;4.03;-0.0;0.8;0.0;0.0
623;2023-01-01 11:45:00;26.4;26.4;25.7;25.7;25.7;1.0;1.0;1.0;1.0;1.0;5.0;1.0;5.08;3639.8;0.0;-0.0;0.0;0.0;0.0;0.0;0.0;4.07;-0.0;0.77;0.0;0.0
624;2023-01-01 12:00:00;26.5;26.5;25.8;25.8;25.8;1.0;1.0;1.0;1.0;1.0;5.0;1.0;5.08;3515.2;0.0;-0.0;0.0;0.0;0.0;0.0;0.0;4.13;-0.0;0.72;0.0;0.0
625;2023-01-01 12:15:00;26.5;26.5;25.8;25.8;25.8;1.0;1.0;1.0;1.0;1.0;5.0;1.0;5.42;3457.5;0.0;0.0;0.0;0.0;0.0;0.0;0.0;4.15;0.0;0.56;0.0;0.0
626;2023-01-01 12:30:00;26.5;26.5;25.8;25.8;25.8;1.0;1.0;1.0;1.0;1.0;5.0;1.0;5.48;3448.0;0.0;0.0;0.0;0.0;0.0;0.0;0.0;4.16;0.0;0.26;0.0;0.0
627;2023-01-01 12:45:00;26.5;26.5;25.9;25.9;25.9;1.0;1.0;1.0;1.0;1.0;5.0;1.0;5.59;3412.7;0.0;0.0;0.0;0.0;0.0;0.0;0.0;4.18;0.0;0.26;0.0;0.0
628;2023-01-01 13:00:00;26.6;26.6;25.9;25.9;25.9;1.0;1.0;1.0;1.0;1.0;5.0;1.0;5.64;3411.0;0.0;0.0;0.0;0.0;0.0;0.0;0.0;4.18;0.0;0.24;0.0;0.0
629;2023-01-01 13:15:00;26.5;26.5;25.8;25.8;25.8;1.0;1.0;1.0;1.0;1.0;5.0;1.0;5.68;3428.0;0.0;0.0;0.0;0.0;0.0;0.0;0.0;4.17;0.01;0.22;0.0;0.0
630;2023-01-01 13:30:00;26.5;26.5;25.8;25.8;25.8;1.0;1.0;1.0;1.0;1.0;5.0;1.0;5.54;3451.8;0.0;0.0;0.0;0.0;0.0;0.0;0.0;4.16;0.01;0.22;0.0;0.0
631;2023-01-01 13:45:00;26.5;26.5;25.8;25.8;25.8;1.0;1.0;1.0;1.0;1.0;5.0;1.0;5.45;3460.4;0.0;0.0;0.0;0.0;0.0;0.0;0.0;4.15;0.02;0.22;0.0;0.0
632;2023-01-01 14:00:00;26.5;26.5;25.8;25.8;25.8;1.0;1.0;1.0;1.0;1.0;5.0;1.0;5.36;3471.3;0.0;0.0;0.0;0.0;0.0;0.0;0.0;4.15;0.02;0.21;0.0;0.0
633;2023-01-01 14:15:00;26.4;26.4;25.8;25.8;25.8;1.0;1.0;1.0;1.0;1.0;5.0;1.0;5.26;3483.4;0.0;0.0;0.0;0.0;0.0;0.0;0.0;4.14;0.03;0.2;0.0;0.0
634;2023-01-01 14:30:00;26.4;26.4;25.7;25.7;25.7;1.0;1.0;1.0;1.0;1.0;5.0;1.0;5.13;3499.0;0.0;0.0;0.0;0.0;0.0;0.0;0.0;4.13;0.03;0.2;0.0;0.0
635;2023-01-01 14:45:00;26.4;26.4;25.7;25.7;25.7;1.0;1.0;1.0;1.0;1.0;5.0;1.0;5.02;3519.6;0.0;0.0;0.0;0.0;0.0;0.0;0.0;4.12;0.03;0.2;0.0;0.0
636;2023-01-01 15:00:00;26.4;26.4;25.7;25.7;25.7;1.0;1.0;1.0;1.0;1.0;5.0;1.0;4.95;3556.9;0.0;0.0;0.0;0.0;0.0;0.0;0.0;4.11;0.04;0.18;0.0;0.0
637;2023-01-01 15:15:00;26.4;26.4;25.7;25.7;25.7;1.0;1.0;1.0;1.0;1.0;5.0;1.0;4.87;3651.3;0.0;0.0;0.0;0.0;0.0;0.0;0.0;4.06;0.04;0.17;0.0;0.0
638;2023-01-01 15:30:00;26.3;26.3;25.7;25.7;25.7;1.0;1.0;1.0;1.0;1.0;5.0;1.0;4.75;3748.8;0.0;0.0;0.0;0.0;0.0;0.0;0.0;4.02;0.04;0.16;0.0;0.0
639;2023-01-01 15:45:00;26.3;26.3;25.6;25.6;25.6;1.0;1.0;1.0;1.0;1.0;5.0;1.0;4.63;3804.6;0.0;0.0;0.0;0.0;0.0;0.0;0.0;3.99;0.04;0.15;0.0;0.0
640;2023-01-01 16:00:00;26.3;26.3;25.6;25.6;25.6;1.0;1.0;1.0;1.0;1.0;5.0;1.0;4.5;3920.0;0.0;0.0;0.0;0.0;0.0;0.0;0.0;3.93;0.05;0.14;0.0;0.0
641;2023-01-01 16:15:00;26.3;26.3;25.6;25.6;25.6;1.0;1.0;1.0;1.0;1.0;5.0;1.0;4.37;3959.5;0.0;0.0;0.0;0.0;0.0;0.0;0.0;3.91;0.05;0.1;0.0;0.0
642;2023-01-01 16:30:00;26.2;26.2;25.6;25.6;25.6;1.0;1.0;1.0;1.0;1.0;5.0;1.0;4.26;4064.5;0.0;0.0;0.0;0.0;0.0;0.0;0.0;3.85;0.05;0.08;0.0;0.0
643;2023-01-01 16:45:00;26.2;26.2;25.5;25.5;25.5;1.0;1.0;1.0;1.0;1.0;5.0;1.0;4.14;4214.8;0.0;0.0;0.0;0.0;0.0;0.0;0.0;3.76;0.05;0.06;0.0;0.0
644;2023-01-01 17:00:00;26.2;26.2;25.5;25.5;25.5;0.93;0.93;0.88;0.88;0.88;4.49;0.9;0.0;4323.0;0.0;0.0;0.0;0.0;0.0;0.0;0.0;3.67;0.06;0.04;0.1;0.0
645;2023-01-01 17:15:00;26.1;26.1;25.5;25.5;25.5;0.93;0.93;0.88;0.88;0.88;4.49;0.9;0.0;4401.0;0.0;0.0;0.0;0.0;0.0;0.0;0.0;3.57;0.06;0.04;0.1;0.0
646;2023-01-01 17:30:00;26.1;26.1;25.4;25.4;25.4;0.92;0.92;0.88;0.88;0.88;4.48;0.9;0.0;4416.8;0.0;0.0;0.0;0.0;0.0;0.0;0.0;3.49;0.06;0.04;0.1;0.0
647;2023-01-01 17:45:00;26.1;26.1;25.4;25.4;25.4;0.92;0.92;0.87;0.87;0.87;4.46;0.89;0.0;4416.8;0.0;0.0;0.0;0.0;0.0;0.0;0.0;3.49;0.06;0.04;0.11;0.0
648;2023-01-01 18:00:00;26.1;26.1;25.4;25.4;25.4;0.92;0.92;0.87;0.87;0.87;4.46;0.89;0.0;4399.2;0.0;0.0;0.0;0.0;0.0;0.0;0.0;3.58;0.05;0.04;0.11;0.0
649;2023-01-01 18:15:00;26.1;26.1;25.4;25.4;25.4;0.92;0.92;0.87;0.87;0.87;4.46;0.89;0.0;4334.8;0.0;0.0;0.0;0.0;0.0;0.0;0.0;3.66;0.05;0.06;0.11;0.0
650;2023-01-01 18:30:00;26.0;26.0;25.4;25.4;25.4;0.92;0.92;0.87;0.87;0.87;4.46;0.89;0.0;4309.7;0.0;0.0;0.0;0.0;0.0;0.0;0.0;3.69;0.05;0.07;0.11;0.0
651;2023-01-01 18:45:00;26.0;26.0;25.4;25.4;25.4;0.91;0.91;0.87;0.87;0.87;4.44;0.89;0.0;4312.3;0.0;0.0;0.0;0.0;0.0;0.0;0.0;3.68;0.05;0.08;0.11;0.0
652;2023-01-01 19:00:00;26.0;26.0;25.3;25.3;25.3;0.91;0.91;0.87;0.87;0.87;4.44;0.89;0.0;4293.9;0.0;0.0;0.0;0.0;0.0;0.0;0.0;3.7;0.05;0.09;0.11;0.0
653;2023-01-01 19:15:00;26.0;26.0;25.3;25.3;25.3;0.91;0.91;0.86;0.86;0.86;4.42;0.88;0.0;4311.4;0.0;0.0;0.0;0.0;0.0;0.0;0.0;3.69;0.05;0.1;0.12;0.0
654;2023-01-01 19:30:00;26.0;26.0;25.3;25.3;25.3;0.91;0.91;0.86;0.86;0.86;4.42;0.88;0.0;4327.0;0.0;0.0;0.0;0.0;0.0;0.0;0.0;3.67;0.05;0.1;0.12;0.0
655;2023-01-01 19:45:00;25.9;25.9;25.3;25.3;25.3;0.91;0.91;0.86;0.86;0.86;4.42;0.88;0.0;4358.9;0.0;0.0;0.0;0.0;0.0;0.0;0.0;3.64;0.05;0.14;0.12;0.0
656;2023-01-01 20:00:00;25.9;25.9;25.2;25.2;25.2;0.91;0.91;0.86;0.86;0.86;4.41;0.88;0.0;4395.3;0.0;0.0;0.0;0.0;0.0;0.0;0.0;3.58;0.04;0.14;0.12;0.0
657;2023-01-01 20:15:00;25.9;25.9;25.2;25.2;25.2;0.91;0.91;0.86;0.86;0.86;4.39;0.88;0.0;4393.6;0.0;0.0;0.0;0.0;0.0;0.0;0.0;3.59;0.05;0.14;0.12;0.0
658;2023-01-01 20:30:00;25.9;25.9;25.2;25.2;25.2;0.91;0.91;0.86;0.86;0.86;4.39;0.88;0.0;4403.7;0.0;0.0;0.0;0.0;0.0;0.0;0.0;3.57;0.05;0.14;0.12;0.0
659;2023-01-01 20:45:00;25.8;25.8;25.2;25.2;25.2;0.91;0.91;0.86;0.86;0.86;4.39;0.88;0.0;4416.9;0.0;0.0;0.0;0.0;0.0;0.0;0.0;3.5;0.05;0.14;0.12;0.0
660;2023-01-01 21:00:00;25.8;25.8;25.2;25.2;25.2;0.9;0.9;0.86;0.86;0.86;4.37;0.87;0.0;4410.1;0.0;0.0;0.0;0.0;0.0;0.0;0.0;3.44;0.05;0.14;0.13;0.0
661;2023-01-01 21:15:00;25.8;25.8;25.1;25.1;25.1;0.9;0.9;0.86;0.86;0.86;4.37;0.87;0.0;4400.6;0.0;0.0;0.0;0.0;0.0;0.0;0.0;3.38;0.04;0.15;0.13;0.0
662;2023-01-01 21:30:00;25.7;25.7;25.1;25.1;25.1;0.9;0.9;0.85;0.85;0.85;4.35;0.87;0.0;4400.0;0.0;0.0;0.0;0.0;0.0;0.0;0.0;3.34;0.04;0.16;0.13;0.0
663;2023-01-01 21:45:00;25.7;25.7;25.1;25.1;25.1;0.89;0.89;0.85;0.85;0.85;4.34;0.87;0.0;4410.5;0.0;0.0;0.0;0.0;0.0;0.0;0.0;3.3;0.04;0.18;0.13;0.0
664;2023-01-01 22:00:00;25.7;25.7;25.0;25.0;25.0;0.89;0.89;0.85;0.85;0.85;4.34;0.87;0.0;4434.5;0.0;0.0;0.0;0.0;0.0;0.0;0.0;3.26;0.04;0.19;0.13;0.0
665;2023-01-01 22:15:00;25.7;25.7;25.0;25.0;25.0;0.89;0.89;0.84;0.84;0.84;4.31;0.86;0.0;4473.6;0.0;0.0;0.0;0.0;0.0;0.0;0.0;3.22;0.04;0.16;0.14;0.0
666;2023-01-01 22:30:00;25.6;25.6;25.0;25.0;25.0;0.89;0.89;0.84;0.84;0.84;4.31;0.86;0.0;4494.2;0.0;0.0;0.0;0.0;0.0;0.0;0.0;3.2;0.05;0.13;0.14;0.0
667;2023-01-01 22:45:00;25.6;25.6;24.9;24.9;24.9;0.89;0.89;0.84;0.84;0.84;4.3;0.86;0.0;4495.3;0.0;0.0;0.0;0.0;0.0;0.0;0.0;3.2;0.05;0.07;0.14;0.0
668;2023-01-01 23:00:00;25.6;25.6;24.9;24.9;24.9;0.89;0.89;0.84;0.84;0.84;4.28;0.86;0.0;4465.5;0.0;0.0;0.0;0.0;0.0;0.0;0.0;3.23;0.06;0.0;0.14;0.0
669;2023-01-01 23:15:00;25.5;25.5;24.9;24.9;24.9;0.89;0.89;0.84;0.84;0.84;4.28;0.86;0.0;4435.3;0.0;0.0;0.0;0.0;0.0;0.0;0.0;3.26;0.06;0.02;0.14;0.0
670;2023-01-01 23:30:00;25.5;25.5;24.9;24.9;24.9;0.88;0.88;0.84;0.84;0.84;4.26;0.85;0.0;4426.9;0.0;0.0;0.0;0.0;0.0;0.0;0.0;3.27;0.05;0.04;0.15;0.0
671;2023-01-01 23:45:00;25.5;25.5;24.8;24.8;24.8;0.88;0.88;0.84;0.84;0.84;4.26;0.85;0.0;4425.4;0.0;0.0;0.0;0.0;0.0;0.0;0.0;3.28;0.05;0.06;0.15;0.0
