,timestamp,ambient_temperature_[degree_celsius],electricity_price_[cent_per_kilowatt_hour],heat_pump_coefficient_of_performance,heat_pump_maximum_electrical_power_[watt],room_1_maximum_air_temperature_[degree_celsius],room_1_minimum_air_temperature_[degree_celsius],room_2_maximum_air_temperature_[degree_celsius],room_2_minimum_air_temperature_[degree_celsius],room_3_maximum_air_temperature_[degree_celsius],room_3_minimum_air_temperature_[degree_celsius],room_4_maximum_air_temperature_[degree_celsius],room_4_minimum_air_temperature_[degree_celsius],room_5_maximum_air_temperature_[degree_celsius],room_5_minimum_air_temperature_[degree_celsius],solar_radiation_[watt_per_square_meter]
0,2022-07-04 00:00:00+00:00,20.86,4.6,5.67,2082.95,30.0,16.0,30.0,16.0,30.0,16.0,30.0,16.0,30.0,16.0,6.2
1,2022-07-04 00:15:00+00:00,20.63,4.6,5.69,2071.31,30.0,16.0,30.0,16.0,30.0,16.0,30.0,16.0,30.0,16.0,6.48
2,2022-07-04 00:30:00+00:00,20.42,4.6,5.71,2060.98,30.0,16.0,30.0,16.0,30.0,16.0,30.0,16.0,30.0,16.0,6.38
3,2022-07-04 00:45:00+00:00,20.21,4.6,5.73,2050.8,30.0,16.0,30.0,16.0,30.0,16.0,30.0,16.0,30.0,16.0,8.12
4,2022-07-04 01:00:00+00:00,20.12,4.6,5.74,2046.8,30.0,16.0,30.0,16.0,30.0,16.0,30.0,16.0,30.0,16.0,7.15
5,2022-07-04 01:15:00+00:00,20.08,4.6,5.75,2044.73,30.0,16.0,30.0,16.0,30.0,16.0,30.0,16.0,30.0,16.0,7.04
6,2022-07-04 01:30:00+00:00,19.77,4.6,5.78,2030.26,30.0,16.0,30.0,16.0,30.0,16.0,30.0,16.0,30.0,16.0,5.58
7,2022-07-04 01:45:00+00:00,19.56,4.6,5.8,2020.38,30.0,16.0,30.0,16.0,30.0,16.0,30.0,16.0,30.0,16.0,6.42
8,2022-07-04 02:00:00+00:00,19.3,4.5,5.82,2008.54,30.0,16.0,30.0,16.0,30.0,16.0,30.0,16.0,30.0,16.0,5.58
9,2022-07-04 02:15:00+00:00,19.2,4.5,5.83,2004.19,30.0,16.0,30.0,16.0,30.0,16.0,30.0,16.0,30.0,16.0,7.68
10,2022-07-04 02:30:00+00:00,18.99,4.5,5.85,1994.57,30.0,16.0,30.0,16.0,30.0,16.0,30.0,16.0,30.0,16.0,6.68
11,2022-07-04 02:45:00+00:00,18.58,4.5,5.89,1977.07,30.0,16.0,30.0,16.0,30.0,16.0,30.0,16.0,30.0,16.0,4.06
12,2022-07-04 03:00:00+00:00,18.17,4.8,5.93,1959.69,30.0,16.0,30.0,16.0,30.0,16.0,30.0,16.0,30.0,16.0,5.84
13,2022-07-04 03:15:00+00:00,17.73,4.8,5.98,1941.83,30.0,16.0,30.0,16.0,30.0,16.0,30.0,16.0,30.0,16.0,6.44
14,2022-07-04 03:30:00+00:00,17.35,4.8,6.0,1926.91,30.0,16.0,30.0,16.0,30.0,16.0,30.0,16.0,30.0,16.0,10.15
15,2022-07-04 03:45:00+00:00,17.08,4.8,6.0,1916.61,30.0,16.0,30.0,16.0,30.0,16.0,30.0,16.0,30.0,16.0,13.57
16,2022-07-04 04:00:00+00:00,16.54,6.2,6.0,1896.84,30.0,16.0,30.0,16.0,30.0,16.0,30.0,16.0,30.0,16.0,23.33
17,2022-07-04 04:15:00+00:00,16.28,6.2,6.0,1887.38,30.0,16.0,30.0,16.0,30.0,16.0,30.0,16.0,30.0,16.0,37.71
18,2022-07-04 04:30:00+00:00,16.7,6.2,6.0,1902.64,30.0,16.0,30.0,16.0,30.0,16.0,30.0,16.0,30.0,16.0,59.37
19,2022-07-04 04:45:00+00:00,17.29,6.2,6.0,1924.47,30.0,16.0,30.0,16.0,30.0,16.0,30.0,16.0,30.0,16.0,86.17
20,2022-07-04 05:00:00+00:00,18.04,8.1,5.95,1954.48,30.0,16.0,30.0,16.0,30.0,16.0,30.0,16.0,30.0,16.0,114.29
21,2022-07-04 05:15:00+00:00,18.48,8.1,5.9,1972.81,30.0,16.0,30.0,16.0,30.0,16.0,30.0,16.0,30.0,16.0,152.37
22,2022-07-04 05:30:00+00:00,19.02,8.1,5.85,1995.89,30.0,16.0,30.0,16.0,30.0,16.0,30.0,16.0,30.0,16.0,193.48
23,2022-07-04 05:45:00+00:00,19.35,8.1,5.82,2010.65,30.0,16.0,30.0,16.0,30.0,16.0,30.0,16.0,30.0,16.0,213.61
24,2022-07-04 06:00:00+00:00,19.55,8.5,5.8,2020.07,30.0,16.0,30.0,16.0,30.0,16.0,30.0,16.0,30.0,16.0,205.06
25,2022-07-04 06:15:00+00:00,19.75,8.5,5.78,2029.33,30.0,16.0,30.0,16.0,30.0,16.0,30.0,16.0,30.0,16.0,294.3
26,2022-07-04 06:30:00+00:00,19.74,8.5,5.78,2028.71,30.0,16.0,30.0,16.0,30.0,16.0,30.0,16.0,30.0,16.0,279.91
27,2022-07-04 06:45:00+00:00,20.03,8.5,5.75,2042.51,30.0,16.0,30.0,16.0,30.0,16.0,30.0,16.0,30.0,16.0,395.67
28,2022-07-04 07:00:00+00:00,20.31,6.6,5.72,2056.03,30.0,16.0,30.0,16.0,30.0,16.0,30.0,16.0,30.0,16.0,445.96
29,2022-07-04 07:15:00+00:00,20.65,6.6,5.69,2072.63,30.0,16.0,30.0,16.0,30.0,16.0,30.0,16.0,30.0,16.0,515.59
30,2022-07-04 07:30:00+00:00,21.27,6.6,5.63,2103.68,30.0,16.0,30.0,16.0,30.0,16.0,30.0,16.0,30.0,16.0,555.22
31,2022-07-04 07:45:00+00:00,21.56,6.6,5.6,2119.15,30.0,16.0,30.0,16.0,30.0,16.0,30.0,16.0,30.0,16.0,596.48
32,2022-07-04 08:00:00+00:00,21.96,5.6,5.56,2140.12,27.4,24.8,27.4,24.8,29.4,22.8,29.4,22.8,29.4,22.8,642.55
33,2022-07-04 08:15:00+00:00,22.27,5.6,5.53,2157.37,27.4,24.8,27.4,24.8,29.4,22.8,29.4,22.8,29.4,22.8,675.42
34,2022-07-04 08:30:00+00:00,22.82,5.6,5.48,2188.12,27.4,24.8,27.4,24.8,29.4,22.8,29.4,22.8,29.4,22.8,703.73
35,2022-07-04 08:45:00+00:00,23.06,5.6,5.45,2201.67,27.4,24.8,27.4,24.8,29.4,22.8,29.4,22.8,29.4,22.8,748.0
36,2022-07-04 09:00:00+00:00,23.5,5.2,5.41,2227.34,27.4,24.8,27.4,24.8,29.4,22.8,29.4,22.8,29.4,22.8,758.66
37,2022-07-04 09:15:00+00:00,23.7,5.2,5.39,2239.22,27.4,24.8,27.4,24.8,29.4,22.8,29.4,22.8,29.4,22.8,829.95
38,2022-07-04 09:30:00+00:00,24.14,5.2,5.35,2266.04,27.4,24.8,27.4,24.8,29.4,22.8,29.4,22.8,29.4,22.8,830.83
39,2022-07-04 09:45:00+00:00,24.12,5.2,5.35,2264.82,27.4,24.8,27.4,24.8,29.4,22.8,29.4,22.8,29.4,22.8,783.57
40,2022-07-04 10:00:00+00:00,24.31,4.1,5.33,2276.29,27.4,24.8,27.4,24.8,29.4,22.8,29.4,22.8,29.4,22.8,905.82
41,2022-07-04 10:15:00+00:00,24.63,4.1,5.3,2296.44,27.4,24.8,27.4,24.8,29.4,22.8,29.4,22.8,29.4,22.8,916.35
42,2022-07-04 10:30:00+00:00,24.48,4.1,5.31,2286.64,27.4,24.8,27.4,24.8,29.4,22.8,29.4,22.8,29.4,22.8,572.92
43,2022-07-04 10:45:00+00:00,24.4,4.1,5.32,2282.07,27.4,24.8,27.4,24.8,29.4,22.8,29.4,22.8,29.4,22.8,782.87
44,2022-07-04 11:00:00+00:00,24.76,4.1,5.29,2304.43,27.4,24.8,27.4,24.8,29.4,22.8,29.4,22.8,29.4,22.8,885.44
45,2022-07-04 11:15:00+00:00,25.02,4.1,5.26,2321.0,27.4,24.8,27.4,24.8,29.4,22.8,29.4,22.8,29.4,22.8,788.13
46,2022-07-04 11:30:00+00:00,25.28,4.1,5.24,2337.57,27.4,24.8,27.4,24.8,29.4,22.8,29.4,22.8,29.4,22.8,859.03
47,2022-07-04 11:45:00+00:00,25.51,4.1,5.21,2352.83,27.4,24.8,27.4,24.8,29.4,22.8,29.4,22.8,29.4,22.8,891.07
48,2022-07-04 12:00:00+00:00,25.98,4.0,5.17,2384.33,29.4,22.8,29.4,22.8,29.4,22.8,27.4,24.8,29.4,22.8,871.61
49,2022-07-04 12:15:00+00:00,26.03,4.0,5.16,2387.26,29.4,22.8,29.4,22.8,29.4,22.8,27.4,24.8,29.4,22.8,934.19
50,2022-07-04 12:30:00+00:00,25.89,4.0,5.18,2378.29,29.4,22.8,29.4,22.8,29.4,22.8,27.4,24.8,29.4,22.8,946.55
51,2022-07-04 12:45:00+00:00,25.89,4.0,5.18,2377.84,29.4,22.8,29.4,22.8,29.4,22.8,27.4,24.8,29.4,22.8,859.81
52,2022-07-04 13:00:00+00:00,26.3,4.0,5.14,2405.6,27.4,24.8,29.4,22.8,29.4,22.8,29.4,22.8,29.4,22.8,693.42
53,2022-07-04 13:15:00+00:00,25.89,4.0,5.18,2378.06,27.4,24.8,29.4,22.8,29.4,22.8,29.4,22.8,29.4,22.8,793.76
54,2022-07-04 13:30:00+00:00,26.84,4.0,5.08,2443.25,27.4,24.8,29.4,22.8,29.4,22.8,29.4,22.8,29.4,22.8,814.35
55,2022-07-04 13:45:00+00:00,27.07,4.0,5.06,2459.49,27.4,24.8,29.4,22.8,29.4,22.8,29.4,22.8,29.4,22.8,787.76
56,2022-07-04 14:00:00+00:00,27.06,4.1,5.06,2458.78,27.4,24.8,29.4,22.8,29.4,22.8,29.4,22.8,29.4,22.8,799.92
57,2022-07-04 14:15:00+00:00,26.96,4.1,5.07,2451.7,27.4,24.8,29.4,22.8,29.4,22.8,29.4,22.8,29.4,22.8,785.08
58,2022-07-04 14:30:00+00:00,27.14,4.1,5.05,2464.7,27.4,24.8,29.4,22.8,29.4,22.8,29.4,22.8,29.4,22.8,755.93
59,2022-07-04 14:45:00+00:00,27.45,4.1,5.02,2486.7,27.4,24.8,29.4,22.8,29.4,22.8,29.4,22.8,29.4,22.8,725.87
60,2022-07-04 15:00:00+00:00,27.34,4.0,5.03,2478.77,27.4,24.8,29.4,22.8,29.4,22.8,29.4,22.8,29.4,22.8,688.54
61,2022-07-04 15:15:00+00:00,27.8,4.0,4.99,2511.94,27.4,24.8,29.4,22.8,29.4,22.8,29.4,22.8,29.4,22.8,652.3
62,2022-07-04 15:30:00+00:00,28.03,4.0,4.97,2529.05,27.4,24.8,29.4,22.8,29.4,22.8,29.4,22.8,29.4,22.8,599.65
63,2022-07-04 15:45:00+00:00,27.87,4.0,4.98,2517.08,27.4,24.8,29.4,22.8,29.4,22.8,29.4,22.8,29.4,22.8,606.64
64,2022-07-04 16:00:00+00:00,28.08,4.6,4.96,2533.11,27.4,24.8,29.4,22.8,29.4,22.8,29.4,22.8,29.4,22.8,457.22
65,2022-07-04 16:15:00+00:00,27.93,4.6,4.98,2521.51,27.4,24.8,29.4,22.8,29.4,22.8,29.4,22.8,29.4,22.8,426.8
66,2022-07-04 16:30:00+00:00,27.93,4.6,4.98,2521.51,27.4,24.8,29.4,22.8,29.4,22.8,29.4,22.8,29.4,22.8,496.62
67,2022-07-04 16:45:00+00:00,28.04,4.6,4.97,2529.65,27.4,24.8,29.4,22.8,29.4,22.8,29.4,22.8,29.4,22.8,489.38
68,2022-07-04 17:00:00+00:00,28.28,5.6,4.94,2548.05,30.0,16.0,30.0,16.0,30.0,16.0,30.0,16.0,30.0,16.0,340.8
69,2022-07-04 17:15:00+00:00,28.22,5.6,4.95,2543.55,30.0,16.0,30.0,16.0,30.0,16.0,30.0,16.0,30.0,16.0,341.12
70,2022-07-04 17:30:00+00:00,28.0,5.6,4.97,2526.93,30.0,16.0,30.0,16.0,30.0,16.0,30.0,16.0,30.0,16.0,288.86
71,2022-07-04 17:45:00+00:00,27.83,5.6,4.99,2514.63,30.0,16.0,30.0,16.0,30.0,16.0,30.0,16.0,30.0,16.0,248.89
72,2022-07-04 18:00:00+00:00,27.64,4.9,5.0,2500.24,30.0,16.0,30.0,16.0,30.0,16.0,30.0,16.0,30.0,16.0,162.72
73,2022-07-04 18:15:00+00:00,27.72,4.9,5.0,2506.56,30.0,16.0,30.0,16.0,30.0,16.0,30.0,16.0,30.0,16.0,168.83
74,2022-07-04 18:30:00+00:00,27.36,4.9,5.03,2479.97,30.0,16.0,30.0,16.0,30.0,16.0,30.0,16.0,30.0,16.0,119.4
75,2022-07-04 18:45:00+00:00,26.98,4.9,5.07,2452.88,30.0,16.0,30.0,16.0,30.0,16.0,30.0,16.0,30.0,16.0,80.37
76,2022-07-04 19:00:00+00:00,26.49,4.6,5.12,2418.89,30.0,16.0,30.0,16.0,30.0,16.0,30.0,16.0,30.0,16.0,58.99
77,2022-07-04 19:15:00+00:00,26.03,4.6,5.16,2387.48,30.0,16.0,30.0,16.0,30.0,16.0,30.0,16.0,30.0,16.0,31.18
78,2022-07-04 19:30:00+00:00,25.19,4.6,5.25,2331.73,30.0,16.0,30.0,16.0,30.0,16.0,30.0,16.0,30.0,16.0,14.14
79,2022-07-04 19:45:00+00:00,24.41,4.6,5.32,2282.49,30.0,16.0,30.0,16.0,30.0,16.0,30.0,16.0,30.0,16.0,10.27
80,2022-07-04 20:00:00+00:00,23.17,4.2,5.44,2208.02,30.0,16.0,30.0,16.0,30.0,16.0,30.0,16.0,30.0,16.0,7.55
81,2022-07-04 20:15:00+00:00,22.09,4.2,5.55,2147.16,30.0,16.0,30.0,16.0,30.0,16.0,30.0,16.0,30.0,16.0,7.26
82,2022-07-04 20:30:00+00:00,21.06,4.2,5.65,2093.08,30.0,16.0,30.0,16.0,30.0,16.0,30.0,16.0,30.0,16.0,6.94
83,2022-07-04 20:45:00+00:00,20.13,4.2,5.74,2046.96,30.0,16.0,30.0,16.0,30.0,16.0,30.0,16.0,30.0,16.0,7.15
84,2022-07-04 21:00:00+00:00,19.61,3.8,5.79,2022.68,30.0,16.0,30.0,16.0,30.0,16.0,30.0,16.0,30.0,16.0,4.87
85,2022-07-04 21:15:00+00:00,19.35,3.8,5.82,2010.95,30.0,16.0,30.0,16.0,30.0,16.0,30.0,16.0,30.0,16.0,5.54
86,2022-07-04 21:30:00+00:00,18.83,3.8,5.87,1987.56,30.0,16.0,30.0,16.0,30.0,16.0,30.0,16.0,30.0,16.0,5.31
87,2022-07-04 21:45:00+00:00,19.02,3.8,5.85,1996.19,30.0,16.0,30.0,16.0,30.0,16.0,30.0,16.0,30.0,16.0,5.7
88,2022-07-04 22:00:00+00:00,19.12,4.0,5.84,2000.33,30.0,16.0,30.0,16.0,30.0,16.0,30.0,16.0,30.0,16.0,7.49
89,2022-07-04 22:15:00+00:00,18.96,4.0,5.85,1993.54,30.0,16.0,30.0,16.0,30.0,16.0,30.0,16.0,30.0,16.0,6.1
90,2022-07-04 22:30:00+00:00,18.49,4.0,5.9,1973.1,30.0,16.0,30.0,16.0,30.0,16.0,30.0,16.0,30.0,16.0,5.62
91,2022-07-04 22:45:00+00:00,18.21,4.0,5.93,1961.35,30.0,16.0,30.0,16.0,30.0,16.0,30.0,16.0,30.0,16.0,8.18
92,2022-07-04 23:00:00+00:00,18.14,4.0,5.94,1958.46,30.0,16.0,30.0,16.0,30.0,16.0,30.0,16.0,30.0,16.0,9.08
93,2022-07-04 23:15:00+00:00,18.07,4.0,5.94,1955.71,30.0,16.0,30.0,16.0,30.0,16.0,30.0,16.0,30.0,16.0,5.8
94,2022-07-04 23:30:00+00:00,17.8,4.0,5.97,1944.76,30.0,16.0,30.0,16.0,30.0,16.0,30.0,16.0,30.0,16.0,8.1
95,2022-07-04 23:45:00+00:00,17.64,4.0,5.98,1938.12,30.0,16.0,30.0,16.0,30.0,16.0,30.0,16.0,30.0,16.0,7.59
96,2022-07-05 00:00:00+00:00,17.58,6.5,5.99,1935.75,30.0,16.0,30.0,16.0,30.0,16.0,30.0,16.0,30.0,16.0,7.15
97,2022-07-05 00:15:00+00:00,17.48,6.5,6.0,1931.96,30.0,16.0,30.0,16.0,30.0,16.0,30.0,16.0,30.0,16.0,5.28
98,2022-07-05 00:30:00+00:00,17.51,6.5,6.0,1933.0,30.0,16.0,30.0,16.0,30.0,16.0,30.0,16.0,30.0,16.0,6.43
99,2022-07-05 00:45:00+00:00,17.07,6.5,6.0,1916.36,30.0,16.0,30.0,16.0,30.0,16.0,30.0,16.0,30.0,16.0,5.62
100,2022-07-05 01:00:00+00:00,16.82,6.0,6.0,1906.79,30.0,16.0,30.0,16.0,30.0,16.0,30.0,16.0,30.0,16.0,8.01
101,2022-07-05 01:15:00+00:00,16.8,6.0,6.0,1906.3,30.0,16.0,30.0,16.0,30.0,16.0,30.0,16.0,30.0,16.0,7.78
102,2022-07-05 01:30:00+00:00,16.55,6.0,6.0,1897.2,30.0,16.0,30.0,16.0,30.0,16.0,30.0,16.0,30.0,16.0,7.39
103,2022-07-05 01:45:00+00:00,16.39,6.0,6.0,1891.49,30.0,16.0,30.0,16.0,30.0,16.0,30.0,16.0,30.0,16.0,8.02
104,2022-07-05 02:00:00+00:00,16.05,6.0,6.0,1879.52,30.0,16.0,30.0,16.0,30.0,16.0,30.0,16.0,30.0,16.0,5.54
105,2022-07-05 02:15:00+00:00,15.46,6.0,6.0,1859.77,30.0,16.0,30.0,16.0,30.0,16.0,30.0,16.0,30.0,16.0,6.57
106,2022-07-05 02:30:00+00:00,14.9,6.0,6.0,1842.19,30.0,16.0,30.0,16.0,30.0,16.0,30.0,16.0,30.0,16.0,6.67
107,2022-07-05 02:45:00+00:00,14.39,6.0,6.0,1827.29,30.0,16.0,30.0,16.0,30.0,16.0,30.0,16.0,30.0,16.0,6.47
108,2022-07-05 03:00:00+00:00,14.0,6.9,6.0,1816.23,30.0,16.0,30.0,16.0,30.0,16.0,30.0,16.0,30.0,16.0,5.11
109,2022-07-05 03:15:00+00:00,13.57,6.9,6.0,1804.64,30.0,16.0,30.0,16.0,30.0,16.0,30.0,16.0,30.0,16.0,7.42
110,2022-07-05 03:30:00+00:00,13.23,6.9,6.0,1796.15,30.0,16.0,30.0,16.0,30.0,16.0,30.0,16.0,30.0,16.0,8.33
111,2022-07-05 03:45:00+00:00,13.01,6.9,6.0,1790.59,30.0,16.0,30.0,16.0,30.0,16.0,30.0,16.0,30.0,16.0,12.54
112,2022-07-05 04:00:00+00:00,12.79,8.0,6.0,1785.51,30.0,16.0,30.0,16.0,30.0,16.0,30.0,16.0,30.0,16.0,19.43
113,2022-07-05 04:15:00+00:00,13.04,8.0,6.0,1791.32,30.0,16.0,30.0,16.0,30.0,16.0,30.0,16.0,30.0,16.0,37.8
114,2022-07-05 04:30:00+00:00,13.58,8.0,6.0,1805.07,30.0,16.0,30.0,16.0,30.0,16.0,30.0,16.0,30.0,16.0,59.38
115,2022-07-05 04:45:00+00:00,14.2,8.0,6.0,1821.88,30.0,16.0,30.0,16.0,30.0,16.0,30.0,16.0,30.0,16.0,85.94
116,2022-07-05 05:00:00+00:00,15.1,9.1,6.0,1848.45,30.0,16.0,30.0,16.0,30.0,16.0,30.0,16.0,30.0,16.0,117.0
117,2022-07-05 05:15:00+00:00,15.91,9.1,6.0,1874.76,30.0,16.0,30.0,16.0,30.0,16.0,30.0,16.0,30.0,16.0,152.77
118,2022-07-05 05:30:00+00:00,17.03,9.1,6.0,1914.6,30.0,16.0,30.0,16.0,30.0,16.0,30.0,16.0,30.0,16.0,189.23
119,2022-07-05 05:45:00+00:00,18.14,9.1,5.94,1958.59,30.0,16.0,30.0,16.0,30.0,16.0,30.0,16.0,30.0,16.0,230.62
120,2022-07-05 06:00:00+00:00,18.87,10.2,5.86,1989.31,30.0,16.0,30.0,16.0,30.0,16.0,30.0,16.0,30.0,16.0,276.29
121,2022-07-05 06:15:00+00:00,19.55,10.2,5.8,2019.92,30.0,16.0,30.0,16.0,30.0,16.0,30.0,16.0,30.0,16.0,323.8
122,2022-07-05 06:30:00+00:00,19.95,10.2,5.76,2038.72,30.0,16.0,30.0,16.0,30.0,16.0,30.0,16.0,30.0,16.0,374.37
123,2022-07-05 06:45:00+00:00,20.31,10.2,5.72,2055.96,30.0,16.0,30.0,16.0,30.0,16.0,30.0,16.0,30.0,16.0,420.36
124,2022-07-05 07:00:00+00:00,20.64,8.4,5.69,2071.8,30.0,16.0,30.0,16.0,30.0,16.0,30.0,16.0,30.0,16.0,470.4
125,2022-07-05 07:15:00+00:00,20.92,8.4,5.66,2085.98,30.0,16.0,30.0,16.0,30.0,16.0,30.0,16.0,30.0,16.0,522.41
126,2022-07-05 07:30:00+00:00,21.35,8.4,5.62,2108.17,30.0,16.0,30.0,16.0,30.0,16.0,30.0,16.0,30.0,16.0,564.45
127,2022-07-05 07:45:00+00:00,21.62,8.4,5.59,2121.97,30.0,16.0,30.0,16.0,30.0,16.0,30.0,16.0,30.0,16.0,601.22
128,2022-07-05 08:00:00+00:00,22.1,7.9,5.55,2147.88,27.4,24.8,27.4,24.8,29.4,22.8,29.4,22.8,29.4,22.8,639.97
129,2022-07-05 08:15:00+00:00,22.7,7.9,5.49,2181.33,27.4,24.8,27.4,24.8,29.4,22.8,29.4,22.8,29.4,22.8,678.02
130,2022-07-05 08:30:00+00:00,23.04,7.9,5.46,2200.71,27.4,24.8,27.4,24.8,29.4,22.8,29.4,22.8,29.4,22.8,712.1
131,2022-07-05 08:45:00+00:00,23.48,7.9,5.41,2225.96,27.4,24.8,27.4,24.8,29.4,22.8,29.4,22.8,29.4,22.8,746.97
132,2022-07-05 09:00:00+00:00,23.76,7.7,5.38,2242.82,27.4,24.8,27.4,24.8,29.4,22.8,29.4,22.8,29.4,22.8,780.33
133,2022-07-05 09:15:00+00:00,24.24,7.7,5.34,2272.18,27.4,24.8,27.4,24.8,29.4,22.8,29.4,22.8,29.4,22.8,810.54
134,2022-07-05 09:30:00+00:00,24.89,7.7,5.27,2312.47,27.4,24.8,27.4,24.8,29.4,22.8,29.4,22.8,29.4,22.8,834.86
135,2022-07-05 09:45:00+00:00,24.98,7.7,5.26,2318.65,27.4,24.8,27.4,24.8,29.4,22.8,29.4,22.8,29.4,22.8,862.2
136,2022-07-05 10:00:00+00:00,25.5,6.9,5.21,2351.95,27.4,24.8,27.4,24.8,29.4,22.8,29.4,22.8,29.4,22.8,895.2
137,2022-07-05 10:15:00+00:00,25.84,6.9,5.18,2374.71,27.4,24.8,27.4,24.8,29.4,22.8,29.4,22.8,29.4,22.8,919.23
138,2022-07-05 10:30:00+00:00,26.18,6.9,5.15,2397.42,27.4,24.8,27.4,24.8,29.4,22.8,29.4,22.8,29.4,22.8,934.91
139,2022-07-05 10:45:00+00:00,25.97,6.9,5.17,2383.44,27.4,24.8,27.4,24.8,29.4,22.8,29.4,22.8,29.4,22.8,964.94
140,2022-07-05 11:00:00+00:00,25.99,6.2,5.17,2384.56,27.4,24.8,27.4,24.8,29.4,22.8,29.4,22.8,29.4,22.8,945.83
141,2022-07-05 11:15:00+00:00,26.55,6.2,5.11,2422.8,27.4,24.8,27.4,24.8,29.4,22.8,29.4,22.8,29.4,22.8,1042.38
142,2022-07-05 11:30:00+00:00,26.79,6.2,5.09,2439.51,27.4,24.8,27.4,24.8,29.4,22.8,29.4,22.8,29.4,22.8,1023.4
143,2022-07-05 11:45:00+00:00,27.42,6.2,5.03,2484.29,27.4,24.8,27.4,24.8,29.4,22.8,29.4,22.8,29.4,22.8,969.62
144,2022-07-05 12:00:00+00:00,26.82,5.4,5.08,2442.08,29.4,22.8,29.4,22.8,29.4,22.8,27.4,24.8,29.4,22.8,1031.42
145,2022-07-05 12:15:00+00:00,27.01,5.4,5.07,2455.0,29.4,22.8,29.4,22.8,29.4,22.8,27.4,24.8,29.4,22.8,1008.37
146,2022-07-05 12:30:00+00:00,27.04,5.4,5.06,2457.6,29.4,22.8,29.4,22.8,29.4,22.8,27.4,24.8,29.4,22.8,993.27
147,2022-07-05 12:45:00+00:00,27.35,5.4,5.03,2479.73,29.4,22.8,29.4,22.8,29.4,22.8,27.4,24.8,29.4,22.8,965.26
148,2022-07-05 13:00:00+00:00,27.42,5.2,5.03,2484.29,27.4,24.8,29.4,22.8,29.4,22.8,29.4,22.8,29.4,22.8,978.43
149,2022-07-05 13:15:00+00:00,27.51,5.2,5.02,2491.04,27.4,24.8,29.4,22.8,29.4,22.8,29.4,22.8,29.4,22.8,949.23
150,2022-07-05 13:30:00+00:00,27.61,5.2,5.01,2498.3,27.4,24.8,29.4,22.8,29.4,22.8,29.4,22.8,29.4,22.8,933.97
151,2022-07-05 13:45:00+00:00,27.54,5.2,5.01,2493.21,27.4,24.8,29.4,22.8,29.4,22.8,29.4,22.8,29.4,22.8,839.7
152,2022-07-05 14:00:00+00:00,27.9,5.3,4.98,2519.78,27.4,24.8,29.4,22.8,29.4,22.8,29.4,22.8,29.4,22.8,833.22
153,2022-07-05 14:15:00+00:00,27.97,5.3,4.97,2524.95,27.4,24.8,29.4,22.8,29.4,22.8,29.4,22.8,29.4,22.8,805.33
154,2022-07-05 14:30:00+00:00,28.23,5.3,4.95,2544.3,27.4,24.8,29.4,22.8,29.4,22.8,29.4,22.8,29.4,22.8,767.23
155,2022-07-05 14:45:00+00:00,28.22,5.3,4.95,2543.05,27.4,24.8,29.4,22.8,29.4,22.8,29.4,22.8,29.4,22.8,732.92
156,2022-07-05 15:00:00+00:00,28.24,5.5,4.95,2545.05,27.4,24.8,29.4,22.8,29.4,22.8,29.4,22.8,29.4,22.8,702.42
157,2022-07-05 15:15:00+00:00,28.25,5.5,4.94,2545.8,27.4,24.8,29.4,22.8,29.4,22.8,29.4,22.8,29.4,22.8,669.74
158,2022-07-05 15:30:00+00:00,28.43,5.5,4.93,2558.83,27.4,24.8,29.4,22.8,29.4,22.8,29.4,22.8,29.4,22.8,634.43
159,2022-07-05 15:45:00+00:00,28.32,5.5,4.94,2551.05,27.4,24.8,29.4,22.8,29.4,22.8,29.4,22.8,29.4,22.8,588.26
160,2022-07-05 16:00:00+00:00,28.02,6.1,4.97,2528.41,27.4,24.8,29.4,22.8,29.4,22.8,29.4,22.8,29.4,22.8,440.86
161,2022-07-05 16:15:00+00:00,28.12,6.1,4.96,2535.59,27.4,24.8,29.4,22.8,29.4,22.8,29.4,22.8,29.4,22.8,401.67
162,2022-07-05 16:30:00+00:00,27.76,6.1,4.99,2509.25,27.4,24.8,29.4,22.8,29.4,22.8,29.4,22.8,29.4,22.8,292.82
163,2022-07-05 16:45:00+00:00,27.53,6.1,5.02,2492.73,27.4,24.8,29.4,22.8,29.4,22.8,29.4,22.8,29.4,22.8,239.64
164,2022-07-05 17:00:00+00:00,27.99,7.7,4.97,2526.43,30.0,16.0,30.0,16.0,30.0,16.0,30.0,16.0,30.0,16.0,324.18
165,2022-07-05 17:15:00+00:00,28.34,7.7,4.94,2552.05,30.0,16.0,30.0,16.0,30.0,16.0,30.0,16.0,30.0,16.0,335.21
166,2022-07-05 17:30:00+00:00,28.27,7.7,4.94,2546.8,30.0,16.0,30.0,16.0,30.0,16.0,30.0,16.0,30.0,16.0,271.69
167,2022-07-05 17:45:00+00:00,28.0,7.7,4.97,2526.93,30.0,16.0,30.0,16.0,30.0,16.0,30.0,16.0,30.0,16.0,216.97
168,2022-07-05 18:00:00+00:00,27.95,8.4,4.97,2523.23,30.0,16.0,30.0,16.0,30.0,16.0,30.0,16.0,30.0,16.0,170.02
169,2022-07-05 18:15:00+00:00,27.87,8.4,4.98,2517.33,30.0,16.0,30.0,16.0,30.0,16.0,30.0,16.0,30.0,16.0,126.36
170,2022-07-05 18:30:00+00:00,27.25,8.4,5.04,2472.32,30.0,16.0,30.0,16.0,30.0,16.0,30.0,16.0,30.0,16.0,93.0
171,2022-07-05 18:45:00+00:00,26.95,8.4,5.07,2451.23,30.0,16.0,30.0,16.0,30.0,16.0,30.0,16.0,30.0,16.0,67.81
172,2022-07-05 19:00:00+00:00,26.53,8.1,5.11,2421.65,30.0,16.0,30.0,16.0,30.0,16.0,30.0,16.0,30.0,16.0,43.83
173,2022-07-05 19:15:00+00:00,25.76,8.1,5.19,2369.15,30.0,16.0,30.0,16.0,30.0,16.0,30.0,16.0,30.0,16.0,22.97
174,2022-07-05 19:30:00+00:00,24.39,8.1,5.32,2281.04,30.0,16.0,30.0,16.0,30.0,16.0,30.0,16.0,30.0,16.0,12.1
175,2022-07-05 19:45:00+00:00,23.17,8.1,5.44,2208.02,30.0,16.0,30.0,16.0,30.0,16.0,30.0,16.0,30.0,16.0,7.63
176,2022-07-05 20:00:00+00:00,22.23,7.7,5.53,2155.17,30.0,16.0,30.0,16.0,30.0,16.0,30.0,16.0,30.0,16.0,7.11
177,2022-07-05 20:15:00+00:00,21.47,7.7,5.61,2114.26,30.0,16.0,30.0,16.0,30.0,16.0,30.0,16.0,30.0,16.0,6.71
178,2022-07-05 20:30:00+00:00,21.52,7.7,5.6,2117.05,30.0,16.0,30.0,16.0,30.0,16.0,30.0,16.0,30.0,16.0,6.72
179,2022-07-05 20:45:00+00:00,21.81,7.7,5.58,2132.42,30.0,16.0,30.0,16.0,30.0,16.0,30.0,16.0,30.0,16.0,4.54
180,2022-07-05 21:00:00+00:00,22.04,7.4,5.55,2144.8,30.0,16.0,30.0,16.0,30.0,16.0,30.0,16.0,30.0,16.0,7.1
181,2022-07-05 21:15:00+00:00,21.84,7.4,5.57,2133.84,30.0,16.0,30.0,16.0,30.0,16.0,30.0,16.0,30.0,16.0,6.16
182,2022-07-05 21:30:00+00:00,21.53,7.4,5.6,2117.58,30.0,16.0,30.0,16.0,30.0,16.0,30.0,16.0,30.0,16.0,6.27
183,2022-07-05 21:45:00+00:00,21.21,7.4,5.63,2100.76,30.0,16.0,30.0,16.0,30.0,16.0,30.0,16.0,30.0,16.0,4.77
184,2022-07-05 22:00:00+00:00,20.92,6.9,5.66,2086.15,30.0,16.0,30.0,16.0,30.0,16.0,30.0,16.0,30.0,16.0,5.47
185,2022-07-05 22:15:00+00:00,20.53,6.9,5.7,2066.7,30.0,16.0,30.0,16.0,30.0,16.0,30.0,16.0,30.0,16.0,4.04
186,2022-07-05 22:30:00+00:00,20.03,6.9,5.75,2042.35,30.0,16.0,30.0,16.0,30.0,16.0,30.0,16.0,30.0,16.0,6.65
187,2022-07-05 22:45:00+00:00,19.62,6.9,5.79,2023.3,30.0,16.0,30.0,16.0,30.0,16.0,30.0,16.0,30.0,16.0,6.25
188,2022-07-05 23:00:00+00:00,19.21,6.0,5.83,2004.64,30.0,16.0,30.0,16.0,30.0,16.0,30.0,16.0,30.0,16.0,6.69
189,2022-07-05 23:15:00+00:00,18.62,6.0,5.89,1978.78,30.0,16.0,30.0,16.0,30.0,16.0,30.0,16.0,30.0,16.0,6.21
190,2022-07-05 23:30:00+00:00,18.52,6.0,5.9,1974.51,30.0,16.0,30.0,16.0,30.0,16.0,30.0,16.0,30.0,16.0,5.71
191,2022-07-05 23:45:00+00:00,18.67,6.0,5.88,1980.93,30.0,16.0,30.0,16.0,30.0,16.0,30.0,16.0,30.0,16.0,5.24
192,2022-07-06 00:00:00+00:00,18.39,6.1,5.91,1968.73,30.0,16.0,30.0,16.0,30.0,16.0,30.0,16.0,30.0,16.0,6.0
193,2022-07-06 00:15:00+00:00,18.19,6.1,5.93,1960.52,30.0,16.0,30.0,16.0,30.0,16.0,30.0,16.0,30.0,16.0,6.4
194,2022-07-06 00:30:00+00:00,18.21,6.1,5.93,1961.21,30.0,16.0,30.0,16.0,30.0,16.0,30.0,16.0,30.0,16.0,5.84
195,2022-07-06 00:45:00+00:00,18.09,6.1,5.94,1956.53,30.0,16.0,30.0,16.0,30.0,16.0,30.0,16.0,30.0,16.0,6.99
196,2022-07-06 01:00:00+00:00,17.8,6.0,5.97,1944.76,30.0,16.0,30.0,16.0,30.0,16.0,30.0,16.0,30.0,16.0,5.75
197,2022-07-06 01:15:00+00:00,17.53,6.0,6.0,1933.92,30.0,16.0,30.0,16.0,30.0,16.0,30.0,16.0,30.0,16.0,6.79
198,2022-07-06 01:30:00+00:00,17.37,6.0,6.0,1927.68,30.0,16.0,30.0,16.0,30.0,16.0,30.0,16.0,30.0,16.0,6.45
199,2022-07-06 01:45:00+00:00,17.17,6.0,6.0,1920.01,30.0,16.0,30.0,16.0,30.0,16.0,30.0,16.0,30.0,16.0,5.68
200,2022-07-06 02:00:00+00:00,17.04,6.0,6.0,1915.1,30.0,16.0,30.0,16.0,30.0,16.0,30.0,16.0,30.0,16.0,4.42
201,2022-07-06 02:15:00+00:00,16.9,6.0,6.0,1910.0,30.0,16.0,30.0,16.0,30.0,16.0,30.0,16.0,30.0,16.0,6.32
202,2022-07-06 02:30:00+00:00,16.67,6.0,6.0,1901.3,30.0,16.0,30.0,16.0,30.0,16.0,30.0,16.0,30.0,16.0,6.75
203,2022-07-06 02:45:00+00:00,16.38,6.0,6.0,1891.02,30.0,16.0,30.0,16.0,30.0,16.0,30.0,16.0,30.0,16.0,6.65
204,2022-07-06 03:00:00+00:00,16.06,6.3,6.0,1879.98,30.0,16.0,30.0,16.0,30.0,16.0,30.0,16.0,30.0,16.0,6.49
205,2022-07-06 03:15:00+00:00,15.8,6.3,6.0,1870.95,30.0,16.0,30.0,16.0,30.0,16.0,30.0,16.0,30.0,16.0,8.05
206,2022-07-06 03:30:00+00:00,15.55,6.3,6.0,1862.8,30.0,16.0,30.0,16.0,30.0,16.0,30.0,16.0,30.0,16.0,9.89
207,2022-07-06 03:45:00+00:00,15.34,6.3,6.0,1855.91,30.0,16.0,30.0,16.0,30.0,16.0,30.0,16.0,30.0,16.0,12.78
208,2022-07-06 04:00:00+00:00,15.19,8.0,6.0,1851.27,30.0,16.0,30.0,16.0,30.0,16.0,30.0,16.0,30.0,16.0,21.47
209,2022-07-06 04:15:00+00:00,15.19,8.0,6.0,1851.16,30.0,16.0,30.0,16.0,30.0,16.0,30.0,16.0,30.0,16.0,38.76
210,2022-07-06 04:30:00+00:00,15.49,8.0,6.0,1860.85,30.0,16.0,30.0,16.0,30.0,16.0,30.0,16.0,30.0,16.0,51.58
211,2022-07-06 04:45:00+00:00,15.67,8.0,6.0,1866.63,30.0,16.0,30.0,16.0,30.0,16.0,30.0,16.0,30.0,16.0,73.0
212,2022-07-06 05:00:00+00:00,16.06,8.6,6.0,1879.75,30.0,16.0,30.0,16.0,30.0,16.0,30.0,16.0,30.0,16.0,109.28
213,2022-07-06 05:15:00+00:00,16.43,8.6,6.0,1892.68,30.0,16.0,30.0,16.0,30.0,16.0,30.0,16.0,30.0,16.0,129.41
214,2022-07-06 05:30:00+00:00,16.71,8.6,6.0,1903.0,30.0,16.0,30.0,16.0,30.0,16.0,30.0,16.0,30.0,16.0,214.08
215,2022-07-06 05:45:00+00:00,16.93,8.6,6.0,1911.11,30.0,16.0,30.0,16.0,30.0,16.0,30.0,16.0,30.0,16.0,187.61
216,2022-07-06 06:00:00+00:00,16.92,9.0,6.0,1910.61,30.0,16.0,30.0,16.0,30.0,16.0,30.0,16.0,30.0,16.0,227.39
217,2022-07-06 06:15:00+00:00,17.19,9.0,6.0,1920.65,30.0,16.0,30.0,16.0,30.0,16.0,30.0,16.0,30.0,16.0,324.83
218,2022-07-06 06:30:00+00:00,17.42,9.0,6.0,1929.62,30.0,16.0,30.0,16.0,30.0,16.0,30.0,16.0,30.0,16.0,329.49
219,2022-07-06 06:45:00+00:00,17.86,9.0,5.96,1947.04,30.0,16.0,30.0,16.0,30.0,16.0,30.0,16.0,30.0,16.0,408.92
220,2022-07-06 07:00:00+00:00,17.98,8.6,5.95,1951.9,30.0,16.0,30.0,16.0,30.0,16.0,30.0,16.0,30.0,16.0,451.74
221,2022-07-06 07:15:00+00:00,18.26,8.6,5.92,1963.29,30.0,16.0,30.0,16.0,30.0,16.0,30.0,16.0,30.0,16.0,496.94
222,2022-07-06 07:30:00+00:00,18.52,8.6,5.9,1974.37,30.0,16.0,30.0,16.0,30.0,16.0,30.0,16.0,30.0,16.0,543.37
223,2022-07-06 07:45:00+00:00,18.82,8.6,5.87,1987.13,30.0,16.0,30.0,16.0,30.0,16.0,30.0,16.0,30.0,16.0,594.7
224,2022-07-06 08:00:00+00:00,19.18,8.3,5.83,2003.05,27.4,24.8,27.4,24.8,29.4,22.8,29.4,22.8,29.4,22.8,641.04
225,2022-07-06 08:15:00+00:00,19.26,8.3,5.83,2006.74,27.4,24.8,27.4,24.8,29.4,22.8,29.4,22.8,29.4,22.8,649.71
226,2022-07-06 08:30:00+00:00,19.47,8.3,5.81,2016.1,27.4,24.8,27.4,24.8,29.4,22.8,29.4,22.8,29.4,22.8,668.42
227,2022-07-06 08:45:00+00:00,19.85,8.3,5.77,2033.85,27.4,24.8,27.4,24.8,29.4,22.8,29.4,22.8,29.4,22.8,699.27
228,2022-07-06 09:00:00+00:00,20.22,8.1,5.73,2051.44,27.4,24.8,27.4,24.8,29.4,22.8,29.4,22.8,29.4,22.8,697.74
229,2022-07-06 09:15:00+00:00,20.39,8.1,5.72,2059.52,27.4,24.8,27.4,24.8,29.4,22.8,29.4,22.8,29.4,22.8,702.7
230,2022-07-06 09:30:00+00:00,20.65,8.1,5.69,2072.3,27.4,24.8,27.4,24.8,29.4,22.8,29.4,22.8,29.4,22.8,840.81
231,2022-07-06 09:45:00+00:00,20.98,8.1,5.66,2089.01,27.4,24.8,27.4,24.8,29.4,22.8,29.4,22.8,29.4,22.8,817.73
232,2022-07-06 10:00:00+00:00,21.23,8.0,5.63,2101.96,27.4,24.8,27.4,24.8,29.4,22.8,29.4,22.8,29.4,22.8,856.25
233,2022-07-06 10:15:00+00:00,21.26,8.0,5.63,2103.51,27.4,24.8,27.4,24.8,29.4,22.8,29.4,22.8,29.4,22.8,872.75
234,2022-07-06 10:30:00+00:00,21.69,8.0,5.59,2125.85,27.4,24.8,27.4,24.8,29.4,22.8,29.4,22.8,29.4,22.8,844.5
235,2022-07-06 10:45:00+00:00,21.71,8.0,5.59,2126.91,27.4,24.8,27.4,24.8,29.4,22.8,29.4,22.8,29.4,22.8,625.43
236,2022-07-06 11:00:00+00:00,21.54,7.8,5.6,2117.75,27.4,24.8,27.4,24.8,29.4,22.8,29.4,22.8,29.4,22.8,806.23
237,2022-07-06 11:15:00+00:00,22.18,7.8,5.54,2152.07,27.4,24.8,27.4,24.8,29.4,22.8,29.4,22.8,29.4,22.8,961.89
238,2022-07-06 11:30:00+00:00,22.51,7.8,5.51,2170.29,27.4,24.8,27.4,24.8,29.4,22.8,29.4,22.8,29.4,22.8,904.99
239,2022-07-06 11:45:00+00:00,22.62,7.8,5.5,2176.45,27.4,24.8,27.4,24.8,29.4,22.8,29.4,22.8,29.4,22.8,930.21
240,2022-07-06 12:00:00+00:00,22.88,7.6,5.47,2191.35,29.4,22.8,29.4,22.8,29.4,22.8,27.4,24.8,29.4,22.8,924.51
241,2022-07-06 12:15:00+00:00,23.09,7.6,5.45,2203.2,29.4,22.8,29.4,22.8,29.4,22.8,27.4,24.8,29.4,22.8,998.34
242,2022-07-06 12:30:00+00:00,23.29,7.6,5.43,2215.01,29.4,22.8,29.4,22.8,29.4,22.8,27.4,24.8,29.4,22.8,987.77
243,2022-07-06 12:45:00+00:00,23.42,7.6,5.42,2222.43,29.4,22.8,29.4,22.8,29.4,22.8,27.4,24.8,29.4,22.8,981.72
244,2022-07-06 13:00:00+00:00,23.6,7.7,5.4,2233.46,27.4,24.8,29.4,22.8,29.4,22.8,29.4,22.8,29.4,22.8,938.53
245,2022-07-06 13:15:00+00:00,23.85,7.7,5.38,2248.22,27.4,24.8,29.4,22.8,29.4,22.8,29.4,22.8,29.4,22.8,817.44
246,2022-07-06 13:30:00+00:00,23.63,7.7,5.4,2234.85,27.4,24.8,29.4,22.8,29.4,22.8,29.4,22.8,29.4,22.8,812.08
247,2022-07-06 13:45:00+00:00,23.98,7.7,5.36,2256.09,27.4,24.8,29.4,22.8,29.4,22.8,29.4,22.8,29.4,22.8,858.79
248,2022-07-06 14:00:00+00:00,24.31,7.7,5.33,2276.5,27.4,24.8,29.4,22.8,29.4,22.8,29.4,22.8,29.4,22.8,794.16
249,2022-07-06 14:15:00+00:00,24.37,7.7,5.33,2279.8,27.4,24.8,29.4,22.8,29.4,22.8,29.4,22.8,29.4,22.8,765.66
250,2022-07-06 14:30:00+00:00,24.6,7.7,5.3,2294.35,27.4,24.8,29.4,22.8,29.4,22.8,29.4,22.8,29.4,22.8,768.39
251,2022-07-06 14:45:00+00:00,24.56,7.7,5.31,2291.84,27.4,24.8,29.4,22.8,29.4,22.8,29.4,22.8,29.4,22.8,497.68
252,2022-07-06 15:00:00+00:00,24.12,8.0,5.35,2264.41,27.4,24.8,29.4,22.8,29.4,22.8,29.4,22.8,29.4,22.8,445.51
253,2022-07-06 15:15:00+00:00,23.72,8.0,5.39,2240.22,27.4,24.8,29.4,22.8,29.4,22.8,29.4,22.8,29.4,22.8,326.48
254,2022-07-06 15:30:00+00:00,23.57,8.0,5.4,2231.29,27.4,24.8,29.4,22.8,29.4,22.8,29.4,22.8,29.4,22.8,307.94
255,2022-07-06 15:45:00+00:00,23.53,8.0,5.41,2228.92,27.4,24.8,29.4,22.8,29.4,22.8,29.4,22.8,29.4,22.8,290.03
256,2022-07-06 16:00:00+00:00,23.39,8.3,5.42,2220.67,27.4,24.8,29.4,22.8,29.4,22.8,29.4,22.8,29.4,22.8,258.98
257,2022-07-06 16:15:00+00:00,23.31,8.3,5.43,2216.17,27.4,24.8,29.4,22.8,29.4,22.8,29.4,22.8,29.4,22.8,264.76
258,2022-07-06 16:30:00+00:00,23.14,8.3,5.45,2206.29,27.4,24.8,29.4,22.8,29.4,22.8,29.4,22.8,29.4,22.8,208.47
259,2022-07-06 16:45:00+00:00,22.91,8.3,5.47,2193.25,27.4,24.8,29.4,22.8,29.4,22.8,29.4,22.8,29.4,22.8,210.64
260,2022-07-06 17:00:00+00:00,22.47,8.8,5.51,2168.43,30.0,16.0,30.0,16.0,30.0,16.0,30.0,16.0,30.0,16.0,194.8
261,2022-07-06 17:15:00+00:00,22.34,8.8,5.52,2161.23,30.0,16.0,30.0,16.0,30.0,16.0,30.0,16.0,30.0,16.0,169.06
262,2022-07-06 17:30:00+00:00,21.96,8.8,5.56,2140.12,30.0,16.0,30.0,16.0,30.0,16.0,30.0,16.0,30.0,16.0,170.28
263,2022-07-06 17:45:00+00:00,21.59,8.8,5.6,2120.56,30.0,16.0,30.0,16.0,30.0,16.0,30.0,16.0,30.0,16.0,183.04
264,2022-07-06 18:00:00+00:00,21.35,9.0,5.62,2107.83,30.0,16.0,30.0,16.0,30.0,16.0,30.0,16.0,30.0,16.0,168.65
265,2022-07-06 18:15:00+00:00,21.39,9.0,5.62,2110.08,30.0,16.0,30.0,16.0,30.0,16.0,30.0,16.0,30.0,16.0,167.71
266,2022-07-06 18:30:00+00:00,21.4,9.0,5.62,2110.6,30.0,16.0,30.0,16.0,30.0,16.0,30.0,16.0,30.0,16.0,145.63
267,2022-07-06 18:45:00+00:00,21.29,9.0,5.63,2104.89,30.0,16.0,30.0,16.0,30.0,16.0,30.0,16.0,30.0,16.0,100.82
268,2022-07-06 19:00:00+00:00,21.0,8.7,5.66,2090.03,30.0,16.0,30.0,16.0,30.0,16.0,30.0,16.0,30.0,16.0,54.29
269,2022-07-06 19:15:00+00:00,20.48,8.7,5.71,2064.24,30.0,16.0,30.0,16.0,30.0,16.0,30.0,16.0,30.0,16.0,25.3
270,2022-07-06 19:30:00+00:00,19.63,8.7,5.79,2023.76,30.0,16.0,30.0,16.0,30.0,16.0,30.0,16.0,30.0,16.0,10.91
271,2022-07-06 19:45:00+00:00,18.73,8.7,5.88,1983.37,30.0,16.0,30.0,16.0,30.0,16.0,30.0,16.0,30.0,16.0,6.93
272,2022-07-06 20:00:00+00:00,17.86,8.5,5.96,1947.17,30.0,16.0,30.0,16.0,30.0,16.0,30.0,16.0,30.0,16.0,6.66
273,2022-07-06 20:15:00+00:00,16.89,8.5,6.0,1909.38,30.0,16.0,30.0,16.0,30.0,16.0,30.0,16.0,30.0,16.0,7.4
274,2022-07-06 20:30:00+00:00,16.05,8.5,6.0,1879.41,30.0,16.0,30.0,16.0,30.0,16.0,30.0,16.0,30.0,16.0,7.38
275,2022-07-06 20:45:00+00:00,15.32,8.5,6.0,1855.49,30.0,16.0,30.0,16.0,30.0,16.0,30.0,16.0,30.0,16.0,6.6
276,2022-07-06 21:00:00+00:00,14.75,7.9,6.0,1837.76,30.0,16.0,30.0,16.0,30.0,16.0,30.0,16.0,30.0,16.0,7.21
277,2022-07-06 21:15:00+00:00,14.38,7.9,6.0,1826.81,30.0,16.0,30.0,16.0,30.0,16.0,30.0,16.0,30.0,16.0,5.14
278,2022-07-06 21:30:00+00:00,14.0,7.9,6.0,1816.32,30.0,16.0,30.0,16.0,30.0,16.0,30.0,16.0,30.0,16.0,6.94
279,2022-07-06 21:45:00+00:00,13.71,7.9,6.0,1808.49,30.0,16.0,30.0,16.0,30.0,16.0,30.0,16.0,30.0,16.0,5.66
280,2022-07-06 22:00:00+00:00,13.28,7.1,6.0,1797.4,30.0,16.0,30.0,16.0,30.0,16.0,30.0,16.0,30.0,16.0,6.12
281,2022-07-06 22:15:00+00:00,12.74,7.1,6.0,1784.27,30.0,16.0,30.0,16.0,30.0,16.0,30.0,16.0,30.0,16.0,8.32
282,2022-07-06 22:30:00+00:00,12.57,7.1,6.0,1780.43,30.0,16.0,30.0,16.0,30.0,16.0,30.0,16.0,30.0,16.0,6.95
283,2022-07-06 22:45:00+00:00,12.46,7.1,6.0,1777.96,30.0,16.0,30.0,16.0,30.0,16.0,30.0,16.0,30.0,16.0,4.95
284,2022-07-06 23:00:00+00:00,12.55,6.4,6.0,1779.98,30.0,16.0,30.0,16.0,30.0,16.0,30.0,16.0,30.0,16.0,7.84
285,2022-07-06 23:15:00+00:00,12.69,6.4,6.0,1783.18,30.0,16.0,30.0,16.0,30.0,16.0,30.0,16.0,30.0,16.0,10.06
286,2022-07-06 23:30:00+00:00,12.79,6.4,6.0,1785.51,30.0,16.0,30.0,16.0,30.0,16.0,30.0,16.0,30.0,16.0,6.71
287,2022-07-06 23:45:00+00:00,13.02,6.4,6.0,1790.99,30.0,16.0,30.0,16.0,30.0,16.0,30.0,16.0,30.0,16.0,6.84
288,2022-07-07 00:00:00+00:00,13.19,7.5,6.0,1794.99,30.0,16.0,30.0,16.0,30.0,16.0,30.0,16.0,30.0,16.0,8.54
289,2022-07-07 00:15:00+00:00,13.37,7.5,6.0,1799.59,30.0,16.0,30.0,16.0,30.0,16.0,30.0,16.0,30.0,16.0,7.61
290,2022-07-07 00:30:00+00:00,13.49,7.5,6.0,1802.57,30.0,16.0,30.0,16.0,30.0,16.0,30.0,16.0,30.0,16.0,7.96
291,2022-07-07 00:45:00+00:00,13.73,7.5,6.0,1808.85,30.0,16.0,30.0,16.0,30.0,16.0,30.0,16.0,30.0,16.0,7.93
292,2022-07-07 01:00:00+00:00,13.72,7.5,6.0,1808.58,30.0,16.0,30.0,16.0,30.0,16.0,30.0,16.0,30.0,16.0,6.88
293,2022-07-07 01:15:00+00:00,13.59,7.5,6.0,1805.27,30.0,16.0,30.0,16.0,30.0,16.0,30.0,16.0,30.0,16.0,5.99
294,2022-07-07 01:30:00+00:00,13.6,7.5,6.0,1805.51,30.0,16.0,30.0,16.0,30.0,16.0,30.0,16.0,30.0,16.0,5.83
295,2022-07-07 01:45:00+00:00,13.27,7.5,6.0,1797.15,30.0,16.0,30.0,16.0,30.0,16.0,30.0,16.0,30.0,16.0,7.07
296,2022-07-07 02:00:00+00:00,12.84,7.5,6.0,1786.53,30.0,16.0,30.0,16.0,30.0,16.0,30.0,16.0,30.0,16.0,6.58
297,2022-07-07 02:15:00+00:00,12.48,7.5,6.0,1778.4,30.0,16.0,30.0,16.0,30.0,16.0,30.0,16.0,30.0,16.0,4.52
298,2022-07-07 02:30:00+00:00,12.3,7.5,6.0,1774.28,30.0,16.0,30.0,16.0,30.0,16.0,30.0,16.0,30.0,16.0,4.02
299,2022-07-07 02:45:00+00:00,12.43,7.5,6.0,1777.14,30.0,16.0,30.0,16.0,30.0,16.0,30.0,16.0,30.0,16.0,5.09
300,2022-07-07 03:00:00+00:00,12.77,8.0,6.0,1784.89,30.0,16.0,30.0,16.0,30.0,16.0,30.0,16.0,30.0,16.0,7.55
301,2022-07-07 03:15:00+00:00,12.82,8.0,6.0,1786.06,30.0,16.0,30.0,16.0,30.0,16.0,30.0,16.0,30.0,16.0,6.12
302,2022-07-07 03:30:00+00:00,12.94,8.0,6.0,1788.99,30.0,16.0,30.0,16.0,30.0,16.0,30.0,16.0,30.0,16.0,7.52
303,2022-07-07 03:45:00+00:00,13.15,8.0,6.0,1794.09,30.0,16.0,30.0,16.0,30.0,16.0,30.0,16.0,30.0,16.0,11.54
304,2022-07-07 04:00:00+00:00,13.41,9.6,6.0,1800.69,30.0,16.0,30.0,16.0,30.0,16.0,30.0,16.0,30.0,16.0,17.93
305,2022-07-07 04:15:00+00:00,13.76,9.6,6.0,1809.73,30.0,16.0,30.0,16.0,30.0,16.0,30.0,16.0,30.0,16.0,27.59
306,2022-07-07 04:30:00+00:00,14.07,9.6,6.0,1818.07,30.0,16.0,30.0,16.0,30.0,16.0,30.0,16.0,30.0,16.0,38.44
307,2022-07-07 04:45:00+00:00,14.54,9.6,6.0,1831.54,30.0,16.0,30.0,16.0,30.0,16.0,30.0,16.0,30.0,16.0,37.91
308,2022-07-07 05:00:00+00:00,14.89,10.5,6.0,1841.99,30.0,16.0,30.0,16.0,30.0,16.0,30.0,16.0,30.0,16.0,45.59
309,2022-07-07 05:15:00+00:00,15.16,10.5,6.0,1850.43,30.0,16.0,30.0,16.0,30.0,16.0,30.0,16.0,30.0,16.0,77.46
310,2022-07-07 05:30:00+00:00,15.54,10.5,6.0,1862.47,30.0,16.0,30.0,16.0,30.0,16.0,30.0,16.0,30.0,16.0,100.45
311,2022-07-07 05:45:00+00:00,15.88,10.5,6.0,1873.63,30.0,16.0,30.0,16.0,30.0,16.0,30.0,16.0,30.0,16.0,139.3
312,2022-07-07 06:00:00+00:00,16.39,10.8,6.0,1891.26,30.0,16.0,30.0,16.0,30.0,16.0,30.0,16.0,30.0,16.0,178.28
313,2022-07-07 06:15:00+00:00,16.99,10.8,6.0,1913.35,30.0,16.0,30.0,16.0,30.0,16.0,30.0,16.0,30.0,16.0,224.18
314,2022-07-07 06:30:00+00:00,17.11,10.8,6.0,1917.61,30.0,16.0,30.0,16.0,30.0,16.0,30.0,16.0,30.0,16.0,212.48
315,2022-07-07 06:45:00+00:00,17.15,10.8,6.0,1919.38,30.0,16.0,30.0,16.0,30.0,16.0,30.0,16.0,30.0,16.0,131.67
316,2022-07-07 07:00:00+00:00,17.03,10.5,6.0,1914.72,30.0,16.0,30.0,16.0,30.0,16.0,30.0,16.0,30.0,16.0,81.06
317,2022-07-07 07:15:00+00:00,16.99,10.5,6.0,1913.1,30.0,16.0,30.0,16.0,30.0,16.0,30.0,16.0,30.0,16.0,113.37
318,2022-07-07 07:30:00+00:00,17.14,10.5,6.0,1918.88,30.0,16.0,30.0,16.0,30.0,16.0,30.0,16.0,30.0,16.0,240.62
319,2022-07-07 07:45:00+00:00,17.29,10.5,6.0,1924.6,30.0,16.0,30.0,16.0,30.0,16.0,30.0,16.0,30.0,16.0,160.71
320,2022-07-07 08:00:00+00:00,17.21,10.0,6.0,1921.67,27.4,24.8,27.4,24.8,29.4,22.8,29.4,22.8,29.4,22.8,56.65
321,2022-07-07 08:15:00+00:00,17.14,10.0,6.0,1918.75,27.4,24.8,27.4,24.8,29.4,22.8,29.4,22.8,29.4,22.8,89.67
322,2022-07-07 08:30:00+00:00,17.28,10.0,6.0,1924.09,27.4,24.8,27.4,24.8,29.4,22.8,29.4,22.8,29.4,22.8,162.11
323,2022-07-07 08:45:00+00:00,17.98,10.0,5.95,1951.76,27.4,24.8,27.4,24.8,29.4,22.8,29.4,22.8,29.4,22.8,400.81
324,2022-07-07 09:00:00+00:00,19.0,10.0,5.85,1995.3,27.4,24.8,27.4,24.8,29.4,22.8,29.4,22.8,29.4,22.8,619.41
325,2022-07-07 09:15:00+00:00,19.77,10.0,5.78,2029.95,27.4,24.8,27.4,24.8,29.4,22.8,29.4,22.8,29.4,22.8,597.46
326,2022-07-07 09:30:00+00:00,19.73,10.0,5.78,2028.4,27.4,24.8,27.4,24.8,29.4,22.8,29.4,22.8,29.4,22.8,335.09
327,2022-07-07 09:45:00+00:00,19.61,10.0,5.79,2022.68,27.4,24.8,27.4,24.8,29.4,22.8,29.4,22.8,29.4,22.8,286.98
328,2022-07-07 10:00:00+00:00,19.8,9.8,5.77,2031.51,27.4,24.8,27.4,24.8,29.4,22.8,29.4,22.8,29.4,22.8,314.81
329,2022-07-07 10:15:00+00:00,19.91,9.8,5.76,2036.83,27.4,24.8,27.4,24.8,29.4,22.8,29.4,22.8,29.4,22.8,238.13
330,2022-07-07 10:30:00+00:00,19.91,9.8,5.76,2036.52,27.4,24.8,27.4,24.8,29.4,22.8,29.4,22.8,29.4,22.8,130.85
331,2022-07-07 10:45:00+00:00,20.06,9.8,5.75,2043.78,27.4,24.8,27.4,24.8,29.4,22.8,29.4,22.8,29.4,22.8,152.73
332,2022-07-07 11:00:00+00:00,20.36,9.7,5.72,2058.22,27.4,24.8,27.4,24.8,29.4,22.8,29.4,22.8,29.4,22.8,199.72
333,2022-07-07 11:15:00+00:00,20.6,9.7,5.69,2069.99,27.4,24.8,27.4,24.8,29.4,22.8,29.4,22.8,29.4,22.8,155.7
334,2022-07-07 11:30:00+00:00,21.0,9.7,5.66,2090.03,27.4,24.8,27.4,24.8,29.4,22.8,29.4,22.8,29.4,22.8,208.76
335,2022-07-07 11:45:00+00:00,21.35,9.7,5.62,2108.0,27.4,24.8,27.4,24.8,29.4,22.8,29.4,22.8,29.4,22.8,223.19
336,2022-07-07 12:00:00+00:00,21.39,9.7,5.62,2109.91,29.4,22.8,29.4,22.8,29.4,22.8,27.4,24.8,29.4,22.8,299.37
337,2022-07-07 12:15:00+00:00,21.76,9.7,5.58,2129.57,29.4,22.8,29.4,22.8,29.4,22.8,27.4,24.8,29.4,22.8,403.3
338,2022-07-07 12:30:00+00:00,22.33,9.7,5.52,2160.49,29.4,22.8,29.4,22.8,29.4,22.8,27.4,24.8,29.4,22.8,735.92
339,2022-07-07 12:45:00+00:00,22.73,9.7,5.49,2182.83,29.4,22.8,29.4,22.8,29.4,22.8,27.4,24.8,29.4,22.8,381.7
340,2022-07-07 13:00:00+00:00,21.83,9.7,5.57,2133.13,27.4,24.8,29.4,22.8,29.4,22.8,29.4,22.8,29.4,22.8,117.14
341,2022-07-07 13:15:00+00:00,21.42,9.7,5.61,2111.82,27.4,24.8,29.4,22.8,29.4,22.8,29.4,22.8,29.4,22.8,606.45
342,2022-07-07 13:30:00+00:00,21.31,9.7,5.63,2105.75,27.4,24.8,29.4,22.8,29.4,22.8,29.4,22.8,29.4,22.8,304.05
343,2022-07-07 13:45:00+00:00,21.1,9.7,5.65,2094.95,27.4,24.8,29.4,22.8,29.4,22.8,29.4,22.8,29.4,22.8,161.62
344,2022-07-07 14:00:00+00:00,20.56,9.6,5.7,2068.01,27.4,24.8,29.4,22.8,29.4,22.8,29.4,22.8,29.4,22.8,93.62
345,2022-07-07 14:15:00+00:00,20.46,9.6,5.71,2063.1,27.4,24.8,29.4,22.8,29.4,22.8,29.4,22.8,29.4,22.8,124.36
346,2022-07-07 14:30:00+00:00,21.0,9.6,5.66,2090.03,27.4,24.8,29.4,22.8,29.4,22.8,29.4,22.8,29.4,22.8,390.72
347,2022-07-07 14:45:00+00:00,21.71,9.6,5.59,2126.73,27.4,24.8,29.4,22.8,29.4,22.8,29.4,22.8,29.4,22.8,275.64
348,2022-07-07 15:00:00+00:00,22.34,10.0,5.52,2161.23,27.4,24.8,29.4,22.8,29.4,22.8,29.4,22.8,29.4,22.8,578.05
349,2022-07-07 15:15:00+00:00,22.19,10.0,5.54,2152.61,27.4,24.8,29.4,22.8,29.4,22.8,29.4,22.8,29.4,22.8,387.18
350,2022-07-07 15:30:00+00:00,22.52,10.0,5.51,2170.85,27.4,24.8,29.4,22.8,29.4,22.8,29.4,22.8,29.4,22.8,455.86
351,2022-07-07 15:45:00+00:00,22.53,10.0,5.51,2171.59,27.4,24.8,29.4,22.8,29.4,22.8,29.4,22.8,29.4,22.8,358.06
352,2022-07-07 16:00:00+00:00,22.2,11.4,5.54,2153.16,27.4,24.8,29.4,22.8,29.4,22.8,29.4,22.8,29.4,22.8,223.78
353,2022-07-07 16:15:00+00:00,21.77,11.4,5.58,2129.93,27.4,24.8,29.4,22.8,29.4,22.8,29.4,22.8,29.4,22.8,154.81
354,2022-07-07 16:30:00+00:00,21.47,11.4,5.61,2114.43,27.4,24.8,29.4,22.8,29.4,22.8,29.4,22.8,29.4,22.8,160.97
355,2022-07-07 16:45:00+00:00,21.3,11.4,5.63,2105.58,27.4,24.8,29.4,22.8,29.4,22.8,29.4,22.8,29.4,22.8,127.83
356,2022-07-07 17:00:00+00:00,20.86,13.3,5.67,2082.95,30.0,16.0,30.0,16.0,30.0,16.0,30.0,16.0,30.0,16.0,84.08
357,2022-07-07 17:15:00+00:00,20.61,13.3,5.69,2070.48,30.0,16.0,30.0,16.0,30.0,16.0,30.0,16.0,30.0,16.0,77.23
358,2022-07-07 17:30:00+00:00,20.51,13.3,5.7,2065.39,30.0,16.0,30.0,16.0,30.0,16.0,30.0,16.0,30.0,16.0,71.05
359,2022-07-07 17:45:00+00:00,20.25,13.3,5.73,2053.05,30.0,16.0,30.0,16.0,30.0,16.0,30.0,16.0,30.0,16.0,55.65
360,2022-07-07 18:00:00+00:00,20.17,13.0,5.74,2049.2,30.0,16.0,30.0,16.0,30.0,16.0,30.0,16.0,30.0,16.0,69.38
361,2022-07-07 18:15:00+00:00,20.18,13.0,5.74,2049.52,30.0,16.0,30.0,16.0,30.0,16.0,30.0,16.0,30.0,16.0,63.22
362,2022-07-07 18:30:00+00:00,20.16,13.0,5.74,2048.56,30.0,16.0,30.0,16.0,30.0,16.0,30.0,16.0,30.0,16.0,61.32
363,2022-07-07 18:45:00+00:00,20.09,13.0,5.74,2045.05,30.0,16.0,30.0,16.0,30.0,16.0,30.0,16.0,30.0,16.0,47.51
364,2022-07-07 19:00:00+00:00,20.0,12.1,5.75,2040.93,30.0,16.0,30.0,16.0,30.0,16.0,30.0,16.0,30.0,16.0,33.05
365,2022-07-07 19:15:00+00:00,19.81,12.1,5.77,2031.82,30.0,16.0,30.0,16.0,30.0,16.0,30.0,16.0,30.0,16.0,24.36
366,2022-07-07 19:30:00+00:00,19.61,12.1,5.79,2022.84,30.0,16.0,30.0,16.0,30.0,16.0,30.0,16.0,30.0,16.0,14.18
367,2022-07-07 19:45:00+00:00,19.34,12.1,5.82,2010.5,30.0,16.0,30.0,16.0,30.0,16.0,30.0,16.0,30.0,16.0,10.6
368,2022-07-07 20:00:00+00:00,19.19,11.5,5.83,2003.45,30.0,16.0,30.0,16.0,30.0,16.0,30.0,16.0,30.0,16.0,7.26
369,2022-07-07 20:15:00+00:00,19.07,11.5,5.84,1998.4,30.0,16.0,30.0,16.0,30.0,16.0,30.0,16.0,30.0,16.0,7.06
370,2022-07-07 20:30:00+00:00,18.9,11.5,5.86,1990.91,30.0,16.0,30.0,16.0,30.0,16.0,30.0,16.0,30.0,16.0,7.38
371,2022-07-07 20:45:00+00:00,18.87,11.5,5.86,1989.6,30.0,16.0,30.0,16.0,30.0,16.0,30.0,16.0,30.0,16.0,6.59
372,2022-07-07 21:00:00+00:00,18.8,10.4,5.87,1986.4,30.0,16.0,30.0,16.0,30.0,16.0,30.0,16.0,30.0,16.0,7.88
373,2022-07-07 21:15:00+00:00,18.68,10.4,5.88,1981.36,30.0,16.0,30.0,16.0,30.0,16.0,30.0,16.0,30.0,16.0,6.42
374,2022-07-07 21:30:00+00:00,18.68,10.4,5.88,1981.36,30.0,16.0,30.0,16.0,30.0,16.0,30.0,16.0,30.0,16.0,8.5
375,2022-07-07 21:45:00+00:00,18.59,10.4,5.89,1977.21,30.0,16.0,30.0,16.0,30.0,16.0,30.0,16.0,30.0,16.0,8.96
376,2022-07-07 22:00:00+00:00,18.53,8.9,5.9,1974.94,30.0,16.0,30.0,16.0,30.0,16.0,30.0,16.0,30.0,16.0,7.25
377,2022-07-07 22:15:00+00:00,18.44,8.9,5.91,1971.12,30.0,16.0,30.0,16.0,30.0,16.0,30.0,16.0,30.0,16.0,5.81
378,2022-07-07 22:30:00+00:00,18.34,8.9,5.92,1966.77,30.0,16.0,30.0,16.0,30.0,16.0,30.0,16.0,30.0,16.0,8.33
379,2022-07-07 22:45:00+00:00,18.11,8.9,5.94,1957.22,30.0,16.0,30.0,16.0,30.0,16.0,30.0,16.0,30.0,16.0,8.19
380,2022-07-07 23:00:00+00:00,17.84,8.3,5.97,1946.23,30.0,16.0,30.0,16.0,30.0,16.0,30.0,16.0,30.0,16.0,9.22
381,2022-07-07 23:15:00+00:00,17.44,8.3,6.0,1930.27,30.0,16.0,30.0,16.0,30.0,16.0,30.0,16.0,30.0,16.0,8.77
382,2022-07-07 23:30:00+00:00,17.14,8.3,6.0,1918.75,30.0,16.0,30.0,16.0,30.0,16.0,30.0,16.0,30.0,16.0,7.62
383,2022-07-07 23:45:00+00:00,16.8,8.3,6.0,1906.18,30.0,16.0,30.0,16.0,30.0,16.0,30.0,16.0,30.0,16.0,8.86
384,2022-07-08 00:00:00+00:00,16.44,5.8,6.0,1893.15,30.0,16.0,30.0,16.0,30.0,16.0,30.0,16.0,30.0,16.0,7.84
385,2022-07-08 00:15:00+00:00,16.02,5.8,6.0,1878.5,30.0,16.0,30.0,16.0,30.0,16.0,30.0,16.0,30.0,16.0,7.71
386,2022-07-08 00:30:00+00:00,15.57,5.8,6.0,1863.56,30.0,16.0,30.0,16.0,30.0,16.0,30.0,16.0,30.0,16.0,4.49
387,2022-07-08 00:45:00+00:00,15.19,5.8,6.0,1851.37,30.0,16.0,30.0,16.0,30.0,16.0,30.0,16.0,30.0,16.0,6.39
388,2022-07-08 01:00:00+00:00,14.86,5.7,6.0,1840.98,30.0,16.0,30.0,16.0,30.0,16.0,30.0,16.0,30.0,16.0,6.68
389,2022-07-08 01:15:00+00:00,14.44,5.7,6.0,1828.54,30.0,16.0,30.0,16.0,30.0,16.0,30.0,16.0,30.0,16.0,7.31
390,2022-07-08 01:30:00+00:00,14.05,5.7,6.0,1817.7,30.0,16.0,30.0,16.0,30.0,16.0,30.0,16.0,30.0,16.0,5.43
391,2022-07-08 01:45:00+00:00,13.61,5.7,6.0,1805.68,30.0,16.0,30.0,16.0,30.0,16.0,30.0,16.0,30.0,16.0,5.08
392,2022-07-08 02:00:00+00:00,12.9,5.8,6.0,1787.95,30.0,16.0,30.0,16.0,30.0,16.0,30.0,16.0,30.0,16.0,3.6
393,2022-07-08 02:15:00+00:00,12.08,5.8,6.0,1769.7,30.0,16.0,30.0,16.0,30.0,16.0,30.0,16.0,30.0,16.0,5.96
394,2022-07-08 02:30:00+00:00,11.43,5.8,6.0,1756.7,30.0,16.0,30.0,16.0,30.0,16.0,30.0,16.0,30.0,16.0,7.67
395,2022-07-08 02:45:00+00:00,10.89,5.8,6.0,1746.91,30.0,16.0,30.0,16.0,30.0,16.0,30.0,16.0,30.0,16.0,5.73
396,2022-07-08 03:00:00+00:00,10.48,6.1,6.0,1740.12,30.0,16.0,30.0,16.0,30.0,16.0,30.0,16.0,30.0,16.0,7.16
397,2022-07-08 03:15:00+00:00,10.15,6.1,6.0,1735.21,30.0,16.0,30.0,16.0,30.0,16.0,30.0,16.0,30.0,16.0,6.5
398,2022-07-08 03:30:00+00:00,9.8,6.1,6.0,1730.28,30.0,16.0,30.0,16.0,30.0,16.0,30.0,16.0,30.0,16.0,6.44
399,2022-07-08 03:45:00+00:00,9.57,6.1,6.0,1727.27,30.0,16.0,30.0,16.0,30.0,16.0,30.0,16.0,30.0,16.0,12.86
400,2022-07-08 04:00:00+00:00,9.42,6.1,6.0,1725.35,30.0,16.0,30.0,16.0,30.0,16.0,30.0,16.0,30.0,16.0,17.06
401,2022-07-08 04:15:00+00:00,9.7,6.1,6.0,1728.9,30.0,16.0,30.0,16.0,30.0,16.0,30.0,16.0,30.0,16.0,39.5
402,2022-07-08 04:30:00+00:00,10.34,6.1,6.0,1738.05,30.0,16.0,30.0,16.0,30.0,16.0,30.0,16.0,30.0,16.0,60.68
403,2022-07-08 04:45:00+00:00,11.3,6.1,6.0,1754.27,30.0,16.0,30.0,16.0,30.0,16.0,30.0,16.0,30.0,16.0,88.97
404,2022-07-08 05:00:00+00:00,12.51,6.3,6.0,1778.93,30.0,16.0,30.0,16.0,30.0,16.0,30.0,16.0,30.0,16.0,116.76
405,2022-07-08 05:15:00+00:00,13.41,6.3,6.0,1800.52,30.0,16.0,30.0,16.0,30.0,16.0,30.0,16.0,30.0,16.0,149.91
406,2022-07-08 05:30:00+00:00,14.22,6.3,6.0,1822.35,30.0,16.0,30.0,16.0,30.0,16.0,30.0,16.0,30.0,16.0,185.18
407,2022-07-08 05:45:00+00:00,14.86,6.3,6.0,1841.08,30.0,16.0,30.0,16.0,30.0,16.0,30.0,16.0,30.0,16.0,232.46
408,2022-07-08 06:00:00+00:00,15.41,6.4,6.0,1858.15,30.0,16.0,30.0,16.0,30.0,16.0,30.0,16.0,30.0,16.0,280.01
409,2022-07-08 06:15:00+00:00,15.63,6.4,6.0,1865.53,30.0,16.0,30.0,16.0,30.0,16.0,30.0,16.0,30.0,16.0,328.37
410,2022-07-08 06:30:00+00:00,16.09,6.4,6.0,1881.01,30.0,16.0,30.0,16.0,30.0,16.0,30.0,16.0,30.0,16.0,376.82
411,2022-07-08 06:45:00+00:00,16.44,6.4,6.0,1893.03,30.0,16.0,30.0,16.0,30.0,16.0,30.0,16.0,30.0,16.0,429.63
412,2022-07-08 07:00:00+00:00,16.69,6.0,6.0,1902.27,30.0,16.0,30.0,16.0,30.0,16.0,30.0,16.0,30.0,16.0,478.16
413,2022-07-08 07:15:00+00:00,16.91,6.0,6.0,1910.24,30.0,16.0,30.0,16.0,30.0,16.0,30.0,16.0,30.0,16.0,528.95
414,2022-07-08 07:30:00+00:00,17.27,6.0,6.0,1923.71,30.0,16.0,30.0,16.0,30.0,16.0,30.0,16.0,30.0,16.0,575.59
415,2022-07-08 07:45:00+00:00,17.41,6.0,6.0,1929.23,30.0,16.0,30.0,16.0,30.0,16.0,30.0,16.0,30.0,16.0,662.09
416,2022-07-08 08:00:00+00:00,18.3,5.6,5.92,1964.96,27.4,24.8,27.4,24.8,29.4,22.8,29.4,22.8,29.4,22.8,687.42
417,2022-07-08 08:15:00+00:00,18.55,5.6,5.9,1975.79,27.4,24.8,27.4,24.8,29.4,22.8,29.4,22.8,29.4,22.8,781.06
418,2022-07-08 08:30:00+00:00,18.33,5.6,5.92,1966.21,27.4,24.8,27.4,24.8,29.4,22.8,29.4,22.8,29.4,22.8,302.89
419,2022-07-08 08:45:00+00:00,18.06,5.6,5.94,1955.03,27.4,24.8,27.4,24.8,29.4,22.8,29.4,22.8,29.4,22.8,328.55
420,2022-07-08 09:00:00+00:00,17.91,5.4,5.96,1948.92,27.4,24.8,27.4,24.8,29.4,22.8,29.4,22.8,29.4,22.8,541.4
421,2022-07-08 09:15:00+00:00,18.25,5.4,5.93,1962.85,27.4,24.8,27.4,24.8,29.4,22.8,29.4,22.8,29.4,22.8,436.82
422,2022-07-08 09:30:00+00:00,19.01,5.4,5.85,1995.75,27.4,24.8,27.4,24.8,29.4,22.8,29.4,22.8,29.4,22.8,907.99
423,2022-07-08 09:45:00+00:00,19.95,5.4,5.76,2038.56,27.4,24.8,27.4,24.8,29.4,22.8,29.4,22.8,29.4,22.8,919.83
424,2022-07-08 10:00:00+00:00,19.77,5.4,5.78,2029.95,27.4,24.8,27.4,24.8,29.4,22.8,29.4,22.8,29.4,22.8,959.32
425,2022-07-08 10:15:00+00:00,20.18,5.4,5.74,2049.68,27.4,24.8,27.4,24.8,29.4,22.8,29.4,22.8,29.4,22.8,987.93
426,2022-07-08 10:30:00+00:00,20.26,5.4,5.73,2053.54,27.4,24.8,27.4,24.8,29.4,22.8,29.4,22.8,29.4,22.8,878.47
427,2022-07-08 10:45:00+00:00,20.29,5.4,5.72,2054.82,27.4,24.8,27.4,24.8,29.4,22.8,29.4,22.8,29.4,22.8,967.65
428,2022-07-08 11:00:00+00:00,20.17,5.2,5.74,2049.04,27.4,24.8,27.4,24.8,29.4,22.8,29.4,22.8,29.4,22.8,941.75
429,2022-07-08 11:15:00+00:00,20.46,5.2,5.71,2062.94,27.4,24.8,27.4,24.8,29.4,22.8,29.4,22.8,29.4,22.8,968.63
430,2022-07-08 11:30:00+00:00,20.65,5.2,5.69,2072.3,27.4,24.8,27.4,24.8,29.4,22.8,29.4,22.8,29.4,22.8,942.1
431,2022-07-08 11:45:00+00:00,20.99,5.2,5.66,2089.35,27.4,24.8,27.4,24.8,29.4,22.8,29.4,22.8,29.4,22.8,953.15
432,2022-07-08 12:00:00+00:00,21.23,5.4,5.63,2101.96,29.4,22.8,29.4,22.8,29.4,22.8,27.4,24.8,29.4,22.8,954.99
433,2022-07-08 12:15:00+00:00,21.08,5.4,5.65,2094.27,29.4,22.8,29.4,22.8,29.4,22.8,27.4,24.8,29.4,22.8,951.53
434,2022-07-08 12:30:00+00:00,21.41,5.4,5.61,2111.3,29.4,22.8,29.4,22.8,29.4,22.8,27.4,24.8,29.4,22.8,932.17
435,2022-07-08 12:45:00+00:00,21.99,5.4,5.56,2141.92,29.4,22.8,29.4,22.8,29.4,22.8,27.4,24.8,29.4,22.8,925.95
436,2022-07-08 13:00:00+00:00,22.09,5.4,5.55,2147.34,27.4,24.8,29.4,22.8,29.4,22.8,29.4,22.8,29.4,22.8,907.5
437,2022-07-08 13:15:00+00:00,22.47,5.4,5.51,2168.43,27.4,24.8,29.4,22.8,29.4,22.8,29.4,22.8,29.4,22.8,892.63
438,2022-07-08 13:30:00+00:00,22.84,5.4,5.48,2189.07,27.4,24.8,29.4,22.8,29.4,22.8,29.4,22.8,29.4,22.8,865.91
439,2022-07-08 13:45:00+00:00,23.02,5.4,5.46,2199.17,27.4,24.8,29.4,22.8,29.4,22.8,29.4,22.8,29.4,22.8,841.2
440,2022-07-08 14:00:00+00:00,23.09,5.7,5.45,2203.2,27.4,24.8,29.4,22.8,29.4,22.8,29.4,22.8,29.4,22.8,811.89
441,2022-07-08 14:15:00+00:00,23.39,5.7,5.42,2220.86,27.4,24.8,29.4,22.8,29.4,22.8,29.4,22.8,29.4,22.8,779.37
442,2022-07-08 14:30:00+00:00,23.43,5.7,5.42,2223.41,27.4,24.8,29.4,22.8,29.4,22.8,29.4,22.8,29.4,22.8,742.48
443,2022-07-08 14:45:00+00:00,23.46,5.7,5.41,2225.18,27.4,24.8,29.4,22.8,29.4,22.8,29.4,22.8,29.4,22.8,712.85
444,2022-07-08 15:00:00+00:00,23.65,6.9,5.4,2236.44,27.4,24.8,29.4,22.8,29.4,22.8,29.4,22.8,29.4,22.8,677.52
445,2022-07-08 15:15:00+00:00,23.82,6.9,5.38,2246.22,27.4,24.8,29.4,22.8,29.4,22.8,29.4,22.8,29.4,22.8,644.6
446,2022-07-08 15:30:00+00:00,24.05,6.9,5.36,2260.34,27.4,24.8,29.4,22.8,29.4,22.8,29.4,22.8,29.4,22.8,612.43
447,2022-07-08 15:45:00+00:00,24.23,6.9,5.34,2271.57,27.4,24.8,29.4,22.8,29.4,22.8,29.4,22.8,29.4,22.8,566.9
448,2022-07-08 16:00:00+00:00,24.11,7.7,5.35,2264.0,27.4,24.8,29.4,22.8,29.4,22.8,29.4,22.8,29.4,22.8,527.16
449,2022-07-08 16:15:00+00:00,24.3,7.7,5.33,2275.88,27.4,24.8,29.4,22.8,29.4,22.8,29.4,22.8,29.4,22.8,483.86
450,2022-07-08 16:30:00+00:00,24.19,7.7,5.34,2269.11,27.4,24.8,29.4,22.8,29.4,22.8,29.4,22.8,29.4,22.8,438.45
451,2022-07-08 16:45:00+00:00,24.27,7.7,5.33,2273.82,27.4,24.8,29.4,22.8,29.4,22.8,29.4,22.8,29.4,22.8,389.47
452,2022-07-08 17:00:00+00:00,24.21,8.0,5.34,2269.93,30.0,16.0,30.0,16.0,30.0,16.0,30.0,16.0,30.0,16.0,340.64
453,2022-07-08 17:15:00+00:00,24.29,8.0,5.33,2275.26,30.0,16.0,30.0,16.0,30.0,16.0,30.0,16.0,30.0,16.0,291.85
454,2022-07-08 17:30:00+00:00,24.07,8.0,5.35,2261.36,30.0,16.0,30.0,16.0,30.0,16.0,30.0,16.0,30.0,16.0,250.37
455,2022-07-08 17:45:00+00:00,24.1,8.0,5.35,2263.19,30.0,16.0,30.0,16.0,30.0,16.0,30.0,16.0,30.0,16.0,203.84
456,2022-07-08 18:00:00+00:00,23.96,7.5,5.37,2254.67,30.0,16.0,30.0,16.0,30.0,16.0,30.0,16.0,30.0,16.0,166.68
457,2022-07-08 18:15:00+00:00,23.71,7.5,5.39,2240.02,30.0,16.0,30.0,16.0,30.0,16.0,30.0,16.0,30.0,16.0,129.43
458,2022-07-08 18:30:00+00:00,23.65,7.5,5.4,2236.24,30.0,16.0,30.0,16.0,30.0,16.0,30.0,16.0,30.0,16.0,93.81
459,2022-07-08 18:45:00+00:00,23.22,7.5,5.44,2210.73,30.0,16.0,30.0,16.0,30.0,16.0,30.0,16.0,30.0,16.0,65.89
460,2022-07-08 19:00:00+00:00,22.55,6.9,5.5,2172.9,30.0,16.0,30.0,16.0,30.0,16.0,30.0,16.0,30.0,16.0,31.62
461,2022-07-08 19:15:00+00:00,21.3,6.9,5.63,2105.58,30.0,16.0,30.0,16.0,30.0,16.0,30.0,16.0,30.0,16.0,16.81
462,2022-07-08 19:30:00+00:00,20.17,6.9,5.74,2048.88,30.0,16.0,30.0,16.0,30.0,16.0,30.0,16.0,30.0,16.0,10.54
463,2022-07-08 19:45:00+00:00,19.17,6.9,5.83,2002.85,30.0,16.0,30.0,16.0,30.0,16.0,30.0,16.0,30.0,16.0,9.26
464,2022-07-08 20:00:00+00:00,18.29,6.4,5.92,1964.82,30.0,16.0,30.0,16.0,30.0,16.0,30.0,16.0,30.0,16.0,6.78
465,2022-07-08 20:15:00+00:00,17.7,6.4,5.98,1940.5,30.0,16.0,30.0,16.0,30.0,16.0,30.0,16.0,30.0,16.0,8.1
466,2022-07-08 20:30:00+00:00,17.03,6.4,6.0,1914.6,30.0,16.0,30.0,16.0,30.0,16.0,30.0,16.0,30.0,16.0,7.93
467,2022-07-08 20:45:00+00:00,16.49,6.4,6.0,1894.93,30.0,16.0,30.0,16.0,30.0,16.0,30.0,16.0,30.0,16.0,6.52
468,2022-07-08 21:00:00+00:00,16.07,5.8,6.0,1880.21,30.0,16.0,30.0,16.0,30.0,16.0,30.0,16.0,30.0,16.0,7.68
469,2022-07-08 21:15:00+00:00,15.59,5.8,6.0,1864.1,30.0,16.0,30.0,16.0,30.0,16.0,30.0,16.0,30.0,16.0,6.97
470,2022-07-08 21:30:00+00:00,15.12,5.8,6.0,1849.08,30.0,16.0,30.0,16.0,30.0,16.0,30.0,16.0,30.0,16.0,6.48
471,2022-07-08 21:45:00+00:00,14.82,5.8,6.0,1839.77,30.0,16.0,30.0,16.0,30.0,16.0,30.0,16.0,30.0,16.0,5.57
472,2022-07-08 22:00:00+00:00,14.4,1.6,6.0,1827.58,30.0,16.0,30.0,16.0,30.0,16.0,30.0,16.0,30.0,16.0,7.33
473,2022-07-08 22:15:00+00:00,14.31,1.6,6.0,1824.9,30.0,16.0,30.0,16.0,30.0,16.0,30.0,16.0,30.0,16.0,5.48
474,2022-07-08 22:30:00+00:00,14.09,1.6,6.0,1818.62,30.0,16.0,30.0,16.0,30.0,16.0,30.0,16.0,30.0,16.0,7.0
475,2022-07-08 22:45:00+00:00,13.93,1.6,6.0,1814.22,30.0,16.0,30.0,16.0,30.0,16.0,30.0,16.0,30.0,16.0,7.99
476,2022-07-08 23:00:00+00:00,13.77,0.1,6.0,1810.0,30.0,16.0,30.0,16.0,30.0,16.0,30.0,16.0,30.0,16.0,7.1
477,2022-07-08 23:15:00+00:00,13.47,0.1,6.0,1802.15,30.0,16.0,30.0,16.0,30.0,16.0,30.0,16.0,30.0,16.0,4.97
478,2022-07-08 23:30:00+00:00,13.28,0.1,6.0,1797.23,30.0,16.0,30.0,16.0,30.0,16.0,30.0,16.0,30.0,16.0,6.85
479,2022-07-08 23:45:00+00:00,12.97,0.1,6.0,1789.63,30.0,16.0,30.0,16.0,30.0,16.0,30.0,16.0,30.0,16.0,5.2
480,2022-07-09 00:00:00+00:00,12.71,10.9,6.0,1783.65,30.0,16.0,30.0,16.0,30.0,16.0,30.0,16.0,30.0,16.0,5.92
481,2022-07-09 00:15:00+00:00,12.51,10.9,6.0,1779.08,30.0,16.0,30.0,16.0,30.0,16.0,30.0,16.0,30.0,16.0,6.76
482,2022-07-09 00:30:00+00:00,12.2,10.9,6.0,1772.19,30.0,16.0,30.0,16.0,30.0,16.0,30.0,16.0,30.0,16.0,6.07
483,2022-07-09 00:45:00+00:00,12.0,10.9,6.0,1767.89,30.0,16.0,30.0,16.0,30.0,16.0,30.0,16.0,30.0,16.0,6.96
484,2022-07-09 01:00:00+00:00,11.74,10.8,6.0,1762.66,30.0,16.0,30.0,16.0,30.0,16.0,30.0,16.0,30.0,16.0,7.41
485,2022-07-09 01:15:00+00:00,11.6,10.8,6.0,1759.9,30.0,16.0,30.0,16.0,30.0,16.0,30.0,16.0,30.0,16.0,4.66
486,2022-07-09 01:30:00+00:00,11.51,10.8,6.0,1758.1,30.0,16.0,30.0,16.0,30.0,16.0,30.0,16.0,30.0,16.0,6.3
487,2022-07-09 01:45:00+00:00,11.27,10.8,6.0,1753.59,30.0,16.0,30.0,16.0,30.0,16.0,30.0,16.0,30.0,16.0,6.86
488,2022-07-09 02:00:00+00:00,11.14,10.8,6.0,1751.29,30.0,16.0,30.0,16.0,30.0,16.0,30.0,16.0,30.0,16.0,6.24
489,2022-07-09 02:15:00+00:00,11.12,10.8,6.0,1750.94,30.0,16.0,30.0,16.0,30.0,16.0,30.0,16.0,30.0,16.0,6.86
490,2022-07-09 02:30:00+00:00,11.0,10.8,6.0,1748.87,30.0,16.0,30.0,16.0,30.0,16.0,30.0,16.0,30.0,16.0,6.38
491,2022-07-09 02:45:00+00:00,10.75,10.8,6.0,1744.49,30.0,16.0,30.0,16.0,30.0,16.0,30.0,16.0,30.0,16.0,6.19
492,2022-07-09 03:00:00+00:00,10.57,11.1,6.0,1741.55,30.0,16.0,30.0,16.0,30.0,16.0,30.0,16.0,30.0,16.0,7.33
493,2022-07-09 03:15:00+00:00,10.42,11.1,6.0,1739.29,30.0,16.0,30.0,16.0,30.0,16.0,30.0,16.0,30.0,16.0,6.5
494,2022-07-09 03:30:00+00:00,10.19,11.1,6.0,1735.75,30.0,16.0,30.0,16.0,30.0,16.0,30.0,16.0,30.0,16.0,7.9
495,2022-07-09 03:45:00+00:00,10.05,11.1,6.0,1733.71,30.0,16.0,30.0,16.0,30.0,16.0,30.0,16.0,30.0,16.0,12.7
496,2022-07-09 04:00:00+00:00,9.82,14.2,6.0,1730.51,30.0,16.0,30.0,16.0,30.0,16.0,30.0,16.0,30.0,16.0,17.57
497,2022-07-09 04:15:00+00:00,9.99,14.2,6.0,1732.86,30.0,16.0,30.0,16.0,30.0,16.0,30.0,16.0,30.0,16.0,31.97
498,2022-07-09 04:30:00+00:00,10.31,14.2,6.0,1737.6,30.0,16.0,30.0,16.0,30.0,16.0,30.0,16.0,30.0,16.0,48.88
499,2022-07-09 04:45:00+00:00,11.04,14.2,6.0,1749.46,30.0,16.0,30.0,16.0,30.0,16.0,30.0,16.0,30.0,16.0,81.2
500,2022-07-09 05:00:00+00:00,12.33,16.1,6.0,1775.08,30.0,16.0,30.0,16.0,30.0,16.0,30.0,16.0,30.0,16.0,114.18
501,2022-07-09 05:15:00+00:00,13.65,16.1,6.0,1806.91,30.0,16.0,30.0,16.0,30.0,16.0,30.0,16.0,30.0,16.0,146.08
502,2022-07-09 05:30:00+00:00,14.87,16.1,6.0,1841.28,30.0,16.0,30.0,16.0,30.0,16.0,30.0,16.0,30.0,16.0,178.6
503,2022-07-09 05:45:00+00:00,15.97,16.1,6.0,1876.68,30.0,16.0,30.0,16.0,30.0,16.0,30.0,16.0,30.0,16.0,202.23
504,2022-07-09 06:00:00+00:00,16.38,16.4,6.0,1891.14,30.0,16.0,30.0,16.0,30.0,16.0,30.0,16.0,30.0,16.0,225.35
505,2022-07-09 06:15:00+00:00,16.89,16.4,6.0,1909.62,30.0,16.0,30.0,16.0,30.0,16.0,30.0,16.0,30.0,16.0,257.74
506,2022-07-09 06:30:00+00:00,17.44,16.4,6.0,1930.27,30.0,16.0,30.0,16.0,30.0,16.0,30.0,16.0,30.0,16.0,317.45
507,2022-07-09 06:45:00+00:00,18.21,16.4,5.93,1961.49,30.0,16.0,30.0,16.0,30.0,16.0,30.0,16.0,30.0,16.0,380.03
508,2022-07-09 07:00:00+00:00,18.86,14.3,5.86,1989.16,30.0,16.0,30.0,16.0,30.0,16.0,30.0,16.0,30.0,16.0,433.09
509,2022-07-09 07:15:00+00:00,19.55,14.3,5.8,2019.77,30.0,16.0,30.0,16.0,30.0,16.0,30.0,16.0,30.0,16.0,497.08
510,2022-07-09 07:30:00+00:00,20.47,14.3,5.71,2063.75,30.0,16.0,30.0,16.0,30.0,16.0,30.0,16.0,30.0,16.0,504.07
511,2022-07-09 07:45:00+00:00,21.31,14.3,5.63,2105.75,30.0,16.0,30.0,16.0,30.0,16.0,30.0,16.0,30.0,16.0,575.24
512,2022-07-09 08:00:00+00:00,22.33,13.5,5.52,2160.67,27.4,24.8,27.4,24.8,29.4,22.8,29.4,22.8,29.4,22.8,627.18
513,2022-07-09 08:15:00+00:00,22.49,13.5,5.51,2169.55,27.4,24.8,27.4,24.8,29.4,22.8,29.4,22.8,29.4,22.8,654.7
514,2022-07-09 08:30:00+00:00,23.06,13.5,5.45,2201.86,27.4,24.8,27.4,24.8,29.4,22.8,29.4,22.8,29.4,22.8,660.08
515,2022-07-09 08:45:00+00:00,22.99,13.5,5.46,2197.83,27.4,24.8,27.4,24.8,29.4,22.8,29.4,22.8,29.4,22.8,676.9
516,2022-07-09 09:00:00+00:00,23.59,12.0,5.4,2232.87,27.4,24.8,27.4,24.8,29.4,22.8,29.4,22.8,29.4,22.8,690.09
517,2022-07-09 09:15:00+00:00,24.02,12.0,5.36,2258.72,27.4,24.8,27.4,24.8,29.4,22.8,29.4,22.8,29.4,22.8,799.95
518,2022-07-09 09:30:00+00:00,24.55,12.0,5.31,2291.42,27.4,24.8,27.4,24.8,29.4,22.8,29.4,22.8,29.4,22.8,825.48
519,2022-07-09 09:45:00+00:00,24.61,12.0,5.3,2294.77,27.4,24.8,27.4,24.8,29.4,22.8,29.4,22.8,29.4,22.8,879.59
520,2022-07-09 10:00:00+00:00,24.71,10.9,5.29,2301.27,27.4,24.8,27.4,24.8,29.4,22.8,29.4,22.8,29.4,22.8,893.35
521,2022-07-09 10:15:00+00:00,24.93,10.9,5.27,2315.24,27.4,24.8,27.4,24.8,29.4,22.8,29.4,22.8,29.4,22.8,927.1
522,2022-07-09 10:30:00+00:00,24.69,10.9,5.29,2299.8,27.4,24.8,27.4,24.8,29.4,22.8,29.4,22.8,29.4,22.8,763.61
523,2022-07-09 10:45:00+00:00,24.9,10.9,5.27,2313.54,27.4,24.8,27.4,24.8,29.4,22.8,29.4,22.8,29.4,22.8,898.81
524,2022-07-09 11:00:00+00:00,24.98,10.9,5.27,2318.62,27.4,24.8,27.4,24.8,29.4,22.8,29.4,22.8,29.4,22.8,971.25
525,2022-07-09 11:15:00+00:00,25.36,10.9,5.23,2343.22,27.4,24.8,27.4,24.8,29.4,22.8,29.4,22.8,29.4,22.8,1072.15
526,2022-07-09 11:30:00+00:00,25.43,10.9,5.22,2347.36,27.4,24.8,27.4,24.8,29.4,22.8,29.4,22.8,29.4,22.8,376.59
527,2022-07-09 11:45:00+00:00,25.15,10.9,5.25,2329.36,27.4,24.8,27.4,24.8,29.4,22.8,29.4,22.8,29.4,22.8,538.0
528,2022-07-09 12:00:00+00:00,25.08,10.8,5.26,2324.85,29.4,22.8,29.4,22.8,29.4,22.8,27.4,24.8,29.4,22.8,985.14
529,2022-07-09 12:15:00+00:00,25.78,10.8,5.19,2370.71,29.4,22.8,29.4,22.8,29.4,22.8,27.4,24.8,29.4,22.8,937.42
530,2022-07-09 12:30:00+00:00,26.41,10.8,5.13,2413.14,29.4,22.8,29.4,22.8,29.4,22.8,27.4,24.8,29.4,22.8,837.35
531,2022-07-09 12:45:00+00:00,25.94,10.8,5.17,2381.42,29.4,22.8,29.4,22.8,29.4,22.8,27.4,24.8,29.4,22.8,344.37
532,2022-07-09 13:00:00+00:00,25.69,10.8,5.2,2364.5,27.4,24.8,29.4,22.8,29.4,22.8,29.4,22.8,29.4,22.8,754.19
533,2022-07-09 13:15:00+00:00,26.3,10.8,5.14,2405.6,27.4,24.8,29.4,22.8,29.4,22.8,29.4,22.8,29.4,22.8,716.68
534,2022-07-09 13:30:00+00:00,26.01,10.8,5.16,2386.36,27.4,24.8,29.4,22.8,29.4,22.8,29.4,22.8,29.4,22.8,647.14
535,2022-07-09 13:45:00+00:00,26.06,10.8,5.16,2389.73,27.4,24.8,29.4,22.8,29.4,22.8,29.4,22.8,29.4,22.8,646.71
536,2022-07-09 14:00:00+00:00,26.51,11.3,5.12,2420.5,27.4,24.8,29.4,22.8,29.4,22.8,29.4,22.8,29.4,22.8,513.12
537,2022-07-09 14:15:00+00:00,26.42,11.3,5.12,2414.29,27.4,24.8,29.4,22.8,29.4,22.8,29.4,22.8,29.4,22.8,599.41
538,2022-07-09 14:30:00+00:00,26.69,11.3,5.1,2432.53,27.4,24.8,29.4,22.8,29.4,22.8,29.4,22.8,29.4,22.8,584.21
539,2022-07-09 14:45:00+00:00,26.67,11.3,5.1,2431.6,27.4,24.8,29.4,22.8,29.4,22.8,29.4,22.8,29.4,22.8,298.99
540,2022-07-09 15:00:00+00:00,26.28,13.6,5.14,2404.46,27.4,24.8,29.4,22.8,29.4,22.8,29.4,22.8,29.4,22.8,258.26
541,2022-07-09 15:15:00+00:00,26.23,13.6,5.14,2400.82,27.4,24.8,29.4,22.8,29.4,22.8,29.4,22.8,29.4,22.8,361.81
542,2022-07-09 15:30:00+00:00,26.86,13.6,5.08,2444.66,27.4,24.8,29.4,22.8,29.4,22.8,29.4,22.8,29.4,22.8,671.02
543,2022-07-09 15:45:00+00:00,27.12,13.6,5.06,2463.28,27.4,24.8,29.4,22.8,29.4,22.8,29.4,22.8,29.4,22.8,549.71
544,2022-07-09 16:00:00+00:00,27.22,14.6,5.05,2470.41,27.4,24.8,29.4,22.8,29.4,22.8,29.4,22.8,29.4,22.8,557.41
545,2022-07-09 16:15:00+00:00,27.13,14.6,5.05,2463.75,27.4,24.8,29.4,22.8,29.4,22.8,29.4,22.8,29.4,22.8,460.23
546,2022-07-09 16:30:00+00:00,26.88,14.6,5.08,2446.3,27.4,24.8,29.4,22.8,29.4,22.8,29.4,22.8,29.4,22.8,188.9
547,2022-07-09 16:45:00+00:00,26.55,14.6,5.11,2422.8,27.4,24.8,29.4,22.8,29.4,22.8,29.4,22.8,29.4,22.8,231.13
548,2022-07-09 17:00:00+00:00,26.53,18.0,5.11,2421.42,30.0,16.0,30.0,16.0,30.0,16.0,30.0,16.0,30.0,16.0,254.87
549,2022-07-09 17:15:00+00:00,26.47,18.0,5.12,2417.51,30.0,16.0,30.0,16.0,30.0,16.0,30.0,16.0,30.0,16.0,190.19
550,2022-07-09 17:30:00+00:00,26.74,18.0,5.09,2436.02,30.0,16.0,30.0,16.0,30.0,16.0,30.0,16.0,30.0,16.0,252.15
551,2022-07-09 17:45:00+00:00,26.46,18.0,5.12,2416.59,30.0,16.0,30.0,16.0,30.0,16.0,30.0,16.0,30.0,16.0,174.82
552,2022-07-09 18:00:00+00:00,26.08,16.4,5.16,2391.09,30.0,16.0,30.0,16.0,30.0,16.0,30.0,16.0,30.0,16.0,125.04
553,2022-07-09 18:15:00+00:00,25.67,16.4,5.2,2363.17,30.0,16.0,30.0,16.0,30.0,16.0,30.0,16.0,30.0,16.0,73.97
554,2022-07-09 18:30:00+00:00,25.36,16.4,5.23,2342.78,30.0,16.0,30.0,16.0,30.0,16.0,30.0,16.0,30.0,16.0,34.28
555,2022-07-09 18:45:00+00:00,25.09,16.4,5.25,2325.71,30.0,16.0,30.0,16.0,30.0,16.0,30.0,16.0,30.0,16.0,11.48
556,2022-07-09 19:00:00+00:00,22.82,14.1,5.48,2187.74,30.0,16.0,30.0,16.0,30.0,16.0,30.0,16.0,30.0,16.0,15.88
557,2022-07-09 19:15:00+00:00,20.02,14.1,5.75,2041.88,30.0,16.0,30.0,16.0,30.0,16.0,30.0,16.0,30.0,16.0,5.05
558,2022-07-09 19:30:00+00:00,19.58,14.1,5.79,2021.3,30.0,16.0,30.0,16.0,30.0,16.0,30.0,16.0,30.0,16.0,9.32
559,2022-07-09 19:45:00+00:00,19.53,14.1,5.8,2019.0,30.0,16.0,30.0,16.0,30.0,16.0,30.0,16.0,30.0,16.0,8.63
560,2022-07-09 20:00:00+00:00,19.46,12.7,5.81,2015.8,30.0,16.0,30.0,16.0,30.0,16.0,30.0,16.0,30.0,16.0,8.42
561,2022-07-09 20:15:00+00:00,19.38,12.7,5.81,2012.31,30.0,16.0,30.0,16.0,30.0,16.0,30.0,16.0,30.0,16.0,8.3
562,2022-07-09 20:30:00+00:00,19.31,12.7,5.82,2008.84,30.0,16.0,30.0,16.0,30.0,16.0,30.0,16.0,30.0,16.0,8.51
563,2022-07-09 20:45:00+00:00,19.32,12.7,5.82,2009.44,30.0,16.0,30.0,16.0,30.0,16.0,30.0,16.0,30.0,16.0,6.67
564,2022-07-09 21:00:00+00:00,19.34,10.9,5.82,2010.5,30.0,16.0,30.0,16.0,30.0,16.0,30.0,16.0,30.0,16.0,8.32
565,2022-07-09 21:15:00+00:00,19.32,10.9,5.82,2009.29,30.0,16.0,30.0,16.0,30.0,16.0,30.0,16.0,30.0,16.0,9.45
566,2022-07-09 21:30:00+00:00,19.19,10.9,5.83,2003.75,30.0,16.0,30.0,16.0,30.0,16.0,30.0,16.0,30.0,16.0,7.43
567,2022-07-09 21:45:00+00:00,19.04,10.9,5.85,1996.78,30.0,16.0,30.0,16.0,30.0,16.0,30.0,16.0,30.0,16.0,8.84
568,2022-07-09 22:00:00+00:00,18.81,11.5,5.87,1986.69,30.0,16.0,30.0,16.0,30.0,16.0,30.0,16.0,30.0,16.0,7.48
569,2022-07-09 22:15:00+00:00,18.75,11.5,5.88,1984.38,30.0,16.0,30.0,16.0,30.0,16.0,30.0,16.0,30.0,16.0,7.08
570,2022-07-09 22:30:00+00:00,18.39,11.5,5.91,1968.87,30.0,16.0,30.0,16.0,30.0,16.0,30.0,16.0,30.0,16.0,7.18
571,2022-07-09 22:45:00+00:00,18.07,11.5,5.94,1955.58,30.0,16.0,30.0,16.0,30.0,16.0,30.0,16.0,30.0,16.0,7.05
572,2022-07-09 23:00:00+00:00,17.86,11.0,5.96,1947.17,30.0,16.0,30.0,16.0,30.0,16.0,30.0,16.0,30.0,16.0,7.68
573,2022-07-09 23:15:00+00:00,17.68,11.0,5.98,1939.84,30.0,16.0,30.0,16.0,30.0,16.0,30.0,16.0,30.0,16.0,3.95
574,2022-07-09 23:30:00+00:00,17.67,11.0,5.98,1939.57,30.0,16.0,30.0,16.0,30.0,16.0,30.0,16.0,30.0,16.0,7.43
575,2022-07-09 23:45:00+00:00,17.55,11.0,5.99,1934.57,30.0,16.0,30.0,16.0,30.0,16.0,30.0,16.0,30.0,16.0,7.13
576,2022-07-10 00:00:00+00:00,17.44,25.0,6.0,1930.27,30.0,16.0,30.0,16.0,30.0,16.0,30.0,16.0,30.0,16.0,9.37
577,2022-07-10 00:15:00+00:00,17.72,25.0,5.98,1941.29,30.0,16.0,30.0,16.0,30.0,16.0,30.0,16.0,30.0,16.0,6.93
578,2022-07-10 00:30:00+00:00,17.54,25.0,5.99,1934.44,30.0,16.0,30.0,16.0,30.0,16.0,30.0,16.0,30.0,16.0,6.26
579,2022-07-10 00:45:00+00:00,17.16,25.0,6.0,1919.76,30.0,16.0,30.0,16.0,30.0,16.0,30.0,16.0,30.0,16.0,5.54
580,2022-07-10 01:00:00+00:00,17.06,23.7,6.0,1915.73,30.0,16.0,30.0,16.0,30.0,16.0,30.0,16.0,30.0,16.0,5.92
581,2022-07-10 01:15:00+00:00,16.92,23.7,6.0,1910.74,30.0,16.0,30.0,16.0,30.0,16.0,30.0,16.0,30.0,16.0,8.83
582,2022-07-10 01:30:00+00:00,16.65,23.7,6.0,1900.82,30.0,16.0,30.0,16.0,30.0,16.0,30.0,16.0,30.0,16.0,5.9
583,2022-07-10 01:45:00+00:00,16.53,23.7,6.0,1896.25,30.0,16.0,30.0,16.0,30.0,16.0,30.0,16.0,30.0,16.0,5.42
584,2022-07-10 02:00:00+00:00,16.32,24.2,6.0,1889.02,30.0,16.0,30.0,16.0,30.0,16.0,30.0,16.0,30.0,16.0,7.08
585,2022-07-10 02:15:00+00:00,15.99,24.2,6.0,1877.59,30.0,16.0,30.0,16.0,30.0,16.0,30.0,16.0,30.0,16.0,5.57
586,2022-07-10 02:30:00+00:00,15.82,24.2,6.0,1871.84,30.0,16.0,30.0,16.0,30.0,16.0,30.0,16.0,30.0,16.0,7.59
587,2022-07-10 02:45:00+00:00,15.66,24.2,6.0,1866.52,30.0,16.0,30.0,16.0,30.0,16.0,30.0,16.0,30.0,16.0,5.04
588,2022-07-10 03:00:00+00:00,15.56,26.4,6.0,1863.23,30.0,16.0,30.0,16.0,30.0,16.0,30.0,16.0,30.0,16.0,5.11
589,2022-07-10 03:15:00+00:00,15.43,26.4,6.0,1859.01,30.0,16.0,30.0,16.0,30.0,16.0,30.0,16.0,30.0,16.0,7.17
590,2022-07-10 03:30:00+00:00,15.21,26.4,6.0,1852.0,30.0,16.0,30.0,16.0,30.0,16.0,30.0,16.0,30.0,16.0,7.09
591,2022-07-10 03:45:00+00:00,15.03,26.4,6.0,1846.28,30.0,16.0,30.0,16.0,30.0,16.0,30.0,16.0,30.0,16.0,11.72
592,2022-07-10 04:00:00+00:00,14.84,31.0,6.0,1840.47,30.0,16.0,30.0,16.0,30.0,16.0,30.0,16.0,30.0,16.0,18.37
593,2022-07-10 04:15:00+00:00,14.78,31.0,6.0,1838.66,30.0,16.0,30.0,16.0,30.0,16.0,30.0,16.0,30.0,16.0,33.58
594,2022-07-10 04:30:00+00:00,14.93,31.0,6.0,1843.21,30.0,16.0,30.0,16.0,30.0,16.0,30.0,16.0,30.0,16.0,55.4
595,2022-07-10 04:45:00+00:00,15.1,31.0,6.0,1848.45,30.0,16.0,30.0,16.0,30.0,16.0,30.0,16.0,30.0,16.0,77.22
596,2022-07-10 05:00:00+00:00,15.42,35.6,6.0,1858.48,30.0,16.0,30.0,16.0,30.0,16.0,30.0,16.0,30.0,16.0,112.7
597,2022-07-10 05:15:00+00:00,15.73,35.6,6.0,1868.83,30.0,16.0,30.0,16.0,30.0,16.0,30.0,16.0,30.0,16.0,146.43
598,2022-07-10 05:30:00+00:00,16.06,35.6,6.0,1879.87,30.0,16.0,30.0,16.0,30.0,16.0,30.0,16.0,30.0,16.0,184.97
599,2022-07-10 05:45:00+00:00,16.17,35.6,6.0,1883.66,30.0,16.0,30.0,16.0,30.0,16.0,30.0,16.0,30.0,16.0,229.62
600,2022-07-10 06:00:00+00:00,16.34,39.3,6.0,1889.61,30.0,16.0,30.0,16.0,30.0,16.0,30.0,16.0,30.0,16.0,273.82
601,2022-07-10 06:15:00+00:00,16.45,39.3,6.0,1893.39,30.0,16.0,30.0,16.0,30.0,16.0,30.0,16.0,30.0,16.0,271.86
602,2022-07-10 06:30:00+00:00,16.22,39.3,6.0,1885.4,30.0,16.0,30.0,16.0,30.0,16.0,30.0,16.0,30.0,16.0,262.04
603,2022-07-10 06:45:00+00:00,16.61,39.3,6.0,1899.25,30.0,16.0,30.0,16.0,30.0,16.0,30.0,16.0,30.0,16.0,429.64
604,2022-07-10 07:00:00+00:00,16.58,35.3,6.0,1898.04,30.0,16.0,30.0,16.0,30.0,16.0,30.0,16.0,30.0,16.0,206.94
605,2022-07-10 07:15:00+00:00,16.63,35.3,6.0,1900.09,30.0,16.0,30.0,16.0,30.0,16.0,30.0,16.0,30.0,16.0,438.01
606,2022-07-10 07:30:00+00:00,17.16,35.3,6.0,1919.51,30.0,16.0,30.0,16.0,30.0,16.0,30.0,16.0,30.0,16.0,476.48
607,2022-07-10 07:45:00+00:00,17.16,35.3,6.0,1919.51,30.0,16.0,30.0,16.0,30.0,16.0,30.0,16.0,30.0,16.0,352.46
608,2022-07-10 08:00:00+00:00,16.92,30.0,6.0,1910.49,27.4,24.8,27.4,24.8,29.4,22.8,29.4,22.8,29.4,22.8,328.71
609,2022-07-10 08:15:00+00:00,16.95,30.0,6.0,1911.73,27.4,24.8,27.4,24.8,29.4,22.8,29.4,22.8,29.4,22.8,229.81
610,2022-07-10 08:30:00+00:00,17.41,30.0,6.0,1929.36,27.4,24.8,27.4,24.8,29.4,22.8,29.4,22.8,29.4,22.8,494.06
611,2022-07-10 08:45:00+00:00,17.6,30.0,5.99,1936.67,27.4,24.8,27.4,24.8,29.4,22.8,29.4,22.8,29.4,22.8,580.04
612,2022-07-10 09:00:00+00:00,17.96,30.0,5.95,1950.95,27.4,24.8,27.4,24.8,29.4,22.8,29.4,22.8,29.4,22.8,452.61
613,2022-07-10 09:15:00+00:00,18.13,30.0,5.94,1957.91,27.4,24.8,27.4,24.8,29.4,22.8,29.4,22.8,29.4,22.8,657.63
614,2022-07-10 09:30:00+00:00,18.83,30.0,5.87,1987.71,27.4,24.8,27.4,24.8,29.4,22.8,29.4,22.8,29.4,22.8,865.7
615,2022-07-10 09:45:00+00:00,18.68,30.0,5.88,1981.36,27.4,24.8,27.4,24.8,29.4,22.8,29.4,22.8,29.4,22.8,670.14
616,2022-07-10 10:00:00+00:00,19.08,29.6,5.84,1998.55,27.4,24.8,27.4,24.8,29.4,22.8,29.4,22.8,29.4,22.8,761.72
617,2022-07-10 10:15:00+00:00,19.73,29.6,5.78,2028.24,27.4,24.8,27.4,24.8,29.4,22.8,29.4,22.8,29.4,22.8,933.93
618,2022-07-10 10:30:00+00:00,19.82,29.6,5.77,2032.44,27.4,24.8,27.4,24.8,29.4,22.8,29.4,22.8,29.4,22.8,978.61
619,2022-07-10 10:45:00+00:00,20.0,29.6,5.75,2040.93,27.4,24.8,27.4,24.8,29.4,22.8,29.4,22.8,29.4,22.8,879.95
620,2022-07-10 11:00:00+00:00,20.11,28.7,5.74,2046.17,27.4,24.8,27.4,24.8,29.4,22.8,29.4,22.8,29.4,22.8,882.33
621,2022-07-10 11:15:00+00:00,20.38,28.7,5.72,2059.36,27.4,24.8,27.4,24.8,29.4,22.8,29.4,22.8,29.4,22.8,999.82
622,2022-07-10 11:30:00+00:00,20.51,28.7,5.7,2065.72,27.4,24.8,27.4,24.8,29.4,22.8,29.4,22.8,29.4,22.8,935.02
623,2022-07-10 11:45:00+00:00,20.76,28.7,5.68,2078.11,27.4,24.8,27.4,24.8,29.4,22.8,29.4,22.8,29.4,22.8,938.43
624,2022-07-10 12:00:00+00:00,21.1,28.0,5.65,2094.95,29.4,22.8,29.4,22.8,29.4,22.8,27.4,24.8,29.4,22.8,1012.27
625,2022-07-10 12:15:00+00:00,20.79,28.0,5.68,2079.44,29.4,22.8,29.4,22.8,29.4,22.8,27.4,24.8,29.4,22.8,895.34
626,2022-07-10 12:30:00+00:00,20.85,28.0,5.67,2082.62,29.4,22.8,29.4,22.8,29.4,22.8,27.4,24.8,29.4,22.8,824.82
627,2022-07-10 12:45:00+00:00,21.1,28.0,5.65,2095.29,29.4,22.8,29.4,22.8,29.4,22.8,27.4,24.8,29.4,22.8,876.69
628,2022-07-10 13:00:00+00:00,21.32,28.0,5.62,2106.44,27.4,24.8,29.4,22.8,29.4,22.8,29.4,22.8,29.4,22.8,821.75
629,2022-07-10 13:15:00+00:00,21.48,28.0,5.61,2114.78,27.4,24.8,29.4,22.8,29.4,22.8,29.4,22.8,29.4,22.8,702.2
630,2022-07-10 13:30:00+00:00,21.47,28.0,5.61,2114.08,27.4,24.8,29.4,22.8,29.4,22.8,29.4,22.8,29.4,22.8,475.34
631,2022-07-10 13:45:00+00:00,20.86,28.0,5.67,2083.12,27.4,24.8,29.4,22.8,29.4,22.8,29.4,22.8,29.4,22.8,312.93
632,2022-07-10 14:00:00+00:00,21.22,29.9,5.63,2101.11,27.4,24.8,29.4,22.8,29.4,22.8,29.4,22.8,29.4,22.8,549.29
633,2022-07-10 14:15:00+00:00,22.04,29.9,5.55,2144.62,27.4,24.8,29.4,22.8,29.4,22.8,29.4,22.8,29.4,22.8,798.02
634,2022-07-10 14:30:00+00:00,22.38,29.9,5.52,2163.44,27.4,24.8,29.4,22.8,29.4,22.8,29.4,22.8,29.4,22.8,716.96
635,2022-07-10 14:45:00+00:00,22.08,29.9,5.55,2146.8,27.4,24.8,29.4,22.8,29.4,22.8,29.4,22.8,29.4,22.8,511.73
636,2022-07-10 15:00:00+00:00,22.19,31.8,5.54,2152.79,27.4,24.8,29.4,22.8,29.4,22.8,29.4,22.8,29.4,22.8,552.78
637,2022-07-10 15:15:00+00:00,21.9,31.8,5.57,2136.89,27.4,24.8,29.4,22.8,29.4,22.8,29.4,22.8,29.4,22.8,348.51
638,2022-07-10 15:30:00+00:00,21.96,31.8,5.56,2140.48,27.4,24.8,29.4,22.8,29.4,22.8,29.4,22.8,29.4,22.8,314.14
639,2022-07-10 15:45:00+00:00,21.63,31.8,5.59,2122.49,27.4,24.8,29.4,22.8,29.4,22.8,29.4,22.8,29.4,22.8,238.44
640,2022-07-10 16:00:00+00:00,21.52,35.1,5.6,2117.05,27.4,24.8,29.4,22.8,29.4,22.8,29.4,22.8,29.4,22.8,228.75
641,2022-07-10 16:15:00+00:00,21.64,35.1,5.59,2123.02,27.4,24.8,29.4,22.8,29.4,22.8,29.4,22.8,29.4,22.8,345.67
642,2022-07-10 16:30:00+00:00,22.17,35.1,5.54,2151.52,27.4,24.8,29.4,22.8,29.4,22.8,29.4,22.8,29.4,22.8,506.6
643,2022-07-10 16:45:00+00:00,21.84,35.1,5.57,2133.84,27.4,24.8,29.4,22.8,29.4,22.8,29.4,22.8,29.4,22.8,265.1
644,2022-07-10 17:00:00+00:00,21.31,44.3,5.62,2106.1,30.0,16.0,30.0,16.0,30.0,16.0,30.0,16.0,30.0,16.0,176.34
645,2022-07-10 17:15:00+00:00,21.06,44.3,5.65,2092.91,30.0,16.0,30.0,16.0,30.0,16.0,30.0,16.0,30.0,16.0,155.08
646,2022-07-10 17:30:00+00:00,20.78,44.3,5.68,2078.77,30.0,16.0,30.0,16.0,30.0,16.0,30.0,16.0,30.0,16.0,106.34
647,2022-07-10 17:45:00+00:00,20.63,44.3,5.69,2071.31,30.0,16.0,30.0,16.0,30.0,16.0,30.0,16.0,30.0,16.0,105.52
648,2022-07-10 18:00:00+00:00,20.77,31.9,5.68,2078.44,30.0,16.0,30.0,16.0,30.0,16.0,30.0,16.0,30.0,16.0,110.88
649,2022-07-10 18:15:00+00:00,20.67,31.9,5.69,2073.62,30.0,16.0,30.0,16.0,30.0,16.0,30.0,16.0,30.0,16.0,93.69
650,2022-07-10 18:30:00+00:00,20.57,31.9,5.7,2068.51,30.0,16.0,30.0,16.0,30.0,16.0,30.0,16.0,30.0,16.0,67.68
651,2022-07-10 18:45:00+00:00,20.36,31.9,5.72,2058.22,30.0,16.0,30.0,16.0,30.0,16.0,30.0,16.0,30.0,16.0,41.77
652,2022-07-10 19:00:00+00:00,20.05,30.0,5.75,2043.3,30.0,16.0,30.0,16.0,30.0,16.0,30.0,16.0,30.0,16.0,29.71
653,2022-07-10 19:15:00+00:00,19.81,30.0,5.77,2031.82,30.0,16.0,30.0,16.0,30.0,16.0,30.0,16.0,30.0,16.0,22.49
654,2022-07-10 19:30:00+00:00,19.65,30.0,5.79,2024.53,30.0,16.0,30.0,16.0,30.0,16.0,30.0,16.0,30.0,16.0,13.34
655,2022-07-10 19:45:00+00:00,19.48,30.0,5.8,2016.71,30.0,16.0,30.0,16.0,30.0,16.0,30.0,16.0,30.0,16.0,9.42
656,2022-07-10 20:00:00+00:00,19.18,29.9,5.83,2003.0,30.0,16.0,30.0,16.0,30.0,16.0,30.0,16.0,30.0,16.0,8.02
657,2022-07-10 20:15:00+00:00,18.73,29.9,5.88,1983.23,30.0,16.0,30.0,16.0,30.0,16.0,30.0,16.0,30.0,16.0,7.79
658,2022-07-10 20:30:00+00:00,18.31,29.9,5.92,1965.65,30.0,16.0,30.0,16.0,30.0,16.0,30.0,16.0,30.0,16.0,6.14
659,2022-07-10 20:45:00+00:00,18.09,29.9,5.94,1956.53,30.0,16.0,30.0,16.0,30.0,16.0,30.0,16.0,30.0,16.0,5.95
660,2022-07-10 21:00:00+00:00,17.88,27.1,5.96,1947.98,30.0,16.0,30.0,16.0,30.0,16.0,30.0,16.0,30.0,16.0,5.66
661,2022-07-10 21:15:00+00:00,17.93,27.1,5.96,1949.87,30.0,16.0,30.0,16.0,30.0,16.0,30.0,16.0,30.0,16.0,7.12
662,2022-07-10 21:30:00+00:00,18.06,27.1,5.94,1955.3,30.0,16.0,30.0,16.0,30.0,16.0,30.0,16.0,30.0,16.0,5.96
663,2022-07-10 21:45:00+00:00,18.02,27.1,5.95,1953.39,30.0,16.0,30.0,16.0,30.0,16.0,30.0,16.0,30.0,16.0,7.35
664,2022-07-10 22:00:00+00:00,17.94,17.7,5.96,1950.14,30.0,16.0,30.0,16.0,30.0,16.0,30.0,16.0,30.0,16.0,7.82
665,2022-07-10 22:15:00+00:00,17.68,17.7,5.98,1939.84,30.0,16.0,30.0,16.0,30.0,16.0,30.0,16.0,30.0,16.0,7.15
666,2022-07-10 22:30:00+00:00,17.46,17.7,6.0,1931.05,30.0,16.0,30.0,16.0,30.0,16.0,30.0,16.0,30.0,16.0,8.66
667,2022-07-10 22:45:00+00:00,17.33,17.7,6.0,1926.01,30.0,16.0,30.0,16.0,30.0,16.0,30.0,16.0,30.0,16.0,7.68
668,2022-07-10 23:00:00+00:00,17.18,16.7,6.0,1920.27,30.0,16.0,30.0,16.0,30.0,16.0,30.0,16.0,30.0,16.0,7.98
669,2022-07-10 23:15:00+00:00,17.14,16.7,6.0,1918.75,30.0,16.0,30.0,16.0,30.0,16.0,30.0,16.0,30.0,16.0,7.57
670,2022-07-10 23:30:00+00:00,17.01,16.7,6.0,1914.1,30.0,16.0,30.0,16.0,30.0,16.0,30.0,16.0,30.0,16.0,7.8
671,2022-07-10 23:45:00+00:00,16.89,16.7,6.0,1909.38,30.0,16.0,30.0,16.0,30.0,16.0,30.0,16.0,30.0,16.0,8.46
