;Timestamp;Outside Temperature;T_Air_1;T_Air_2;T_Air_3;T_Air_4;T_Air_5;thermalDiscomfort;T_ideal;P_Max;P_elect;Costs;Electricity Price;heatingPowerRoom1;heatingPowerRoom2;heatingPowerRoom3;heatingPowerRoom4;heatingPowerRoom5;COP;Modulation Degree
0;2023-01-09 00:00:00;0.0;22.0;22.0;22.0;22.0;22.0;0.0;0.0;4541.7;0.0;0.0;0.06;0.0;0.0;0.0;0.0;0.0;3.16;0.0
1;2023-01-09 00:15:00;0.0;21.9;21.9;21.9;21.9;21.9;0.0;0.0;4541.0;0.0;0.0;0.06;0.0;0.0;0.0;0.0;0.0;3.16;0.0
2;2023-01-09 00:30:00;0.0;21.9;21.9;21.9;21.9;21.9;0.0;0.0;4521.5;0.0;0.0;0.06;0.0;0.0;0.0;0.0;0.0;3.18;0.0
3;2023-01-09 00:45:00;0.0;21.9;21.9;21.9;21.9;21.9;0.0;0.0;4506.7;0.0;0.0;0.06;0.0;0.0;0.0;0.0;0.0;3.19;0.0
4;2023-01-09 01:00:00;0.0;21.8;21.8;21.8;21.8;21.8;0.0;0.0;4493.0;0.0;0.0;0.06;0.0;0.0;0.0;0.0;0.0;3.2;0.0
5;2023-01-09 01:15:00;0.0;21.8;21.8;21.8;21.8;21.8;0.0;0.0;4482.6;0.0;0.0;0.06;0.0;0.0;0.0;0.0;0.0;3.21;0.0
6;2023-01-09 01:30:00;0.0;21.8;21.8;21.8;21.8;21.8;0.0;0.0;4463.9;0.0;0.0;0.05;0.0;0.0;0.0;0.0;0.0;3.23;0.0
7;2023-01-09 01:45:00;0.0;21.8;21.8;21.8;21.8;21.8;0.0;0.0;4459.8;0.0;0.0;0.04;0.0;0.0;0.0;0.0;0.0;3.23;0.0
8;2023-01-09 02:00:00;0.0;21.8;21.8;21.8;21.8;21.8;0.0;0.0;4457.2;0.0;0.0;0.04;0.0;0.0;0.0;0.0;0.0;3.24;0.0
9;2023-01-09 02:15:00;0.0;21.8;21.8;21.8;21.8;21.8;0.0;0.0;4453.7;0.0;0.0;0.04;0.0;0.0;0.0;0.0;0.0;3.24;0.0
10;2023-01-09 02:30:00;0.0;21.8;21.8;21.8;21.8;21.8;0.0;0.0;4455.7;0.0;0.0;0.04;0.0;0.0;0.0;0.0;0.0;3.24;0.0
11;2023-01-09 02:45:00;0.0;21.7;21.7;21.7;21.7;21.7;0.0;0.0;4453.7;0.0;0.0;0.05;0.0;0.0;0.0;0.0;0.0;3.24;0.0
12;2023-01-09 03:00:00;0.0;21.7;21.7;21.7;21.7;21.7;0.0;0.0;4449.8;0.0;0.0;0.05;0.0;0.0;0.0;0.0;0.0;3.24;0.0
13;2023-01-09 03:15:00;0.0;21.7;21.7;21.7;21.7;21.7;0.0;0.0;4483.1;0.0;0.0;0.05;0.0;0.0;0.0;0.0;0.0;3.21;0.0
14;2023-01-09 03:30:00;0.0;21.7;21.7;21.7;21.7;21.7;0.0;0.0;4541.7;0.0;0.0;0.06;0.0;0.0;0.0;0.0;0.0;3.16;0.0
15;2023-01-09 03:45:00;0.0;21.7;21.7;21.7;21.7;21.7;0.0;0.0;4578.0;0.0;0.0;0.06;0.0;0.0;0.0;0.0;0.0;3.13;0.0
16;2023-01-09 04:00:00;0.0;21.7;21.7;21.7;21.7;21.7;0.0;0.0;4595.6;0.0;0.0;0.07;0.0;0.0;0.0;0.0;0.0;3.12;0.0
17;2023-01-09 04:15:00;0.0;21.7;21.7;21.7;21.7;21.7;0.0;0.0;4603.7;0.0;0.0;0.08;0.0;0.0;0.0;0.0;0.0;3.11;0.0
18;2023-01-09 04:30:00;0.0;21.7;21.7;21.7;21.7;21.7;0.0;0.0;4609.8;0.0;0.0;0.09;0.0;0.0;0.0;0.0;0.0;3.11;0.0
19;2023-01-09 04:45:00;0.0;21.6;21.6;21.6;21.6;21.6;0.0;0.0;4628.8;0.0;0.0;0.1;0.0;0.0;0.0;0.0;0.0;3.09;0.0
20;2023-01-09 05:00:00;0.0;21.6;21.6;21.6;21.6;21.6;0.0;0.0;4634.6;0.0;0.0;0.11;0.0;0.0;0.0;0.0;0.0;3.09;0.0
21;2023-01-09 05:15:00;0.0;21.6;21.6;21.6;21.6;21.6;0.0;0.0;4625.9;0.0;0.0;0.12;0.0;0.0;0.0;0.0;0.0;3.09;0.0
22;2023-01-09 05:30:00;0.0;21.6;21.6;21.6;21.6;21.6;0.0;0.0;4632.9;0.0;0.0;0.13;0.0;0.0;0.0;0.0;0.0;3.09;0.0
23;2023-01-09 05:45:00;0.0;21.6;21.6;21.6;21.6;21.6;0.0;0.0;4636.3;0.0;0.0;0.15;0.0;0.0;0.0;0.0;0.0;3.09;0.0
24;2023-01-09 06:00:00;0.0;21.6;21.6;21.6;21.6;21.6;0.0;0.0;4630.0;0.0;0.0;0.16;0.0;0.0;0.0;0.0;0.0;3.09;0.0
25;2023-01-09 06:15:00;0.0;21.6;21.6;21.6;21.6;21.6;0.0;0.0;4627.1;0.0;0.0;0.16;0.0;0.0;0.0;0.0;0.0;3.09;0.0
26;2023-01-09 06:30:00;0.0;21.6;21.6;21.6;21.6;21.6;0.0;0.0;4621.8;0.0;0.0;0.17;0.0;0.0;0.0;0.0;0.0;3.1;0.0
27;2023-01-09 06:45:00;0.0;21.5;21.5;21.5;21.5;21.5;0.0;0.0;4620.6;0.0;0.0;0.18;0.0;0.0;0.0;0.0;0.0;3.1;0.0
28;2023-01-09 07:00:00;0.0;21.5;21.5;21.5;21.5;21.5;0.0;0.0;4618.2;0.0;0.0;0.18;0.0;0.0;0.0;0.0;0.0;3.1;0.0
29;2023-01-09 07:15:00;0.0;21.5;21.5;21.5;21.5;21.5;0.0;0.0;4611.6;0.0;0.0;0.18;0.0;0.0;0.0;0.0;0.0;3.11;0.0
30;2023-01-09 07:30:00;0.0;21.5;21.5;21.5;21.5;21.5;0.0;0.0;4586.2;0.0;0.0;0.18;0.0;0.0;0.0;0.0;0.0;3.13;0.0
31;2023-01-09 07:45:00;0.0;21.5;21.5;21.5;21.5;21.5;0.0;0.0;4565.9;0.0;0.0;0.18;0.0;0.0;0.0;0.0;0.0;3.14;0.0
32;2023-01-09 08:00:00;0.0;22.2;22.2;22.2;22.2;22.2;0.0;0.0;4562.7;4562.7;0.2;0.18;2871.3;2871.3;2871.3;2871.3;2871.3;3.15;1.0
33;2023-01-09 08:15:00;0.0;22.7;22.7;22.7;22.7;22.7;0.0;0.0;4562.7;4562.7;0.2;0.17;2871.3;2871.3;2871.3;2871.3;2871.3;3.15;1.0
34;2023-01-09 08:30:00;0.0;23.2;23.2;23.2;23.2;23.2;0.0;0.0;4553.8;4553.8;0.19;0.17;2872.0;2872.0;2872.0;2872.0;2872.0;3.15;1.0
35;2023-01-09 08:45:00;0.0;23.6;23.6;23.6;23.6;23.6;0.0;0.0;4536.6;4536.6;0.19;0.16;2873.5;2873.5;2873.5;2873.5;2873.5;3.17;1.0
36;2023-01-09 09:00:00;0.0;23.9;23.9;23.9;23.9;23.9;0.0;0.0;4532.8;4532.8;0.18;0.16;2873.8;2873.8;2873.8;2873.8;2873.8;3.17;1.0
37;2023-01-09 09:15:00;0.0;24.2;24.2;24.2;24.2;24.2;0.0;0.0;4521.5;4521.5;0.18;0.16;2874.9;2874.9;2874.9;2874.9;2874.9;3.18;1.0
38;2023-01-09 09:30:00;0.0;24.4;24.4;24.4;24.4;24.4;0.0;0.0;4542.3;4542.3;0.18;0.16;2873.0;2873.0;2873.0;2873.0;2873.0;3.16;1.0
39;2023-01-09 09:45:00;0.0;24.7;24.7;24.7;24.7;24.7;0.0;0.0;4526.5;4526.5;0.18;0.16;2874.4;2874.4;2874.4;2874.4;2874.4;3.18;1.0
40;2023-01-09 10:00:00;0.0;24.9;24.9;24.9;24.9;24.9;0.0;0.0;4515.3;4515.3;0.18;0.16;2875.5;2875.5;2875.5;2875.5;2875.5;3.18;1.0
41;2023-01-09 10:15:00;0.0;24.4;24.4;24.4;24.4;24.4;0.0;0.0;4494.2;0.0;0.0;0.16;0.0;0.0;0.0;0.0;0.0;3.2;0.0
42;2023-01-09 10:30:00;0.0;24.1;24.1;24.1;24.1;24.1;0.0;0.0;4471.4;0.0;0.0;0.15;0.0;0.0;0.0;0.0;0.0;3.22;0.0
43;2023-01-09 10:45:00;0.0;23.8;23.8;23.8;23.8;23.8;0.0;0.0;4470.9;0.0;0.0;0.15;0.0;0.0;0.0;0.0;0.0;3.22;0.0
44;2023-01-09 11:00:00;0.0;23.6;23.6;23.6;23.6;23.6;0.0;0.0;4453.7;0.0;0.0;0.14;0.0;0.0;0.0;0.0;0.0;3.24;0.0
45;2023-01-09 11:15:00;0.0;23.5;23.5;23.5;23.5;23.5;0.0;0.0;4447.0;0.0;0.0;0.14;0.0;0.0;0.0;0.0;0.0;3.25;0.0
46;2023-01-09 11:30:00;0.0;23.4;23.4;23.4;23.4;23.4;0.0;0.0;4490.6;0.0;0.0;0.14;0.0;0.0;0.0;0.0;0.0;3.21;0.0
47;2023-01-09 11:45:00;0.0;23.3;23.3;23.3;23.3;23.3;0.0;0.0;4514.7;0.0;0.0;0.14;0.0;0.0;0.0;0.0;0.0;3.18;0.0
48;2023-01-09 12:00:00;0.0;23.2;23.2;23.2;23.2;23.2;0.0;0.0;4554.4;0.0;0.0;0.14;0.0;0.0;0.0;0.0;0.0;3.15;0.0
49;2023-01-09 12:15:00;0.0;23.2;23.2;23.2;23.2;23.2;0.0;0.0;4504.9;0.0;0.0;0.14;0.0;0.0;0.0;0.0;0.0;3.19;0.0
50;2023-01-09 12:30:00;0.0;23.2;23.2;23.2;23.2;23.2;0.0;0.0;4476.9;0.0;0.0;0.14;0.0;0.0;0.0;0.0;0.0;3.22;0.0
51;2023-01-09 12:45:00;0.0;23.2;23.2;23.2;23.2;23.2;0.0;0.0;4492.4;0.0;0.0;0.14;0.0;0.0;0.0;0.0;0.0;3.2;0.0
52;2023-01-09 13:00:00;0.0;23.2;23.2;23.2;23.2;23.2;0.0;0.0;4497.7;0.0;0.0;0.14;0.0;0.0;0.0;0.0;0.0;3.2;0.0
53;2023-01-09 13:15:00;0.0;23.1;23.1;23.1;23.1;23.1;0.0;0.0;4520.9;0.0;0.0;0.15;0.0;0.0;0.0;0.0;0.0;3.18;0.0
54;2023-01-09 13:30:00;0.0;23.1;23.1;23.1;23.1;23.1;0.0;0.0;4538.5;0.0;0.0;0.15;0.0;0.0;0.0;0.0;0.0;3.17;0.0
55;2023-01-09 13:45:00;0.0;23.1;23.1;23.1;23.1;23.1;0.0;0.0;4553.8;0.0;0.0;0.15;0.0;0.0;0.0;0.0;0.0;3.15;0.0
56;2023-01-09 14:00:00;0.0;23.0;23.0;23.0;23.0;23.0;0.0;0.0;4549.9;0.0;0.0;0.15;0.0;0.0;0.0;0.0;0.0;3.16;0.0
57;2023-01-09 14:15:00;0.0;23.0;23.0;23.0;23.0;23.0;0.0;0.0;4553.8;0.0;0.0;0.15;0.0;0.0;0.0;0.0;0.0;3.15;0.0
58;2023-01-09 14:30:00;0.0;23.0;23.0;23.0;23.0;23.0;0.0;0.0;4564.6;0.0;0.0;0.16;0.0;0.0;0.0;0.0;0.0;3.14;0.0
59;2023-01-09 14:45:00;0.0;23.0;23.0;23.0;23.0;23.0;0.0;0.0;4608.6;0.0;0.0;0.16;0.0;0.0;0.0;0.0;0.0;3.11;0.0
60;2023-01-09 15:00:00;0.0;22.9;22.9;22.9;22.9;22.9;0.0;0.0;4619.4;0.0;0.0;0.16;0.0;0.0;0.0;0.0;0.0;3.1;0.0
61;2023-01-09 15:15:00;0.0;22.9;22.9;22.9;22.9;22.9;0.0;0.0;4607.3;0.0;0.0;0.17;0.0;0.0;0.0;0.0;0.0;3.11;0.0
62;2023-01-09 15:30:00;0.0;22.9;22.9;22.9;22.9;22.9;0.0;0.0;4602.4;0.0;0.0;0.17;0.0;0.0;0.0;0.0;0.0;3.11;0.0
63;2023-01-09 15:45:00;0.0;22.9;22.9;22.9;22.9;22.9;0.0;0.0;4622.4;0.0;0.0;0.17;0.0;0.0;0.0;0.0;0.0;3.1;0.0
64;2023-01-09 16:00:00;0.0;22.9;22.9;22.9;22.9;22.9;0.0;0.0;4639.7;0.0;0.0;0.18;0.0;0.0;0.0;0.0;0.0;3.08;0.0
65;2023-01-09 16:15:00;0.0;22.8;22.8;22.8;22.8;22.8;0.0;0.0;4639.7;0.0;0.0;0.18;0.0;0.0;0.0;0.0;0.0;3.08;0.0
66;2023-01-09 16:30:00;0.0;22.8;22.8;22.8;22.8;22.8;0.0;0.0;4628.2;0.0;0.0;0.18;0.0;0.0;0.0;0.0;0.0;3.09;0.0
67;2023-01-09 16:45:00;0.0;22.8;22.8;22.8;22.8;22.8;0.0;0.0;4630.0;0.0;0.0;0.18;0.0;0.0;0.0;0.0;0.0;3.09;0.0
68;2023-01-09 17:00:00;0.0;22.8;22.8;22.8;22.8;22.8;0.0;0.0;4646.4;0.0;0.0;0.18;0.0;0.0;0.0;0.0;0.0;3.08;0.0
69;2023-01-09 17:15:00;0.0;22.8;22.8;22.8;22.8;22.8;0.0;0.0;4664.7;0.0;0.0;0.18;0.0;0.0;0.0;0.0;0.0;3.06;0.0
70;2023-01-09 17:30:00;0.0;22.8;22.8;22.8;22.8;22.8;0.0;0.0;4689.8;0.0;0.0;0.18;0.0;0.0;0.0;0.0;0.0;3.03;0.0
71;2023-01-09 17:45:00;0.0;22.7;22.7;22.7;22.7;22.7;0.0;0.0;4700.2;0.0;0.0;0.17;0.0;0.0;0.0;0.0;0.0;3.02;0.0
72;2023-01-09 18:00:00;0.0;22.7;22.7;22.7;22.7;22.7;0.0;0.0;4702.5;0.0;0.0;0.17;0.0;0.0;0.0;0.0;0.0;3.02;0.0
73;2023-01-09 18:15:00;0.0;22.7;22.7;22.7;22.7;22.7;0.0;0.0;4702.5;0.0;0.0;0.17;0.0;0.0;0.0;0.0;0.0;3.02;0.0
74;2023-01-09 18:30:00;0.0;22.7;22.7;22.7;22.7;22.7;0.0;0.0;4700.2;0.0;0.0;0.17;0.0;0.0;0.0;0.0;0.0;3.02;0.0
75;2023-01-09 18:45:00;0.0;22.7;22.7;22.7;22.7;22.7;0.0;0.0;4696.0;0.0;0.0;0.16;0.0;0.0;0.0;0.0;0.0;3.03;0.0
76;2023-01-09 19:00:00;0.0;22.7;22.7;22.7;22.7;22.7;0.0;0.0;4696.0;0.0;0.0;0.16;0.0;0.0;0.0;0.0;0.0;3.03;0.0
77;2023-01-09 19:15:00;0.0;22.7;22.7;22.7;22.7;22.7;0.0;0.0;4696.0;0.0;0.0;0.16;0.0;0.0;0.0;0.0;0.0;3.03;0.0
78;2023-01-09 19:30:00;0.0;22.6;22.6;22.6;22.6;22.6;0.0;0.0;4692.2;0.0;0.0;0.15;0.0;0.0;0.0;0.0;0.0;3.03;0.0
79;2023-01-09 19:45:00;0.0;22.6;22.6;22.6;22.6;22.6;0.0;0.0;4696.0;0.0;0.0;0.14;0.0;0.0;0.0;0.0;0.0;3.03;0.0
80;2023-01-09 20:00:00;0.0;22.6;22.6;22.6;22.6;22.6;0.0;0.0;4698.3;0.0;0.0;0.14;0.0;0.0;0.0;0.0;0.0;3.02;0.0
81;2023-01-09 20:15:00;0.0;22.6;22.6;22.6;22.6;22.6;0.0;0.0;4699.7;0.0;0.0;0.14;0.0;0.0;0.0;0.0;0.0;3.02;0.0
82;2023-01-09 20:30:00;0.0;22.6;22.6;22.6;22.6;22.6;0.0;0.0;4695.0;0.0;0.0;0.14;0.0;0.0;0.0;0.0;0.0;3.03;0.0
83;2023-01-09 20:45:00;0.0;22.6;22.6;22.6;22.6;22.6;0.0;0.0;4692.7;0.0;0.0;0.13;0.0;0.0;0.0;0.0;0.0;3.03;0.0
84;2023-01-09 21:00:00;0.0;22.6;22.6;22.6;22.6;22.6;0.0;0.0;4695.0;0.0;0.0;0.13;0.0;0.0;0.0;0.0;0.0;3.03;0.0
85;2023-01-09 21:15:00;0.0;22.5;22.5;22.5;22.5;22.5;0.0;0.0;4688.4;0.0;0.0;0.13;0.0;0.0;0.0;0.0;0.0;3.03;0.0
86;2023-01-09 21:30:00;0.0;22.5;22.5;22.5;22.5;22.5;0.0;0.0;4677.0;0.0;0.0;0.12;0.0;0.0;0.0;0.0;0.0;3.05;0.0
87;2023-01-09 21:45:00;0.0;22.5;22.5;22.5;22.5;22.5;0.0;0.0;4680.5;0.0;0.0;0.11;0.0;0.0;0.0;0.0;0.0;3.04;0.0
88;2023-01-09 22:00:00;0.0;22.5;22.5;22.5;22.5;22.5;0.0;0.0;4687.4;0.0;0.0;0.11;0.0;0.0;0.0;0.0;0.0;3.03;0.0
89;2023-01-09 22:15:00;0.0;22.5;22.5;22.5;22.5;22.5;0.0;0.0;4702.5;0.0;0.0;0.11;0.0;0.0;0.0;0.0;0.0;3.02;0.0
90;2023-01-09 22:30:00;0.0;22.5;22.5;22.5;22.5;22.5;0.0;0.0;4714.1;0.0;0.0;0.11;0.0;0.0;0.0;0.0;0.0;3.0;0.0
91;2023-01-09 22:45:00;0.0;22.5;22.5;22.5;22.5;22.5;0.0;0.0;4720.9;0.0;0.0;0.11;0.0;0.0;0.0;0.0;0.0;3.0;0.0
92;2023-01-09 23:00:00;0.0;22.4;22.4;22.4;22.4;22.4;0.0;0.0;4725.1;0.0;0.0;0.11;0.0;0.0;0.0;0.0;0.0;2.99;0.0
93;2023-01-09 23:15:00;0.0;22.4;22.4;22.4;22.4;22.4;0.0;0.0;4725.9;0.0;0.0;0.1;0.0;0.0;0.0;0.0;0.0;2.99;0.0
94;2023-01-09 23:30:00;0.0;22.4;22.4;22.4;22.4;22.4;0.0;0.0;4721.3;0.0;0.0;0.1;0.0;0.0;0.0;0.0;0.0;2.99;0.0
95;2023-01-09 23:45:00;0.0;22.4;22.4;22.4;22.4;22.4;0.0;0.0;4720.1;0.0;0.0;0.1;0.0;0.0;0.0;0.0;0.0;3.0;0.0
96;2023-01-10 00:00:00;0.0;22.4;22.4;22.4;22.4;22.4;0.0;0.0;4720.1;0.0;0.0;0.1;0.0;0.0;0.0;0.0;0.0;3.0;0.0
97;2023-01-10 00:15:00;0.0;22.4;22.4;22.4;22.4;22.4;0.0;0.0;4713.6;0.0;0.0;0.1;0.0;0.0;0.0;0.0;0.0;3.0;0.0
98;2023-01-10 00:30:00;0.0;22.4;22.4;22.4;22.4;22.4;0.0;0.0;4706.5;0.0;0.0;0.1;0.0;0.0;0.0;0.0;0.0;3.01;0.0
99;2023-01-10 00:45:00;0.0;22.4;22.4;22.4;22.4;22.4;0.0;0.0;4694.6;0.0;0.0;0.1;0.0;0.0;0.0;0.0;0.0;3.03;0.0
100;2023-01-10 01:00:00;0.0;22.3;22.3;22.3;22.3;22.3;0.0;0.0;4699.2;0.0;0.0;0.1;0.0;0.0;0.0;0.0;0.0;3.02;0.0
101;2023-01-10 01:15:00;0.0;22.3;22.3;22.3;22.3;22.3;0.0;0.0;4709.2;0.0;0.0;0.09;0.0;0.0;0.0;0.0;0.0;3.01;0.0
102;2023-01-10 01:30:00;0.0;22.3;22.3;22.3;22.3;22.3;0.0;0.0;4709.2;0.0;0.0;0.09;0.0;0.0;0.0;0.0;0.0;3.01;0.0
103;2023-01-10 01:45:00;0.0;22.3;22.3;22.3;22.3;22.3;0.0;0.0;4705.6;0.0;0.0;0.09;0.0;0.0;0.0;0.0;0.0;3.01;0.0
104;2023-01-10 02:00:00;0.0;22.3;22.3;22.3;22.3;22.3;0.0;0.0;4704.3;0.0;0.0;0.09;0.0;0.0;0.0;0.0;0.0;3.02;0.0
105;2023-01-10 02:15:00;0.0;22.3;22.3;22.3;22.3;22.3;0.0;0.0;4702.0;0.0;0.0;0.09;0.0;0.0;0.0;0.0;0.0;3.02;0.0
106;2023-01-10 02:30:00;0.0;22.3;22.3;22.3;22.3;22.3;0.0;0.0;4703.8;0.0;0.0;0.09;0.0;0.0;0.0;0.0;0.0;3.02;0.0
107;2023-01-10 02:45:00;0.0;22.2;22.2;22.2;22.2;22.2;0.0;0.0;4706.1;0.0;0.0;0.09;0.0;0.0;0.0;0.0;0.0;3.01;0.0
108;2023-01-10 03:00:00;0.0;22.2;22.2;22.2;22.2;22.2;0.0;0.0;4705.6;0.0;0.0;0.1;0.0;0.0;0.0;0.0;0.0;3.01;0.0
109;2023-01-10 03:15:00;0.0;22.2;22.2;22.2;22.2;22.2;0.0;0.0;4707.9;0.0;0.0;0.1;0.0;0.0;0.0;0.0;0.0;3.01;0.0
110;2023-01-10 03:30:00;0.0;22.2;22.2;22.2;22.2;22.2;0.0;0.0;4713.6;0.0;0.0;0.1;0.0;0.0;0.0;0.0;0.0;3.0;0.0
111;2023-01-10 03:45:00;0.0;22.2;22.2;22.2;22.2;22.2;0.0;0.0;4731.2;0.0;0.0;0.11;0.0;0.0;0.0;0.0;0.0;2.98;0.0
112;2023-01-10 04:00:00;0.0;22.2;22.2;22.2;22.2;22.2;0.0;0.0;4742.4;0.0;0.0;0.11;0.0;0.0;0.0;0.0;0.0;2.97;0.0
113;2023-01-10 04:15:00;0.0;22.2;22.2;22.2;22.2;22.2;0.0;0.0;4729.1;0.0;0.0;0.12;0.0;0.0;0.0;0.0;0.0;2.98;0.0
114;2023-01-10 04:30:00;0.0;22.2;22.2;22.2;22.2;22.2;0.0;0.0;4723.0;0.0;0.0;0.12;0.0;0.0;0.0;0.0;0.0;2.99;0.0
115;2023-01-10 04:45:00;0.0;22.1;22.1;22.1;22.1;22.1;0.0;0.0;4722.6;0.0;0.0;0.13;0.0;0.0;0.0;0.0;0.0;2.99;0.0
116;2023-01-10 05:00:00;0.0;22.1;22.1;22.1;22.1;22.1;0.0;0.0;4723.8;0.0;0.0;0.14;0.0;0.0;0.0;0.0;0.0;2.99;0.0
117;2023-01-10 05:15:00;0.0;22.1;22.1;22.1;22.1;22.1;0.0;0.0;4716.6;0.0;0.0;0.14;0.0;0.0;0.0;0.0;0.0;3.0;0.0
118;2023-01-10 05:30:00;0.0;22.1;22.1;22.1;22.1;22.1;0.0;0.0;4708.8;0.0;0.0;0.15;0.0;0.0;0.0;0.0;0.0;3.01;0.0
119;2023-01-10 05:45:00;0.0;22.1;22.1;22.1;22.1;22.1;0.0;0.0;4705.2;0.0;0.0;0.15;0.0;0.0;0.0;0.0;0.0;3.01;0.0
120;2023-01-10 06:00:00;0.0;22.1;22.1;22.1;22.1;22.1;0.0;0.0;4713.2;0.0;0.0;0.15;0.0;0.0;0.0;0.0;0.0;3.0;0.0
121;2023-01-10 06:15:00;0.0;22.1;22.1;22.1;22.1;22.1;0.0;0.0;4718.4;0.0;0.0;0.16;0.0;0.0;0.0;0.0;0.0;3.0;0.0
122;2023-01-10 06:30:00;0.0;22.0;22.0;22.0;22.0;22.0;0.0;0.0;4714.5;0.0;0.0;0.16;0.0;0.0;0.0;0.0;0.0;3.0;0.0
123;2023-01-10 06:45:00;0.0;22.0;22.0;22.0;22.0;22.0;0.0;0.0;4709.7;0.0;0.0;0.16;0.0;0.0;0.0;0.0;0.0;3.01;0.0
124;2023-01-10 07:00:00;0.0;22.0;22.0;22.0;22.0;22.0;0.0;0.0;4709.7;0.0;0.0;0.17;0.0;0.0;0.0;0.0;0.0;3.01;0.0
125;2023-01-10 07:15:00;0.0;22.0;22.0;22.0;22.0;22.0;0.0;0.0;4722.2;0.0;0.0;0.16;0.0;0.0;0.0;0.0;0.0;2.99;0.0
126;2023-01-10 07:30:00;0.0;22.0;22.0;22.0;22.0;22.0;0.0;0.0;4732.0;0.0;0.0;0.16;0.0;0.0;0.0;0.0;0.0;2.98;0.0
127;2023-01-10 07:45:00;0.0;22.0;22.0;22.0;22.0;22.0;0.0;0.0;4727.5;0.0;0.0;0.16;0.0;0.0;0.0;0.0;0.0;2.99;0.0
128;2023-01-10 08:00:00;0.0;22.0;22.0;22.0;22.0;22.0;0.0;0.0;4722.2;0.0;0.0;0.16;0.0;0.0;0.0;0.0;0.0;2.99;0.0
129;2023-01-10 08:15:00;0.0;22.0;22.0;22.0;22.0;22.0;0.0;0.0;4718.8;0.0;0.0;0.16;0.0;0.0;0.0;0.0;0.0;3.0;0.0
130;2023-01-10 08:30:00;0.0;22.0;22.0;22.0;22.0;22.0;0.0;0.0;4715.4;0.0;0.0;0.16;0.0;0.0;0.0;0.0;0.0;3.0;0.0
131;2023-01-10 08:45:00;0.0;22.0;22.0;22.0;22.0;22.0;0.0;0.0;4710.1;0.0;0.0;0.16;0.0;0.0;0.0;0.0;0.0;3.01;0.0
132;2023-01-10 09:00:00;0.0;22.0;22.0;22.0;22.0;22.0;0.0;0.0;4709.2;0.0;0.0;0.15;0.0;0.0;0.0;0.0;0.0;3.01;0.0
133;2023-01-10 09:15:00;0.0;21.9;21.9;21.9;21.9;21.9;0.0;0.0;4704.7;0.0;0.0;0.15;0.0;0.0;0.0;0.0;0.0;3.02;0.0
134;2023-01-10 09:30:00;0.0;22.0;22.0;22.0;22.0;22.0;0.0;0.0;4693.6;0.0;0.0;0.15;0.0;0.0;0.0;0.0;0.0;3.03;0.0
135;2023-01-10 09:45:00;0.0;22.0;22.0;22.0;22.0;22.0;0.0;0.0;4679.0;0.0;0.0;0.15;0.0;0.0;0.0;0.0;0.0;3.04;0.0
136;2023-01-10 10:00:00;0.0;22.0;22.0;22.0;22.0;22.0;0.0;0.0;4674.0;0.0;0.0;0.15;0.0;0.0;0.0;0.0;0.0;3.05;0.0
137;2023-01-10 10:15:00;0.0;22.0;22.0;22.0;22.0;22.0;0.0;0.0;4673.0;0.0;0.0;0.15;0.0;0.0;0.0;0.0;0.0;3.05;0.0
138;2023-01-10 10:30:00;0.0;22.0;22.0;22.0;22.0;22.0;0.0;0.0;4661.6;0.0;0.0;0.14;0.0;0.0;0.0;0.0;0.0;3.06;0.0
139;2023-01-10 10:45:00;0.0;22.0;22.0;22.0;22.0;22.0;0.0;0.0;4630.0;0.0;0.0;0.14;0.0;0.0;0.0;0.0;0.0;3.09;0.0
140;2023-01-10 11:00:00;0.0;22.0;22.0;22.0;22.0;22.0;0.0;0.0;4614.6;0.0;0.0;0.14;0.0;0.0;0.0;0.0;0.0;3.1;0.0
141;2023-01-10 11:15:00;0.0;22.0;22.0;22.0;22.0;22.0;0.0;0.0;4634.0;0.0;0.0;0.14;0.0;0.0;0.0;0.0;0.0;3.09;0.0
142;2023-01-10 11:30:00;0.0;22.0;22.0;22.0;22.0;22.0;0.0;0.0;4638.0;0.0;0.0;0.14;0.0;0.0;0.0;0.0;0.0;3.08;0.0
143;2023-01-10 11:45:00;0.0;22.0;22.0;22.0;22.0;22.0;0.0;0.0;4605.5;0.0;0.0;0.14;0.0;0.0;0.0;0.0;0.0;3.11;0.0
144;2023-01-10 12:00:00;0.0;22.0;22.0;22.0;22.0;22.0;0.0;0.0;4586.2;0.0;0.0;0.14;0.0;0.0;0.0;0.0;0.0;3.13;0.0
145;2023-01-10 12:15:00;0.0;22.0;22.0;22.0;22.0;22.0;0.0;0.0;4583.0;0.0;0.0;0.14;0.0;0.0;0.0;0.0;0.0;3.13;0.0
146;2023-01-10 12:30:00;0.0;22.0;22.0;22.0;22.0;22.0;0.0;0.0;4598.1;0.0;0.0;0.14;0.0;0.0;0.0;0.0;0.0;3.12;0.0
147;2023-01-10 12:45:00;0.0;22.1;22.1;22.1;22.1;22.1;0.0;0.0;4548.7;0.0;0.0;0.14;0.0;0.0;0.0;0.0;0.0;3.16;0.0
148;2023-01-10 13:00:00;0.0;22.1;22.1;22.1;22.1;22.1;0.0;0.0;4540.4;0.0;0.0;0.15;0.0;0.0;0.0;0.0;0.0;3.16;0.0
149;2023-01-10 13:15:00;0.0;22.1;22.1;22.1;22.1;22.1;0.0;0.0;4555.0;0.0;0.0;0.15;0.0;0.0;0.0;0.0;0.0;3.15;0.0
150;2023-01-10 13:30:00;0.0;22.1;22.1;22.1;22.1;22.1;0.0;0.0;4535.3;0.0;0.0;0.15;0.0;0.0;0.0;0.0;0.0;3.17;0.0
151;2023-01-10 13:45:00;0.0;22.1;22.1;22.1;22.1;22.1;0.0;0.0;4514.1;0.0;0.0;0.15;0.0;0.0;0.0;0.0;0.0;3.19;0.0
152;2023-01-10 14:00:00;0.0;22.0;22.0;22.0;22.0;22.0;0.0;0.0;4493.6;0.0;0.0;0.15;0.0;0.0;0.0;0.0;0.0;3.2;0.0
153;2023-01-10 14:15:00;0.0;22.0;22.0;22.0;22.0;22.0;0.0;0.0;4519.0;0.0;0.0;0.14;0.0;0.0;0.0;0.0;0.0;3.18;0.0
154;2023-01-10 14:30:00;0.0;22.0;22.0;22.0;22.0;22.0;0.0;0.0;4537.2;0.0;0.0;0.14;0.0;0.0;0.0;0.0;0.0;3.17;0.0
155;2023-01-10 14:45:00;0.0;22.0;22.0;22.0;22.0;22.0;0.0;0.0;4541.7;0.0;0.0;0.14;0.0;0.0;0.0;0.0;0.0;3.16;0.0
156;2023-01-10 15:00:00;0.0;22.0;22.0;22.0;22.0;22.0;0.0;0.0;4546.8;0.0;0.0;0.14;0.0;0.0;0.0;0.0;0.0;3.16;0.0
157;2023-01-10 15:15:00;0.0;21.9;21.9;21.9;21.9;21.9;0.0;0.0;4554.4;0.0;0.0;0.14;0.0;0.0;0.0;0.0;0.0;3.15;0.0
158;2023-01-10 15:30:00;0.0;21.9;21.9;21.9;21.9;21.9;0.0;0.0;4569.1;0.0;0.0;0.14;0.0;0.0;0.0;0.0;0.0;3.14;0.0
159;2023-01-10 15:45:00;0.0;21.9;21.9;21.9;21.9;21.9;0.0;0.0;4575.4;0.0;0.0;0.14;0.0;0.0;0.0;0.0;0.0;3.14;0.0
160;2023-01-10 16:00:00;0.0;21.9;21.9;21.9;21.9;21.9;0.0;0.0;4588.7;0.0;0.0;0.15;0.0;0.0;0.0;0.0;0.0;3.13;0.0
161;2023-01-10 16:15:00;0.0;21.9;21.9;21.9;21.9;21.9;0.0;0.0;4596.8;0.0;0.0;0.14;0.0;0.0;0.0;0.0;0.0;3.12;0.0
162;2023-01-10 16:30:00;0.0;21.8;21.8;21.8;21.8;21.8;0.0;0.0;4609.8;0.0;0.0;0.14;0.0;0.0;0.0;0.0;0.0;3.11;0.0
163;2023-01-10 16:45:00;0.0;21.8;21.8;21.8;21.8;21.8;0.0;0.0;4611.0;0.0;0.0;0.14;0.0;0.0;0.0;0.0;0.0;3.11;0.0
164;2023-01-10 17:00:00;0.0;21.8;21.8;21.8;21.8;21.8;0.0;0.0;4614.6;0.0;0.0;0.14;0.0;0.0;0.0;0.0;0.0;3.1;0.0
165;2023-01-10 17:15:00;0.0;21.8;21.8;21.8;21.8;21.8;0.0;0.0;4620.6;0.0;0.0;0.14;0.0;0.0;0.0;0.0;0.0;3.1;0.0
166;2023-01-10 17:30:00;0.0;21.8;21.8;21.8;21.8;21.8;0.0;0.0;4620.6;0.0;0.0;0.13;0.0;0.0;0.0;0.0;0.0;3.1;0.0
167;2023-01-10 17:45:00;0.0;21.8;21.8;21.8;21.8;21.8;0.0;0.0;4627.1;0.0;0.0;0.13;0.0;0.0;0.0;0.0;0.0;3.09;0.0
168;2023-01-10 18:00:00;0.0;21.7;21.7;21.7;21.7;21.7;0.0;0.0;4630.0;0.0;0.0;0.12;0.0;0.0;0.0;0.0;0.0;3.09;0.0
169;2023-01-10 18:15:00;0.0;21.7;21.7;21.7;21.7;21.7;0.0;0.0;4630.0;0.0;0.0;0.12;0.0;0.0;0.0;0.0;0.0;3.09;0.0
170;2023-01-10 18:30:00;0.0;21.7;21.7;21.7;21.7;21.7;0.0;0.0;4628.8;0.0;0.0;0.12;0.0;0.0;0.0;0.0;0.0;3.09;0.0
171;2023-01-10 18:45:00;0.0;21.7;21.7;21.7;21.7;21.7;0.0;0.0;4622.4;0.0;0.0;0.11;0.0;0.0;0.0;0.0;0.0;3.1;0.0
172;2023-01-10 19:00:00;0.0;21.7;21.7;21.7;21.7;21.7;0.0;0.0;4620.0;0.0;0.0;0.11;0.0;0.0;0.0;0.0;0.0;3.1;0.0
173;2023-01-10 19:15:00;0.0;21.7;21.7;21.7;21.7;21.7;0.0;0.0;4610.4;0.0;0.0;0.1;0.0;0.0;0.0;0.0;0.0;3.11;0.0
174;2023-01-10 19:30:00;0.0;21.7;21.7;21.7;21.7;21.7;0.0;0.0;4597.5;0.0;0.0;0.1;0.0;0.0;0.0;0.0;0.0;3.12;0.0
175;2023-01-10 19:45:00;0.0;21.7;21.7;21.7;21.7;21.7;0.0;0.0;4592.5;0.0;0.0;0.09;0.0;0.0;0.0;0.0;0.0;3.12;0.0
176;2023-01-10 20:00:00;0.0;21.7;21.7;21.7;21.7;21.7;0.0;0.0;4583.7;0.0;0.0;0.09;0.0;0.0;0.0;0.0;0.0;3.13;0.0
177;2023-01-10 20:15:00;0.0;21.6;21.6;21.6;21.6;21.6;0.0;0.0;4578.6;0.0;0.0;0.09;0.0;0.0;0.0;0.0;0.0;3.13;0.0
178;2023-01-10 20:30:00;0.0;21.6;21.6;21.6;21.6;21.6;0.0;0.0;4573.5;0.0;0.0;0.08;0.0;0.0;0.0;0.0;0.0;3.14;0.0
179;2023-01-10 20:45:00;0.0;21.6;21.6;21.6;21.6;21.6;0.0;0.0;4561.4;0.0;0.0;0.08;0.0;0.0;0.0;0.0;0.0;3.15;0.0
180;2023-01-10 21:00:00;0.0;21.6;21.6;21.6;21.6;21.6;0.0;0.0;4554.4;0.0;0.0;0.08;0.0;0.0;0.0;0.0;0.0;3.15;0.0
181;2023-01-10 21:15:00;0.0;21.6;21.6;21.6;21.6;21.6;0.0;0.0;4562.7;0.0;0.0;0.07;0.0;0.0;0.0;0.0;0.0;3.15;0.0
182;2023-01-10 21:30:00;0.0;21.6;21.6;21.6;21.6;21.6;0.0;0.0;4584.9;0.0;0.0;0.06;0.0;0.0;0.0;0.0;0.0;3.13;0.0
183;2023-01-10 21:45:00;0.0;21.6;21.6;21.6;21.6;21.6;0.0;0.0;4588.1;0.0;0.0;0.05;0.0;0.0;0.0;0.0;0.0;3.13;0.0
184;2023-01-10 22:00:00;0.0;21.6;21.6;21.6;21.6;21.6;0.0;0.0;4578.0;0.0;0.0;0.04;0.0;0.0;0.0;0.0;0.0;3.13;0.0
185;2023-01-10 22:15:00;0.0;21.6;21.6;21.6;21.6;21.6;0.0;0.0;4558.9;0.0;0.0;0.03;0.0;0.0;0.0;0.0;0.0;3.15;0.0
186;2023-01-10 22:30:00;0.0;21.5;21.5;21.5;21.5;21.5;0.0;0.0;4546.1;0.0;0.0;0.02;0.0;0.0;0.0;0.0;0.0;3.16;0.0
187;2023-01-10 22:45:00;0.0;21.5;21.5;21.5;21.5;21.5;0.0;0.0;4532.2;0.0;0.0;0.01;0.0;0.0;0.0;0.0;0.0;3.17;0.0
188;2023-01-10 23:00:00;0.0;21.5;21.5;21.5;21.5;21.5;0.0;0.0;4512.2;0.0;0.0;0.0;0.0;0.0;0.0;0.0;0.0;3.19;0.0
189;2023-01-10 23:15:00;0.0;21.5;21.5;21.5;21.5;21.5;0.0;0.0;4486.0;0.0;0.0;0.0;0.0;0.0;0.0;0.0;0.0;3.21;0.0
190;2023-01-10 23:30:00;0.0;21.5;21.5;21.5;21.5;21.5;0.0;0.0;4471.4;0.0;0.0;0.0;0.0;0.0;0.0;0.0;0.0;3.22;0.0
191;2023-01-10 23:45:00;0.0;21.5;21.5;21.5;21.5;21.5;0.0;0.0;4462.9;0.0;0.0;0.0;0.0;0.0;0.0;0.0;0.0;3.23;0.0
192;2023-01-11 00:00:00;0.0;21.5;21.5;21.5;21.5;21.5;0.0;0.0;4458.8;0.0;0.0;0.0;0.0;0.0;0.0;0.0;0.0;3.24;0.0
193;2023-01-11 00:15:00;0.0;21.5;21.5;21.5;21.5;21.5;0.0;0.0;4458.2;0.0;0.0;0.0;0.0;0.0;0.0;0.0;0.0;3.24;0.0
194;2023-01-11 00:30:00;0.0;21.5;21.5;21.5;21.5;21.5;0.0;0.0;4449.8;0.0;0.0;0.0;0.0;0.0;0.0;0.0;0.0;3.24;0.0
195;2023-01-11 00:45:00;0.0;21.5;21.5;21.5;21.5;21.5;0.0;0.0;4437.0;0.0;0.0;0.0;0.0;0.0;0.0;0.0;0.0;3.26;0.0
196;2023-01-11 01:00:00;0.0;21.5;21.5;21.5;21.5;21.5;0.0;0.0;4431.2;0.0;0.0;0.0;0.0;0.0;0.0;0.0;0.0;3.27;0.0
197;2023-01-11 01:15:00;0.0;21.4;21.4;21.4;21.4;21.4;0.0;0.0;4428.4;0.0;0.0;0.0;0.0;0.0;0.0;0.0;0.0;3.27;0.0
198;2023-01-11 01:30:00;0.0;22.1;22.1;22.1;22.1;22.1;0.0;0.0;4423.9;4423.9;0.0;0.0;2900.4;2900.4;2900.4;2900.4;2900.4;3.28;1.0
199;2023-01-11 01:45:00;0.0;22.7;22.7;22.7;22.7;22.7;0.0;0.0;4422.5;4422.5;0.0;0.0;2901.5;2901.5;2901.5;2901.5;2901.5;3.28;1.0
200;2023-01-11 02:00:00;0.0;23.1;23.1;23.1;23.1;23.1;0.0;0.0;4423.2;4423.2;0.0;0.0;2900.9;2900.9;2900.9;2900.9;2900.9;3.28;1.0
201;2023-01-11 02:15:00;0.0;23.5;23.5;23.5;23.5;23.5;0.0;0.0;4424.3;4424.3;0.0;0.0;2900.2;2900.2;2900.2;2900.2;2900.2;3.28;1.0
202;2023-01-11 02:30:00;0.0;23.8;23.8;23.8;23.8;23.8;0.0;0.0;4432.4;4432.4;0.0;0.0;2895.1;2895.1;2895.1;2895.1;2895.1;3.27;1.0
203;2023-01-11 02:45:00;0.0;24.1;24.1;24.1;24.1;24.1;0.0;0.0;4450.8;4450.8;0.0;0.0;2887.4;2887.4;2887.4;2887.4;2887.4;3.24;1.0
204;2023-01-11 03:00:00;0.0;24.4;24.4;24.4;24.4;24.4;0.0;0.0;4457.2;4457.2;0.0;0.0;2885.4;2885.4;2885.4;2885.4;2885.4;3.24;1.0
205;2023-01-11 03:15:00;0.0;24.6;24.6;24.6;24.6;24.6;0.0;0.0;4457.2;4457.2;0.0;0.0;2885.4;2885.4;2885.4;2885.4;2885.4;3.24;1.0
206;2023-01-11 03:30:00;0.0;24.1;24.1;24.1;24.1;24.1;0.0;0.0;4447.4;0.0;0.0;0.0;0.0;0.0;0.0;0.0;0.0;3.25;0.0
207;2023-01-11 03:45:00;0.0;23.7;23.7;23.7;23.7;23.7;0.0;0.0;4438.8;0.0;0.0;0.0;0.0;0.0;0.0;0.0;0.0;3.26;0.0
208;2023-01-11 04:00:00;0.0;23.5;23.5;23.5;23.5;23.5;0.0;0.0;4423.5;0.0;0.0;0.0;0.0;0.0;0.0;0.0;0.0;3.28;0.0
209;2023-01-11 04:15:00;0.0;23.3;23.3;23.3;23.3;23.3;0.0;0.0;4413.5;0.0;0.0;0.02;0.0;0.0;0.0;0.0;0.0;3.3;0.0
210;2023-01-11 04:30:00;0.0;23.1;23.1;23.1;23.1;23.1;0.0;0.0;4406.8;0.0;0.0;0.03;0.0;0.0;0.0;0.0;0.0;3.31;0.0
211;2023-01-11 04:45:00;0.0;23.0;23.0;23.0;23.0;23.0;0.0;0.0;4401.5;0.0;0.0;0.04;0.0;0.0;0.0;0.0;0.0;3.33;0.0
212;2023-01-11 05:00:00;0.0;22.9;22.9;22.9;22.9;22.9;0.0;0.0;4400.1;0.0;0.0;0.06;0.0;0.0;0.0;0.0;0.0;3.34;0.0
213;2023-01-11 05:15:00;0.0;22.8;22.8;22.8;22.8;22.8;0.0;0.0;4399.1;0.0;0.0;0.07;0.0;0.0;0.0;0.0;0.0;3.35;0.0
214;2023-01-11 05:30:00;0.0;22.8;22.8;22.8;22.8;22.8;0.0;0.0;4399.2;0.0;0.0;0.07;0.0;0.0;0.0;0.0;0.0;3.37;0.0
215;2023-01-11 05:45:00;0.0;22.7;22.7;22.7;22.7;22.7;0.0;0.0;4402.1;0.0;0.0;0.08;0.0;0.0;0.0;0.0;0.0;3.39;0.0
216;2023-01-11 06:00:00;0.0;22.7;22.7;22.7;22.7;22.7;0.0;0.0;4403.6;0.0;0.0;0.09;0.0;0.0;0.0;0.0;0.0;3.4;0.0
217;2023-01-11 06:15:00;0.0;22.7;22.7;22.7;22.7;22.7;0.0;0.0;4403.5;0.0;0.0;0.1;0.0;0.0;0.0;0.0;0.0;3.4;0.0
218;2023-01-11 06:30:00;0.0;22.7;22.7;22.7;22.7;22.7;0.0;0.0;4403.2;0.0;0.0;0.11;0.0;0.0;0.0;0.0;0.0;3.4;0.0
219;2023-01-11 06:45:00;0.0;22.6;22.6;22.6;22.6;22.6;0.0;0.0;4402.4;0.0;0.0;0.12;0.0;0.0;0.0;0.0;0.0;3.39;0.0
220;2023-01-11 07:00:00;0.0;22.6;22.6;22.6;22.6;22.6;0.0;0.0;4402.1;0.0;0.0;0.13;0.0;0.0;0.0;0.0;0.0;3.39;0.0
221;2023-01-11 07:15:00;0.0;22.6;22.6;22.6;22.6;22.6;0.0;0.0;4403.6;0.0;0.0;0.13;0.0;0.0;0.0;0.0;0.0;3.4;0.0
222;2023-01-11 07:30:00;0.0;22.6;22.6;22.6;22.6;22.6;0.0;0.0;4406.3;0.0;0.0;0.13;0.0;0.0;0.0;0.0;0.0;3.42;0.0
223;2023-01-11 07:45:00;0.0;22.6;22.6;22.6;22.6;22.6;0.0;0.0;4408.5;0.0;0.0;0.13;0.0;0.0;0.0;0.0;0.0;3.43;0.0
224;2023-01-11 08:00:00;0.0;22.6;22.6;22.6;22.6;22.6;0.0;0.0;4409.8;0.0;0.0;0.13;0.0;0.0;0.0;0.0;0.0;3.44;0.0
225;2023-01-11 08:15:00;0.0;22.6;22.6;22.6;22.6;22.6;0.0;0.0;4412.3;0.0;0.0;0.13;0.0;0.0;0.0;0.0;0.0;3.45;0.0
226;2023-01-11 08:30:00;0.0;22.5;22.5;22.5;22.5;22.5;0.0;0.0;4414.2;0.0;0.0;0.13;0.0;0.0;0.0;0.0;0.0;3.46;0.0
227;2023-01-11 08:45:00;0.0;22.5;22.5;22.5;22.5;22.5;0.0;0.0;4413.2;0.0;0.0;0.13;0.0;0.0;0.0;0.0;0.0;3.46;0.0
228;2023-01-11 09:00:00;0.0;22.5;22.5;22.5;22.5;22.5;0.0;0.0;4412.2;0.0;0.0;0.13;0.0;0.0;0.0;0.0;0.0;3.45;0.0
229;2023-01-11 09:15:00;0.0;22.5;22.5;22.5;22.5;22.5;0.0;0.0;4411.2;0.0;0.0;0.13;0.0;0.0;0.0;0.0;0.0;3.44;0.0
230;2023-01-11 09:30:00;0.0;22.5;22.5;22.5;22.5;22.5;0.0;0.0;4403.5;0.0;0.0;0.13;0.0;0.0;0.0;0.0;0.0;3.4;0.0
231;2023-01-11 09:45:00;0.0;22.5;22.5;22.5;22.5;22.5;0.0;0.0;4399.1;0.0;0.0;0.13;0.0;0.0;0.0;0.0;0.0;3.35;0.0
232;2023-01-11 10:00:00;0.0;22.5;22.5;22.5;22.5;22.5;0.0;0.0;4399.3;0.0;0.0;0.13;0.0;0.0;0.0;0.0;0.0;3.35;0.0
233;2023-01-11 10:15:00;0.0;22.5;22.5;22.5;22.5;22.5;0.0;0.0;4399.0;0.0;0.0;0.13;0.0;0.0;0.0;0.0;0.0;3.36;0.0
234;2023-01-11 10:30:00;0.0;22.5;22.5;22.5;22.5;22.5;0.0;0.0;4399.3;0.0;0.0;0.12;0.0;0.0;0.0;0.0;0.0;3.37;0.0
235;2023-01-11 10:45:00;0.0;22.5;22.5;22.5;22.5;22.5;0.0;0.0;4399.0;0.0;0.0;0.12;0.0;0.0;0.0;0.0;0.0;3.36;0.0
236;2023-01-11 11:00:00;0.0;22.5;22.5;22.5;22.5;22.5;0.0;0.0;4399.0;0.0;0.0;0.12;0.0;0.0;0.0;0.0;0.0;3.36;0.0
237;2023-01-11 11:15:00;0.0;22.5;22.5;22.5;22.5;22.5;0.0;0.0;4399.1;0.0;0.0;0.12;0.0;0.0;0.0;0.0;0.0;3.35;0.0
238;2023-01-11 11:30:00;0.0;22.5;22.5;22.5;22.5;22.5;0.0;0.0;4399.3;0.0;0.0;0.11;0.0;0.0;0.0;0.0;0.0;3.35;0.0
239;2023-01-11 11:45:00;0.0;22.5;22.5;22.5;22.5;22.5;0.0;0.0;4399.6;0.0;0.0;0.11;0.0;0.0;0.0;0.0;0.0;3.34;0.0
240;2023-01-11 12:00:00;0.0;22.5;22.5;22.5;22.5;22.5;0.0;0.0;4400.9;0.0;0.0;0.11;0.0;0.0;0.0;0.0;0.0;3.33;0.0
241;2023-01-11 12:15:00;0.0;22.5;22.5;22.5;22.5;22.5;0.0;0.0;4400.6;0.0;0.0;0.11;0.0;0.0;0.0;0.0;0.0;3.34;0.0
242;2023-01-11 12:30:00;0.0;22.4;22.4;22.4;22.4;22.4;0.0;0.0;4400.1;0.0;0.0;0.11;0.0;0.0;0.0;0.0;0.0;3.34;0.0
243;2023-01-11 12:45:00;0.0;22.4;22.4;22.4;22.4;22.4;0.0;0.0;4402.9;0.0;0.0;0.11;0.0;0.0;0.0;0.0;0.0;3.32;0.0
244;2023-01-11 13:00:00;0.0;22.4;22.4;22.4;22.4;22.4;0.0;0.0;4400.5;0.0;0.0;0.12;0.0;0.0;0.0;0.0;0.0;3.34;0.0
245;2023-01-11 13:15:00;0.0;22.4;22.4;22.4;22.4;22.4;0.0;0.0;4399.3;0.0;0.0;0.12;0.0;0.0;0.0;0.0;0.0;3.35;0.0
246;2023-01-11 13:30:00;0.0;22.4;22.4;22.4;22.4;22.4;0.0;0.0;4399.0;0.0;0.0;0.12;0.0;0.0;0.0;0.0;0.0;3.36;0.0
247;2023-01-11 13:45:00;0.0;22.4;22.4;22.4;22.4;22.4;0.0;0.0;4399.0;0.0;0.0;0.12;0.0;0.0;0.0;0.0;0.0;3.36;0.0
248;2023-01-11 14:00:00;0.0;22.4;22.4;22.4;22.4;22.4;0.0;0.0;4399.3;0.0;0.0;0.12;0.0;0.0;0.0;0.0;0.0;3.37;0.0
249;2023-01-11 14:15:00;0.0;22.4;22.4;22.4;22.4;22.4;0.0;0.0;4399.5;0.0;0.0;0.12;0.0;0.0;0.0;0.0;0.0;3.37;0.0
250;2023-01-11 14:30:00;0.0;22.4;22.4;22.4;22.4;22.4;0.0;0.0;4399.4;0.0;0.0;0.12;0.0;0.0;0.0;0.0;0.0;3.37;0.0
251;2023-01-11 14:45:00;0.0;22.4;22.4;22.4;22.4;22.4;0.0;0.0;4399.4;0.0;0.0;0.12;0.0;0.0;0.0;0.0;0.0;3.37;0.0
252;2023-01-11 15:00:00;0.0;22.4;22.4;22.4;22.4;22.4;0.0;0.0;4399.1;0.0;0.0;0.12;0.0;0.0;0.0;0.0;0.0;3.36;0.0
253;2023-01-11 15:15:00;0.0;22.4;22.4;22.4;22.4;22.4;0.0;0.0;4399.1;0.0;0.0;0.12;0.0;0.0;0.0;0.0;0.0;3.36;0.0
254;2023-01-11 15:30:00;0.0;22.4;22.4;22.4;22.4;22.4;0.0;0.0;4399.0;0.0;0.0;0.13;0.0;0.0;0.0;0.0;0.0;3.36;0.0
255;2023-01-11 15:45:00;0.0;22.3;22.3;22.3;22.3;22.3;0.0;0.0;4399.9;0.0;0.0;0.13;0.0;0.0;0.0;0.0;0.0;3.34;0.0
256;2023-01-11 16:00:00;0.0;22.3;22.3;22.3;22.3;22.3;0.0;0.0;4401.5;0.0;0.0;0.13;0.0;0.0;0.0;0.0;0.0;3.33;0.0
257;2023-01-11 16:15:00;0.0;22.3;22.3;22.3;22.3;22.3;0.0;0.0;4402.2;0.0;0.0;0.13;0.0;0.0;0.0;0.0;0.0;3.33;0.0
258;2023-01-11 16:30:00;0.0;22.3;22.3;22.3;22.3;22.3;0.0;0.0;4401.6;0.0;0.0;0.13;0.0;0.0;0.0;0.0;0.0;3.33;0.0
259;2023-01-11 16:45:00;0.0;22.3;22.3;22.3;22.3;22.3;0.0;0.0;4401.8;0.0;0.0;0.13;0.0;0.0;0.0;0.0;0.0;3.33;0.0
260;2023-01-11 17:00:00;0.0;22.3;22.3;22.3;22.3;22.3;0.0;0.0;4403.0;0.0;0.0;0.13;0.0;0.0;0.0;0.0;0.0;3.32;0.0
261;2023-01-11 17:15:00;0.0;22.3;22.3;22.3;22.3;22.3;0.0;0.0;4413.8;0.0;0.0;0.13;0.0;0.0;0.0;0.0;0.0;3.3;0.0
262;2023-01-11 17:30:00;0.0;22.3;22.3;22.3;22.3;22.3;0.0;0.0;4427.6;0.0;0.0;0.13;0.0;0.0;0.0;0.0;0.0;3.27;0.0
263;2023-01-11 17:45:00;0.0;22.2;22.2;22.2;22.2;22.2;0.0;0.0;4435.3;0.0;0.0;0.13;0.0;0.0;0.0;0.0;0.0;3.26;0.0
264;2023-01-11 18:00:00;0.0;22.2;22.2;22.2;22.2;22.2;0.0;0.0;4445.6;0.0;0.0;0.13;0.0;0.0;0.0;0.0;0.0;3.25;0.0
265;2023-01-11 18:15:00;0.0;22.2;22.2;22.2;22.2;22.2;0.0;0.0;4465.5;0.0;0.0;0.12;0.0;0.0;0.0;0.0;0.0;3.23;0.0
266;2023-01-11 18:30:00;0.0;22.2;22.2;22.2;22.2;22.2;0.0;0.0;4487.2;0.0;0.0;0.12;0.0;0.0;0.0;0.0;0.0;3.21;0.0
267;2023-01-11 18:45:00;0.0;22.2;22.2;22.2;22.2;22.2;0.0;0.0;4475.8;0.0;0.0;0.12;0.0;0.0;0.0;0.0;0.0;3.22;0.0
268;2023-01-11 19:00:00;0.0;22.2;22.2;22.2;22.2;22.2;0.0;0.0;4483.1;0.0;0.0;0.11;0.0;0.0;0.0;0.0;0.0;3.21;0.0
269;2023-01-11 19:15:00;0.0;22.2;22.2;22.2;22.2;22.2;0.0;0.0;4470.3;0.0;0.0;0.11;0.0;0.0;0.0;0.0;0.0;3.22;0.0
270;2023-01-11 19:30:00;0.0;22.2;22.2;22.2;22.2;22.2;0.0;0.0;4467.7;0.0;0.0;0.1;0.0;0.0;0.0;0.0;0.0;3.23;0.0
271;2023-01-11 19:45:00;0.0;22.1;22.1;22.1;22.1;22.1;0.0;0.0;4483.1;0.0;0.0;0.1;0.0;0.0;0.0;0.0;0.0;3.21;0.0
272;2023-01-11 20:00:00;0.0;22.1;22.1;22.1;22.1;22.1;0.0;0.0;4495.9;0.0;0.0;0.09;0.0;0.0;0.0;0.0;0.0;3.2;0.0
273;2023-01-11 20:15:00;0.0;22.1;22.1;22.1;22.1;22.1;0.0;0.0;4490.1;0.0;0.0;0.09;0.0;0.0;0.0;0.0;0.0;3.21;0.0
274;2023-01-11 20:30:00;0.0;22.1;22.1;22.1;22.1;22.1;0.0;0.0;4490.6;0.0;0.0;0.09;0.0;0.0;0.0;0.0;0.0;3.21;0.0
275;2023-01-11 20:45:00;0.0;22.1;22.1;22.1;22.1;22.1;0.0;0.0;4491.8;0.0;0.0;0.09;0.0;0.0;0.0;0.0;0.0;3.2;0.0
276;2023-01-11 21:00:00;0.0;22.1;22.1;22.1;22.1;22.1;0.0;0.0;4498.9;0.0;0.0;0.09;0.0;0.0;0.0;0.0;0.0;3.2;0.0
277;2023-01-11 21:15:00;0.0;22.1;22.1;22.1;22.1;22.1;0.0;0.0;4506.1;0.0;0.0;0.09;0.0;0.0;0.0;0.0;0.0;3.19;0.0
278;2023-01-11 21:30:00;0.0;22.1;22.1;22.1;22.1;22.1;0.0;0.0;4514.7;0.0;0.0;0.08;0.0;0.0;0.0;0.0;0.0;3.18;0.0
279;2023-01-11 21:45:00;0.0;22.0;22.0;22.0;22.0;22.0;0.0;0.0;4513.5;0.0;0.0;0.07;0.0;0.0;0.0;0.0;0.0;3.19;0.0
280;2023-01-11 22:00:00;0.0;22.0;22.0;22.0;22.0;22.0;0.0;0.0;4514.1;0.0;0.0;0.07;0.0;0.0;0.0;0.0;0.0;3.19;0.0
281;2023-01-11 22:15:00;0.0;22.0;22.0;22.0;22.0;22.0;0.0;0.0;4514.1;0.0;0.0;0.06;0.0;0.0;0.0;0.0;0.0;3.19;0.0
282;2023-01-11 22:30:00;0.0;22.0;22.0;22.0;22.0;22.0;0.0;0.0;4501.3;0.0;0.0;0.04;0.0;0.0;0.0;0.0;0.0;3.2;0.0
283;2023-01-11 22:45:00;0.0;22.0;22.0;22.0;22.0;22.0;0.0;0.0;4487.7;0.0;0.0;0.03;0.0;0.0;0.0;0.0;0.0;3.21;0.0
284;2023-01-11 23:00:00;0.0;22.0;22.0;22.0;22.0;22.0;0.0;0.0;4484.9;0.0;0.0;0.02;0.0;0.0;0.0;0.0;0.0;3.21;0.0
285;2023-01-11 23:15:00;0.0;22.0;22.0;22.0;22.0;22.0;0.0;0.0;4474.2;0.0;0.0;0.02;0.0;0.0;0.0;0.0;0.0;3.22;0.0
286;2023-01-11 23:30:00;0.0;22.0;22.0;22.0;22.0;22.0;0.0;0.0;4462.9;0.0;0.0;0.01;0.0;0.0;0.0;0.0;0.0;3.23;0.0
287;2023-01-11 23:45:00;0.0;22.0;22.0;22.0;22.0;22.0;0.0;0.0;4463.4;0.0;0.0;0.01;0.0;0.0;0.0;0.0;0.0;3.23;0.0
288;2023-01-12 00:00:00;0.0;22.0;22.0;22.0;22.0;22.0;0.0;0.0;4466.1;0.0;0.0;0.01;0.0;0.0;0.0;0.0;0.0;3.23;0.0
289;2023-01-12 00:15:00;0.0;21.9;21.9;21.9;21.9;21.9;0.0;0.0;4470.9;0.0;0.0;0.01;0.0;0.0;0.0;0.0;0.0;3.22;0.0
290;2023-01-12 00:30:00;0.0;21.9;21.9;21.9;21.9;21.9;0.0;0.0;4467.1;0.0;0.0;0.01;0.0;0.0;0.0;0.0;0.0;3.23;0.0
291;2023-01-12 00:45:00;0.0;21.9;21.9;21.9;21.9;21.9;0.0;0.0;4466.6;0.0;0.0;0.0;0.0;0.0;0.0;0.0;0.0;3.23;0.0
292;2023-01-12 01:00:00;0.0;21.9;21.9;21.9;21.9;21.9;0.0;0.0;4459.8;0.0;0.0;0.0;0.0;0.0;0.0;0.0;0.0;3.23;0.0
293;2023-01-12 01:15:00;0.0;21.9;21.9;21.9;21.9;21.9;0.0;0.0;4449.3;0.0;0.0;0.0;0.0;0.0;0.0;0.0;0.0;3.25;0.0
294;2023-01-12 01:30:00;0.0;21.9;21.9;21.9;21.9;21.9;0.0;0.0;4444.6;0.0;0.0;0.0;0.0;0.0;0.0;0.0;0.0;3.25;0.0
295;2023-01-12 01:45:00;0.0;21.9;21.9;21.9;21.9;21.9;0.0;0.0;4437.5;0.0;0.0;0.0;0.0;0.0;0.0;0.0;0.0;3.26;0.0
296;2023-01-12 02:00:00;0.0;21.9;21.9;21.9;21.9;21.9;0.0;0.0;4435.7;0.0;0.0;0.0;0.0;0.0;0.0;0.0;0.0;3.26;0.0
297;2023-01-12 02:15:00;0.0;21.9;21.9;21.9;21.9;21.9;0.0;0.0;4436.2;0.0;0.0;0.0;0.0;0.0;0.0;0.0;0.0;3.26;0.0
298;2023-01-12 02:30:00;0.0;21.9;21.9;21.9;21.9;21.9;0.0;0.0;4434.9;0.0;0.0;0.0;0.0;0.0;0.0;0.0;0.0;3.26;0.0
299;2023-01-12 02:45:00;0.0;21.8;21.8;21.8;21.8;21.8;0.0;0.0;4436.6;0.0;0.0;0.0;0.0;0.0;0.0;0.0;0.0;3.26;0.0
300;2023-01-12 03:00:00;0.0;21.8;21.8;21.8;21.8;21.8;0.0;0.0;4441.4;0.0;0.0;0.0;0.0;0.0;0.0;0.0;0.0;3.25;0.0
301;2023-01-12 03:15:00;0.0;21.8;21.8;21.8;21.8;21.8;0.0;0.0;4438.8;0.0;0.0;0.01;0.0;0.0;0.0;0.0;0.0;3.26;0.0
302;2023-01-12 03:30:00;0.0;21.8;21.8;21.8;21.8;21.8;0.0;0.0;4441.4;0.0;0.0;0.01;0.0;0.0;0.0;0.0;0.0;3.25;0.0
303;2023-01-12 03:45:00;0.0;21.8;21.8;21.8;21.8;21.8;0.0;0.0;4442.3;0.0;0.0;0.02;0.0;0.0;0.0;0.0;0.0;3.25;0.0
304;2023-01-12 04:00:00;0.0;21.8;21.8;21.8;21.8;21.8;0.0;0.0;4442.3;0.0;0.0;0.02;0.0;0.0;0.0;0.0;0.0;3.25;0.0
305;2023-01-12 04:15:00;0.0;21.8;21.8;21.8;21.8;21.8;0.0;0.0;4440.5;0.0;0.0;0.04;0.0;0.0;0.0;0.0;0.0;3.26;0.0
306;2023-01-12 04:30:00;0.0;21.8;21.8;21.8;21.8;21.8;0.0;0.0;4435.7;0.0;0.0;0.06;0.0;0.0;0.0;0.0;0.0;3.26;0.0
307;2023-01-12 04:45:00;0.0;21.8;21.8;21.8;21.8;21.8;0.0;0.0;4437.0;0.0;0.0;0.07;0.0;0.0;0.0;0.0;0.0;3.26;0.0
308;2023-01-12 05:00:00;0.0;21.8;21.8;21.8;21.8;21.8;0.0;0.0;4442.3;0.0;0.0;0.09;0.0;0.0;0.0;0.0;0.0;3.25;0.0
309;2023-01-12 05:15:00;0.0;21.7;21.7;21.7;21.7;21.7;0.0;0.0;4453.2;0.0;0.0;0.09;0.0;0.0;0.0;0.0;0.0;3.24;0.0
310;2023-01-12 05:30:00;0.0;21.7;21.7;21.7;21.7;21.7;0.0;0.0;4471.4;0.0;0.0;0.1;0.0;0.0;0.0;0.0;0.0;3.22;0.0
311;2023-01-12 05:45:00;0.0;21.7;21.7;21.7;21.7;21.7;0.0;0.0;4482.6;0.0;0.0;0.11;0.0;0.0;0.0;0.0;0.0;3.21;0.0
312;2023-01-12 06:00:00;0.0;21.7;21.7;21.7;21.7;21.7;0.0;0.0;4474.7;0.0;0.0;0.11;0.0;0.0;0.0;0.0;0.0;3.22;0.0
313;2023-01-12 06:15:00;0.0;21.7;21.7;21.7;21.7;21.7;0.0;0.0;4465.5;0.0;0.0;0.11;0.0;0.0;0.0;0.0;0.0;3.23;0.0
314;2023-01-12 06:30:00;0.0;21.7;21.7;21.7;21.7;21.7;0.0;0.0;4450.3;0.0;0.0;0.11;0.0;0.0;0.0;0.0;0.0;3.24;0.0
315;2023-01-12 06:45:00;0.0;21.7;21.7;21.7;21.7;21.7;0.0;0.0;4431.6;0.0;0.0;0.11;0.0;0.0;0.0;0.0;0.0;3.27;0.0
316;2023-01-12 07:00:00;0.0;21.7;21.7;21.7;21.7;21.7;0.0;0.0;4425.4;0.0;0.0;0.11;0.0;0.0;0.0;0.0;0.0;3.28;0.0
317;2023-01-12 07:15:00;0.0;21.7;21.7;21.7;21.7;21.7;0.0;0.0;4419.4;0.0;0.0;0.1;0.0;0.0;0.0;0.0;0.0;3.29;0.0
318;2023-01-12 07:30:00;0.0;21.6;21.6;21.6;21.6;21.6;0.0;0.0;4417.4;0.0;0.0;0.1;0.0;0.0;0.0;0.0;0.0;3.29;0.0
319;2023-01-12 07:45:00;0.0;21.6;21.6;21.6;21.6;21.6;0.0;0.0;4414.4;0.0;0.0;0.1;0.0;0.0;0.0;0.0;0.0;3.29;0.0
320;2023-01-12 08:00:00;0.0;22.3;22.3;22.3;22.3;22.3;0.0;0.0;4417.4;4417.4;0.11;0.1;2905.7;2905.7;2905.7;2905.7;2905.7;3.29;1.0
321;2023-01-12 08:15:00;0.0;22.9;22.9;22.9;22.9;22.9;0.0;0.0;4416.2;4416.2;0.1;0.09;2906.9;2906.9;2906.9;2906.9;2906.9;3.29;1.0
322;2023-01-12 08:30:00;0.0;23.3;23.3;23.3;23.3;23.3;0.0;0.0;4413.0;4413.0;0.1;0.09;2910.3;2910.3;2910.3;2910.3;2910.3;3.3;1.0
323;2023-01-12 08:45:00;0.0;23.7;23.7;23.7;23.7;23.7;0.0;0.0;4411.1;4411.1;0.1;0.09;2912.6;2912.6;2912.6;2912.6;2912.6;3.3;1.0
324;2023-01-12 09:00:00;0.0;24.0;24.0;24.0;24.0;24.0;0.0;0.0;4411.6;4411.6;0.09;0.08;2912.0;2912.0;2912.0;2912.0;2912.0;3.3;1.0
325;2023-01-12 09:15:00;0.0;24.3;24.3;24.3;24.3;24.3;0.0;0.0;4408.3;4408.3;0.09;0.09;2916.5;2916.5;2916.5;2916.5;2916.5;3.31;1.0
326;2023-01-12 09:30:00;0.0;24.6;24.6;24.6;24.6;24.6;0.0;0.0;4403.9;4403.9;0.09;0.09;2925.1;2925.1;2925.1;2925.1;2925.1;3.32;1.0
327;2023-01-12 09:45:00;0.0;24.9;24.9;24.9;24.9;24.9;0.0;0.0;4401.9;4401.9;0.1;0.09;2930.7;2930.7;2930.7;2930.7;2930.7;3.33;1.0
328;2023-01-12 10:00:00;0.0;24.4;24.4;24.4;24.4;24.4;0.0;0.0;4401.6;0.0;0.0;0.09;0.0;0.0;0.0;0.0;0.0;3.33;0.0
329;2023-01-12 10:15:00;0.0;24.0;24.0;24.0;24.0;24.0;0.0;0.0;4401.0;0.0;0.0;0.08;0.0;0.0;0.0;0.0;0.0;3.33;0.0
330;2023-01-12 10:30:00;0.0;23.8;23.8;23.8;23.8;23.8;0.0;0.0;4399.9;0.0;0.0;0.08;0.0;0.0;0.0;0.0;0.0;3.34;0.0
331;2023-01-12 10:45:00;0.0;23.6;23.6;23.6;23.6;23.6;0.0;0.0;4399.0;0.0;0.0;0.08;0.0;0.0;0.0;0.0;0.0;3.36;0.0
332;2023-01-12 11:00:00;0.0;23.4;23.4;23.4;23.4;23.4;0.0;0.0;4399.8;0.0;0.0;0.08;0.0;0.0;0.0;0.0;0.0;3.37;0.0
333;2023-01-12 11:15:00;0.0;23.3;23.3;23.3;23.3;23.3;0.0;0.0;4399.7;0.0;0.0;0.08;0.0;0.0;0.0;0.0;0.0;3.37;0.0
334;2023-01-12 11:30:00;0.0;23.2;23.2;23.2;23.2;23.2;0.0;0.0;4401.0;0.0;0.0;0.08;0.0;0.0;0.0;0.0;0.0;3.38;0.0
335;2023-01-12 11:45:00;0.0;23.2;23.2;23.2;23.2;23.2;0.0;0.0;4400.2;0.0;0.0;0.08;0.0;0.0;0.0;0.0;0.0;3.38;0.0
336;2023-01-12 12:00:00;0.0;23.2;23.2;23.2;23.2;23.2;0.0;0.0;4399.0;0.0;0.0;0.08;0.0;0.0;0.0;0.0;0.0;3.36;0.0
337;2023-01-12 12:15:00;0.0;23.1;23.1;23.1;23.1;23.1;0.0;0.0;4399.3;0.0;0.0;0.08;0.0;0.0;0.0;0.0;0.0;3.37;0.0
338;2023-01-12 12:30:00;0.0;23.1;23.1;23.1;23.1;23.1;0.0;0.0;4399.9;0.0;0.0;0.09;0.0;0.0;0.0;0.0;0.0;3.38;0.0
339;2023-01-12 12:45:00;0.0;23.1;23.1;23.1;23.1;23.1;0.0;0.0;4400.2;0.0;0.0;0.09;0.0;0.0;0.0;0.0;0.0;3.38;0.0
340;2023-01-12 13:00:00;0.0;23.1;23.1;23.1;23.1;23.1;0.0;0.0;4400.2;0.0;0.0;0.09;0.0;0.0;0.0;0.0;0.0;3.38;0.0
341;2023-01-12 13:15:00;0.0;23.1;23.1;23.1;23.1;23.1;0.0;0.0;4403.7;0.0;0.0;0.09;0.0;0.0;0.0;0.0;0.0;3.4;0.0
342;2023-01-12 13:30:00;0.0;23.1;23.1;23.1;23.1;23.1;0.0;0.0;4406.2;0.0;0.0;0.09;0.0;0.0;0.0;0.0;0.0;3.42;0.0
343;2023-01-12 13:45:00;0.0;23.0;23.0;23.0;23.0;23.0;0.0;0.0;4403.5;0.0;0.0;0.09;0.0;0.0;0.0;0.0;0.0;3.4;0.0
344;2023-01-12 14:00:00;0.0;23.0;23.0;23.0;23.0;23.0;0.0;0.0;4399.2;0.0;0.0;0.1;0.0;0.0;0.0;0.0;0.0;3.36;0.0
345;2023-01-12 14:15:00;0.0;23.0;23.0;23.0;23.0;23.0;0.0;0.0;4402.4;0.0;0.0;0.1;0.0;0.0;0.0;0.0;0.0;3.33;0.0
346;2023-01-12 14:30:00;0.0;23.0;23.0;23.0;23.0;23.0;0.0;0.0;4399.4;0.0;0.0;0.1;0.0;0.0;0.0;0.0;0.0;3.35;0.0
347;2023-01-12 14:45:00;0.0;22.9;22.9;22.9;22.9;22.9;0.0;0.0;4401.4;0.0;0.0;0.1;0.0;0.0;0.0;0.0;0.0;3.39;0.0
348;2023-01-12 15:00:00;0.0;22.9;22.9;22.9;22.9;22.9;0.0;0.0;4403.4;0.0;0.0;0.1;0.0;0.0;0.0;0.0;0.0;3.4;0.0
349;2023-01-12 15:15:00;0.0;22.9;22.9;22.9;22.9;22.9;0.0;0.0;4403.3;0.0;0.0;0.1;0.0;0.0;0.0;0.0;0.0;3.4;0.0
350;2023-01-12 15:30:00;0.0;22.9;22.9;22.9;22.9;22.9;0.0;0.0;4403.0;0.0;0.0;0.11;0.0;0.0;0.0;0.0;0.0;3.4;0.0
351;2023-01-12 15:45:00;0.0;22.9;22.9;22.9;22.9;22.9;0.0;0.0;4402.8;0.0;0.0;0.11;0.0;0.0;0.0;0.0;0.0;3.4;0.0
352;2023-01-12 16:00:00;0.0;22.9;22.9;22.9;22.9;22.9;0.0;0.0;4401.9;0.0;0.0;0.11;0.0;0.0;0.0;0.0;0.0;3.39;0.0
353;2023-01-12 16:15:00;0.0;22.8;22.8;22.8;22.8;22.8;0.0;0.0;4401.6;0.0;0.0;0.11;0.0;0.0;0.0;0.0;0.0;3.39;0.0
354;2023-01-12 16:30:00;0.0;22.8;22.8;22.8;22.8;22.8;0.0;0.0;4401.4;0.0;0.0;0.12;0.0;0.0;0.0;0.0;0.0;3.39;0.0
355;2023-01-12 16:45:00;0.0;22.8;22.8;22.8;22.8;22.8;0.0;0.0;4401.8;0.0;0.0;0.12;0.0;0.0;0.0;0.0;0.0;3.39;0.0
356;2023-01-12 17:00:00;0.0;22.8;22.8;22.8;22.8;22.8;0.0;0.0;4399.2;0.0;0.0;0.12;0.0;0.0;0.0;0.0;0.0;3.37;0.0
357;2023-01-12 17:15:00;0.0;22.8;22.8;22.8;22.8;22.8;0.0;0.0;4399.6;0.0;0.0;0.11;0.0;0.0;0.0;0.0;0.0;3.37;0.0
358;2023-01-12 17:30:00;0.0;22.8;22.8;22.8;22.8;22.8;0.0;0.0;4402.3;0.0;0.0;0.11;0.0;0.0;0.0;0.0;0.0;3.39;0.0
359;2023-01-12 17:45:00;0.0;22.8;22.8;22.8;22.8;22.8;0.0;0.0;4402.9;0.0;0.0;0.11;0.0;0.0;0.0;0.0;0.0;3.4;0.0
360;2023-01-12 18:00:00;0.0;22.8;22.8;22.8;22.8;22.8;0.0;0.0;4403.0;0.0;0.0;0.1;0.0;0.0;0.0;0.0;0.0;3.4;0.0
361;2023-01-12 18:15:00;0.0;22.8;22.8;22.8;22.8;22.8;0.0;0.0;4401.8;0.0;0.0;0.1;0.0;0.0;0.0;0.0;0.0;3.39;0.0
362;2023-01-12 18:30:00;0.0;22.7;22.7;22.7;22.7;22.7;0.0;0.0;4402.7;0.0;0.0;0.1;0.0;0.0;0.0;0.0;0.0;3.4;0.0
363;2023-01-12 18:45:00;0.0;22.7;22.7;22.7;22.7;22.7;0.0;0.0;4404.9;0.0;0.0;0.1;0.0;0.0;0.0;0.0;0.0;3.41;0.0
364;2023-01-12 19:00:00;0.0;22.7;22.7;22.7;22.7;22.7;0.0;0.0;4404.7;0.0;0.0;0.1;0.0;0.0;0.0;0.0;0.0;3.41;0.0
365;2023-01-12 19:15:00;0.0;22.7;22.7;22.7;22.7;22.7;0.0;0.0;4405.2;0.0;0.0;0.1;0.0;0.0;0.0;0.0;0.0;3.41;0.0
366;2023-01-12 19:30:00;0.0;22.7;22.7;22.7;22.7;22.7;0.0;0.0;4404.1;0.0;0.0;0.09;0.0;0.0;0.0;0.0;0.0;3.4;0.0
367;2023-01-12 19:45:00;0.0;22.7;22.7;22.7;22.7;22.7;0.0;0.0;4404.2;0.0;0.0;0.09;0.0;0.0;0.0;0.0;0.0;3.41;0.0
368;2023-01-12 20:00:00;0.0;22.7;22.7;22.7;22.7;22.7;0.0;0.0;4404.8;0.0;0.0;0.08;0.0;0.0;0.0;0.0;0.0;3.41;0.0
369;2023-01-12 20:15:00;0.0;22.7;22.7;22.7;22.7;22.7;0.0;0.0;4403.9;0.0;0.0;0.08;0.0;0.0;0.0;0.0;0.0;3.4;0.0
370;2023-01-12 20:30:00;0.0;22.7;22.7;22.7;22.7;22.7;0.0;0.0;4400.9;0.0;0.0;0.08;0.0;0.0;0.0;0.0;0.0;3.38;0.0
371;2023-01-12 20:45:00;0.0;22.7;22.7;22.7;22.7;22.7;0.0;0.0;4399.1;0.0;0.0;0.07;0.0;0.0;0.0;0.0;0.0;3.36;0.0
372;2023-01-12 21:00:00;0.0;22.6;22.6;22.6;22.6;22.6;0.0;0.0;4399.4;0.0;0.0;0.07;0.0;0.0;0.0;0.0;0.0;3.37;0.0
373;2023-01-12 21:15:00;0.0;22.6;22.6;22.6;22.6;22.6;0.0;0.0;4400.6;0.0;0.0;0.06;0.0;0.0;0.0;0.0;0.0;3.38;0.0
374;2023-01-12 21:30:00;0.0;22.6;22.6;22.6;22.6;22.6;0.0;0.0;4405.3;0.0;0.0;0.06;0.0;0.0;0.0;0.0;0.0;3.41;0.0
375;2023-01-12 21:45:00;0.0;22.6;22.6;22.6;22.6;22.6;0.0;0.0;4409.1;0.0;0.0;0.05;0.0;0.0;0.0;0.0;0.0;3.43;0.0
376;2023-01-12 22:00:00;0.0;22.6;22.6;22.6;22.6;22.6;0.0;0.0;4411.3;0.0;0.0;0.04;0.0;0.0;0.0;0.0;0.0;3.44;0.0
377;2023-01-12 22:15:00;0.0;22.6;22.6;22.6;22.6;22.6;0.0;0.0;4412.2;0.0;0.0;0.04;0.0;0.0;0.0;0.0;0.0;3.45;0.0
378;2023-01-12 22:30:00;0.0;22.6;22.6;22.6;22.6;22.6;0.0;0.0;4412.9;0.0;0.0;0.04;0.0;0.0;0.0;0.0;0.0;3.45;0.0
379;2023-01-12 22:45:00;0.0;22.6;22.6;22.6;22.6;22.6;0.0;0.0;4414.3;0.0;0.0;0.03;0.0;0.0;0.0;0.0;0.0;3.46;0.0
380;2023-01-12 23:00:00;0.0;22.6;22.6;22.6;22.6;22.6;0.0;0.0;4415.2;0.0;0.0;0.03;0.0;0.0;0.0;0.0;0.0;3.47;0.0
381;2023-01-12 23:15:00;0.0;22.6;22.6;22.6;22.6;22.6;0.0;0.0;4415.2;0.0;0.0;0.03;0.0;0.0;0.0;0.0;0.0;3.47;0.0
382;2023-01-12 23:30:00;0.0;22.6;22.6;22.6;22.6;22.6;0.0;0.0;4415.4;0.0;0.0;0.02;0.0;0.0;0.0;0.0;0.0;3.47;0.0
383;2023-01-12 23:45:00;0.0;22.6;22.6;22.6;22.6;22.6;0.0;0.0;4415.9;0.0;0.0;0.02;0.0;0.0;0.0;0.0;0.0;3.48;0.0
384;2023-01-13 00:00:00;0.0;22.5;22.5;22.5;22.5;22.5;0.0;0.0;4414.0;0.0;0.0;0.02;0.0;0.0;0.0;0.0;0.0;3.46;0.0
385;2023-01-13 00:15:00;0.0;22.5;22.5;22.5;22.5;22.5;0.0;0.0;4405.3;0.0;0.0;0.01;0.0;0.0;0.0;0.0;0.0;3.41;0.0
386;2023-01-13 00:30:00;0.0;22.5;22.5;22.5;22.5;22.5;0.0;0.0;4408.1;0.0;0.0;0.01;0.0;0.0;0.0;0.0;0.0;3.43;0.0
387;2023-01-13 00:45:00;0.0;22.5;22.5;22.5;22.5;22.5;0.0;0.0;4411.7;0.0;0.0;0.01;0.0;0.0;0.0;0.0;0.0;3.45;0.0
388;2023-01-13 01:00:00;0.0;22.5;22.5;22.5;22.5;22.5;0.0;0.0;4408.4;0.0;0.0;0.01;0.0;0.0;0.0;0.0;0.0;3.43;0.0
389;2023-01-13 01:15:00;0.0;22.5;22.5;22.5;22.5;22.5;0.0;0.0;4401.2;0.0;0.0;0.01;0.0;0.0;0.0;0.0;0.0;3.39;0.0
390;2023-01-13 01:30:00;0.0;22.5;22.5;22.5;22.5;22.5;0.0;0.0;4400.1;0.0;0.0;0.01;0.0;0.0;0.0;0.0;0.0;3.38;0.0
391;2023-01-13 01:45:00;0.0;22.5;22.5;22.5;22.5;22.5;0.0;0.0;4401.3;0.0;0.0;0.0;0.0;0.0;0.0;0.0;0.0;3.33;0.0
392;2023-01-13 02:00:00;0.0;22.5;22.5;22.5;22.5;22.5;0.0;0.0;4405.5;0.0;0.0;0.0;0.0;0.0;0.0;0.0;0.0;3.32;0.0
393;2023-01-13 02:15:00;0.0;22.4;22.4;22.4;22.4;22.4;0.0;0.0;4399.1;0.0;0.0;0.0;0.0;0.0;0.0;0.0;0.0;3.35;0.0
394;2023-01-13 02:30:00;0.0;22.4;22.4;22.4;22.4;22.4;0.0;0.0;4399.1;0.0;0.0;0.0;0.0;0.0;0.0;0.0;0.0;3.36;0.0
395;2023-01-13 02:45:00;0.0;22.4;22.4;22.4;22.4;22.4;0.0;0.0;4401.5;0.0;0.0;0.0;0.0;0.0;0.0;0.0;0.0;3.33;0.0
396;2023-01-13 03:00:00;0.0;22.4;22.4;22.4;22.4;22.4;0.0;0.0;4401.1;0.0;0.0;0.0;0.0;0.0;0.0;0.0;0.0;3.33;0.0
397;2023-01-13 03:15:00;0.0;22.4;22.4;22.4;22.4;22.4;0.0;0.0;4400.0;0.0;0.0;0.01;0.0;0.0;0.0;0.0;0.0;3.38;0.0
398;2023-01-13 03:30:00;0.0;22.4;22.4;22.4;22.4;22.4;0.0;0.0;4406.2;0.0;0.0;0.01;0.0;0.0;0.0;0.0;0.0;3.42;0.0
399;2023-01-13 03:45:00;0.0;22.4;22.4;22.4;22.4;22.4;0.0;0.0;4411.7;0.0;0.0;0.02;0.0;0.0;0.0;0.0;0.0;3.45;0.0
400;2023-01-13 04:00:00;0.0;22.4;22.4;22.4;22.4;22.4;0.0;0.0;4413.5;0.0;0.0;0.03;0.0;0.0;0.0;0.0;0.0;3.46;0.0
401;2023-01-13 04:15:00;0.0;22.4;22.4;22.4;22.4;22.4;0.0;0.0;4413.6;0.0;0.0;0.03;0.0;0.0;0.0;0.0;0.0;3.46;0.0
402;2023-01-13 04:30:00;0.0;22.4;22.4;22.4;22.4;22.4;0.0;0.0;4410.7;0.0;0.0;0.04;0.0;0.0;0.0;0.0;0.0;3.44;0.0
403;2023-01-13 04:45:00;0.0;22.4;22.4;22.4;22.4;22.4;0.0;0.0;4410.1;0.0;0.0;0.05;0.0;0.0;0.0;0.0;0.0;3.44;0.0
404;2023-01-13 05:00:00;0.0;22.3;22.3;22.3;22.3;22.3;0.0;0.0;4411.5;0.0;0.0;0.05;0.0;0.0;0.0;0.0;0.0;3.45;0.0
405;2023-01-13 05:15:00;0.0;22.3;22.3;22.3;22.3;22.3;0.0;0.0;4411.7;0.0;0.0;0.06;0.0;0.0;0.0;0.0;0.0;3.45;0.0
406;2023-01-13 05:30:00;0.0;22.3;22.3;22.3;22.3;22.3;0.0;0.0;4411.0;0.0;0.0;0.07;0.0;0.0;0.0;0.0;0.0;3.44;0.0
407;2023-01-13 05:45:00;0.0;22.3;22.3;22.3;22.3;22.3;0.0;0.0;4410.7;0.0;0.0;0.08;0.0;0.0;0.0;0.0;0.0;3.44;0.0
408;2023-01-13 06:00:00;0.0;22.3;22.3;22.3;22.3;22.3;0.0;0.0;4409.4;0.0;0.0;0.09;0.0;0.0;0.0;0.0;0.0;3.43;0.0
409;2023-01-13 06:15:00;0.0;22.3;22.3;22.3;22.3;22.3;0.0;0.0;4408.5;0.0;0.0;0.09;0.0;0.0;0.0;0.0;0.0;3.43;0.0
410;2023-01-13 06:30:00;0.0;22.3;22.3;22.3;22.3;22.3;0.0;0.0;4408.4;0.0;0.0;0.1;0.0;0.0;0.0;0.0;0.0;3.43;0.0
411;2023-01-13 06:45:00;0.0;22.3;22.3;22.3;22.3;22.3;0.0;0.0;4406.7;0.0;0.0;0.1;0.0;0.0;0.0;0.0;0.0;3.42;0.0
412;2023-01-13 07:00:00;0.0;22.3;22.3;22.3;22.3;22.3;0.0;0.0;4405.1;0.0;0.0;0.11;0.0;0.0;0.0;0.0;0.0;3.41;0.0
413;2023-01-13 07:15:00;0.0;22.3;22.3;22.3;22.3;22.3;0.0;0.0;4404.9;0.0;0.0;0.1;0.0;0.0;0.0;0.0;0.0;3.41;0.0
414;2023-01-13 07:30:00;0.0;22.3;22.3;22.3;22.3;22.3;0.0;0.0;4403.4;0.0;0.0;0.1;0.0;0.0;0.0;0.0;0.0;3.32;0.0
415;2023-01-13 07:45:00;0.0;22.2;22.2;22.2;22.2;22.2;0.0;0.0;4490.6;0.0;0.0;0.1;0.0;0.0;0.0;0.0;0.0;3.21;0.0
416;2023-01-13 08:00:00;0.0;22.2;22.2;22.2;22.2;22.2;0.0;0.0;4500.7;0.0;0.0;0.1;0.0;0.0;0.0;0.0;0.0;3.2;0.0
417;2023-01-13 08:15:00;0.0;22.2;22.2;22.2;22.2;22.2;0.0;0.0;4496.5;0.0;0.0;0.1;0.0;0.0;0.0;0.0;0.0;3.2;0.0
418;2023-01-13 08:30:00;0.0;22.2;22.2;22.2;22.2;22.2;0.0;0.0;4479.7;0.0;0.0;0.1;0.0;0.0;0.0;0.0;0.0;3.21;0.0
419;2023-01-13 08:45:00;0.0;22.2;22.2;22.2;22.2;22.2;0.0;0.0;4465.0;0.0;0.0;0.1;0.0;0.0;0.0;0.0;0.0;3.23;0.0
420;2023-01-13 09:00:00;0.0;22.2;22.2;22.2;22.2;22.2;0.0;0.0;4466.6;0.0;0.0;0.09;0.0;0.0;0.0;0.0;0.0;3.23;0.0
421;2023-01-13 09:15:00;0.0;22.2;22.2;22.2;22.2;22.2;0.0;0.0;4460.3;0.0;0.0;0.09;0.0;0.0;0.0;0.0;0.0;3.23;0.0
422;2023-01-13 09:30:00;0.0;22.2;22.2;22.2;22.2;22.2;0.0;0.0;4447.9;0.0;0.0;0.09;0.0;0.0;0.0;0.0;0.0;3.25;0.0
423;2023-01-13 09:45:00;0.0;22.2;22.2;22.2;22.2;22.2;0.0;0.0;4442.8;0.0;0.0;0.09;0.0;0.0;0.0;0.0;0.0;3.25;0.0
424;2023-01-13 10:00:00;0.0;22.2;22.2;22.2;22.2;22.2;0.0;0.0;4435.3;0.0;0.0;0.08;0.0;0.0;0.0;0.0;0.0;3.26;0.0
425;2023-01-13 10:15:00;0.0;22.2;22.2;22.2;22.2;22.2;0.0;0.0;4415.9;0.0;0.0;0.08;0.0;0.0;0.0;0.0;0.0;3.29;0.0
426;2023-01-13 10:30:00;0.0;22.2;22.2;22.2;22.2;22.2;0.0;0.0;4412.0;0.0;0.0;0.08;0.0;0.0;0.0;0.0;0.0;3.3;0.0
427;2023-01-13 10:45:00;0.0;22.2;22.2;22.2;22.2;22.2;0.0;0.0;4408.1;0.0;0.0;0.08;0.0;0.0;0.0;0.0;0.0;3.31;0.0
428;2023-01-13 11:00:00;0.0;22.2;22.2;22.2;22.2;22.2;0.0;0.0;4405.9;0.0;0.0;0.08;0.0;0.0;0.0;0.0;0.0;3.31;0.0
429;2023-01-13 11:15:00;0.0;22.2;22.2;22.2;22.2;22.2;0.0;0.0;4399.5;0.0;0.0;0.07;0.0;0.0;0.0;0.0;0.0;3.34;0.0
430;2023-01-13 11:30:00;0.0;22.2;22.2;22.2;22.2;22.2;0.0;0.0;4399.0;0.0;0.0;0.07;0.0;0.0;0.0;0.0;0.0;3.36;0.0
431;2023-01-13 11:45:00;0.0;22.2;22.2;22.2;22.2;22.2;0.0;0.0;4400.6;0.0;0.0;0.07;0.0;0.0;0.0;0.0;0.0;3.38;0.0
432;2023-01-13 12:00:00;0.0;22.2;22.2;22.2;22.2;22.2;0.0;0.0;4399.0;0.0;0.0;0.07;0.0;0.0;0.0;0.0;0.0;3.36;0.0
433;2023-01-13 12:15:00;0.0;22.2;22.2;22.2;22.2;22.2;0.0;0.0;4403.0;0.0;0.0;0.07;0.0;0.0;0.0;0.0;0.0;3.32;0.0
434;2023-01-13 12:30:00;0.0;22.2;22.2;22.2;22.2;22.2;0.0;0.0;4404.9;0.0;0.0;0.07;0.0;0.0;0.0;0.0;0.0;3.32;0.0
435;2023-01-13 12:45:00;0.0;22.3;22.3;22.3;22.3;22.3;0.0;0.0;4403.7;0.0;0.0;0.07;0.0;0.0;0.0;0.0;0.0;3.32;0.0
436;2023-01-13 13:00:00;0.0;22.3;22.3;22.3;22.3;22.3;0.0;0.0;4425.7;0.0;0.0;0.07;0.0;0.0;0.0;0.0;0.0;3.28;0.0
437;2023-01-13 13:15:00;0.0;22.3;22.3;22.3;22.3;22.3;0.0;0.0;4407.0;0.0;0.0;0.08;0.0;0.0;0.0;0.0;0.0;3.31;0.0
438;2023-01-13 13:30:00;0.0;22.3;22.3;22.3;22.3;22.3;0.0;0.0;4412.1;0.0;0.0;0.08;0.0;0.0;0.0;0.0;0.0;3.3;0.0
439;2023-01-13 13:45:00;0.0;22.3;22.3;22.3;22.3;22.3;0.0;0.0;4411.6;0.0;0.0;0.08;0.0;0.0;0.0;0.0;0.0;3.3;0.0
440;2023-01-13 14:00:00;0.0;22.3;22.3;22.3;22.3;22.3;0.0;0.0;4414.7;0.0;0.0;0.08;0.0;0.0;0.0;0.0;0.0;3.29;0.0
441;2023-01-13 14:15:00;0.0;22.2;22.2;22.2;22.2;22.2;0.0;0.0;4442.8;0.0;0.0;0.08;0.0;0.0;0.0;0.0;0.0;3.25;0.0
442;2023-01-13 14:30:00;0.0;22.2;22.2;22.2;22.2;22.2;0.0;0.0;4443.7;0.0;0.0;0.08;0.0;0.0;0.0;0.0;0.0;3.25;0.0
443;2023-01-13 14:45:00;0.0;22.2;22.2;22.2;22.2;22.2;0.0;0.0;4428.0;0.0;0.0;0.08;0.0;0.0;0.0;0.0;0.0;3.27;0.0
444;2023-01-13 15:00:00;0.0;22.2;22.2;22.2;22.2;22.2;0.0;0.0;4416.8;0.0;0.0;0.09;0.0;0.0;0.0;0.0;0.0;3.29;0.0
445;2023-01-13 15:15:00;0.0;22.2;22.2;22.2;22.2;22.2;0.0;0.0;4421.1;0.0;0.0;0.09;0.0;0.0;0.0;0.0;0.0;3.28;0.0
446;2023-01-13 15:30:00;0.0;22.2;22.2;22.2;22.2;22.2;0.0;0.0;4428.4;0.0;0.0;0.09;0.0;0.0;0.0;0.0;0.0;3.27;0.0
447;2023-01-13 15:45:00;0.0;22.1;22.1;22.1;22.1;22.1;0.0;0.0;4438.3;0.0;0.0;0.09;0.0;0.0;0.0;0.0;0.0;3.26;0.0
448;2023-01-13 16:00:00;0.0;22.1;22.1;22.1;22.1;22.1;0.0;0.0;4458.8;0.0;0.0;0.1;0.0;0.0;0.0;0.0;0.0;3.24;0.0
449;2023-01-13 16:15:00;0.0;22.1;22.1;22.1;22.1;22.1;0.0;0.0;4479.7;0.0;0.0;0.1;0.0;0.0;0.0;0.0;0.0;3.21;0.0
450;2023-01-13 16:30:00;0.0;22.1;22.1;22.1;22.1;22.1;0.0;0.0;4498.9;0.0;0.0;0.1;0.0;0.0;0.0;0.0;0.0;3.2;0.0
451;2023-01-13 16:45:00;0.0;22.1;22.1;22.1;22.1;22.1;0.0;0.0;4500.7;0.0;0.0;0.1;0.0;0.0;0.0;0.0;0.0;3.2;0.0
452;2023-01-13 17:00:00;0.0;22.0;22.0;22.0;22.0;22.0;0.0;0.0;4496.5;0.0;0.0;0.1;0.0;0.0;0.0;0.0;0.0;3.2;0.0
453;2023-01-13 17:15:00;0.0;22.0;22.0;22.0;22.0;22.0;0.0;0.0;4482.0;0.0;0.0;0.1;0.0;0.0;0.0;0.0;0.0;3.21;0.0
454;2023-01-13 17:30:00;0.0;22.0;22.0;22.0;22.0;22.0;0.0;0.0;4463.9;0.0;0.0;0.1;0.0;0.0;0.0;0.0;0.0;3.23;0.0
455;2023-01-13 17:45:00;0.0;22.0;22.0;22.0;22.0;22.0;0.0;0.0;4468.2;0.0;0.0;0.1;0.0;0.0;0.0;0.0;0.0;3.23;0.0
456;2023-01-13 18:00:00;0.0;22.0;22.0;22.0;22.0;22.0;0.0;0.0;4475.8;0.0;0.0;0.1;0.0;0.0;0.0;0.0;0.0;3.22;0.0
457;2023-01-13 18:15:00;0.0;22.0;22.0;22.0;22.0;22.0;0.0;0.0;4483.7;0.0;0.0;0.09;0.0;0.0;0.0;0.0;0.0;3.21;0.0
458;2023-01-13 18:30:00;0.0;22.0;22.0;22.0;22.0;22.0;0.0;0.0;4501.9;0.0;0.0;0.09;0.0;0.0;0.0;0.0;0.0;3.2;0.0
459;2023-01-13 18:45:00;0.0;22.0;22.0;22.0;22.0;22.0;0.0;0.0;4527.1;0.0;0.0;0.09;0.0;0.0;0.0;0.0;0.0;3.17;0.0
460;2023-01-13 19:00:00;0.0;21.9;21.9;21.9;21.9;21.9;0.0;0.0;4527.8;0.0;0.0;0.08;0.0;0.0;0.0;0.0;0.0;3.17;0.0
461;2023-01-13 19:15:00;0.0;21.9;21.9;21.9;21.9;21.9;0.0;0.0;4548.7;0.0;0.0;0.08;0.0;0.0;0.0;0.0;0.0;3.16;0.0
462;2023-01-13 19:30:00;0.0;21.9;21.9;21.9;21.9;21.9;0.0;0.0;4563.3;0.0;0.0;0.08;0.0;0.0;0.0;0.0;0.0;3.15;0.0
463;2023-01-13 19:45:00;0.0;21.9;21.9;21.9;21.9;21.9;0.0;0.0;4556.3;0.0;0.0;0.08;0.0;0.0;0.0;0.0;0.0;3.15;0.0
464;2023-01-13 20:00:00;0.0;21.9;21.9;21.9;21.9;21.9;0.0;0.0;4552.5;0.0;0.0;0.08;0.0;0.0;0.0;0.0;0.0;3.15;0.0
465;2023-01-13 20:15:00;0.0;21.9;21.9;21.9;21.9;21.9;0.0;0.0;4561.4;0.0;0.0;0.08;0.0;0.0;0.0;0.0;0.0;3.15;0.0
466;2023-01-13 20:30:00;0.0;21.9;21.9;21.9;21.9;21.9;0.0;0.0;4551.2;0.0;0.0;0.08;0.0;0.0;0.0;0.0;0.0;3.16;0.0
467;2023-01-13 20:45:00;0.0;21.9;21.9;21.9;21.9;21.9;0.0;0.0;4556.3;0.0;0.0;0.08;0.0;0.0;0.0;0.0;0.0;3.15;0.0
468;2023-01-13 21:00:00;0.0;21.8;21.8;21.8;21.8;21.8;0.0;0.0;4554.4;0.0;0.0;0.08;0.0;0.0;0.0;0.0;0.0;3.15;0.0
469;2023-01-13 21:15:00;0.0;21.8;21.8;21.8;21.8;21.8;0.0;0.0;4549.3;0.0;0.0;0.07;0.0;0.0;0.0;0.0;0.0;3.16;0.0
470;2023-01-13 21:30:00;0.0;21.8;21.8;21.8;21.8;21.8;0.0;0.0;4546.1;0.0;0.0;0.07;0.0;0.0;0.0;0.0;0.0;3.16;0.0
471;2023-01-13 21:45:00;0.0;21.8;21.8;21.8;21.8;21.8;0.0;0.0;4539.1;0.0;0.0;0.07;0.0;0.0;0.0;0.0;0.0;3.16;0.0
472;2023-01-13 22:00:00;0.0;21.8;21.8;21.8;21.8;21.8;0.0;0.0;4540.4;0.0;0.0;0.07;0.0;0.0;0.0;0.0;0.0;3.16;0.0
473;2023-01-13 22:15:00;0.0;21.8;21.8;21.8;21.8;21.8;0.0;0.0;4546.1;0.0;0.0;0.06;0.0;0.0;0.0;0.0;0.0;3.16;0.0
474;2023-01-13 22:30:00;0.0;21.8;21.8;21.8;21.8;21.8;0.0;0.0;4548.0;0.0;0.0;0.05;0.0;0.0;0.0;0.0;0.0;3.16;0.0
475;2023-01-13 22:45:00;0.0;21.8;21.8;21.8;21.8;21.8;0.0;0.0;4552.5;0.0;0.0;0.04;0.0;0.0;0.0;0.0;0.0;3.15;0.0
476;2023-01-13 23:00:00;0.0;21.8;21.8;21.8;21.8;21.8;0.0;0.0;4555.7;0.0;0.0;0.03;0.0;0.0;0.0;0.0;0.0;3.15;0.0
477;2023-01-13 23:15:00;0.0;21.7;21.7;21.7;21.7;21.7;0.0;0.0;4560.8;0.0;0.0;0.03;0.0;0.0;0.0;0.0;0.0;3.15;0.0
478;2023-01-13 23:30:00;0.0;21.7;21.7;21.7;21.7;21.7;0.0;0.0;4569.1;0.0;0.0;0.03;0.0;0.0;0.0;0.0;0.0;3.14;0.0
479;2023-01-13 23:45:00;0.0;21.7;21.7;21.7;21.7;21.7;0.0;0.0;4562.7;0.0;0.0;0.03;0.0;0.0;0.0;0.0;0.0;3.15;0.0
480;2023-01-14 00:00:00;0.0;21.7;21.7;21.7;21.7;21.7;0.0;0.0;4570.4;0.0;0.0;0.03;0.0;0.0;0.0;0.0;0.0;3.14;0.0
481;2023-01-14 00:15:00;0.0;21.7;21.7;21.7;21.7;21.7;0.0;0.0;4571.0;0.0;0.0;0.04;0.0;0.0;0.0;0.0;0.0;3.14;0.0
482;2023-01-14 00:30:00;0.0;21.7;21.7;21.7;21.7;21.7;0.0;0.0;4584.9;0.0;0.0;0.04;0.0;0.0;0.0;0.0;0.0;3.13;0.0
483;2023-01-14 00:45:00;0.0;21.7;21.7;21.7;21.7;21.7;0.0;0.0;4586.8;0.0;0.0;0.04;0.0;0.0;0.0;0.0;0.0;3.13;0.0
484;2023-01-14 01:00:00;0.0;21.7;21.7;21.7;21.7;21.7;0.0;0.0;4588.1;0.0;0.0;0.04;0.0;0.0;0.0;0.0;0.0;3.13;0.0
485;2023-01-14 01:15:00;0.0;21.7;21.7;21.7;21.7;21.7;0.0;0.0;4592.5;0.0;0.0;0.04;0.0;0.0;0.0;0.0;0.0;3.12;0.0
486;2023-01-14 01:30:00;0.0;21.6;21.6;21.6;21.6;21.6;0.0;0.0;4606.1;0.0;0.0;0.04;0.0;0.0;0.0;0.0;0.0;3.11;0.0
487;2023-01-14 01:45:00;0.0;21.6;21.6;21.6;21.6;21.6;0.0;0.0;4621.8;0.0;0.0;0.04;0.0;0.0;0.0;0.0;0.0;3.1;0.0
488;2023-01-14 02:00:00;0.0;21.6;21.6;21.6;21.6;21.6;0.0;0.0;4628.8;0.0;0.0;0.04;0.0;0.0;0.0;0.0;0.0;3.09;0.0
489;2023-01-14 02:15:00;0.0;21.6;21.6;21.6;21.6;21.6;0.0;0.0;4637.4;0.0;0.0;0.04;0.0;0.0;0.0;0.0;0.0;3.08;0.0
490;2023-01-14 02:30:00;0.0;21.6;21.6;21.6;21.6;21.6;0.0;0.0;4646.4;0.0;0.0;0.04;0.0;0.0;0.0;0.0;0.0;3.08;0.0
491;2023-01-14 02:45:00;0.0;21.6;21.6;21.6;21.6;21.6;0.0;0.0;4647.0;0.0;0.0;0.04;0.0;0.0;0.0;0.0;0.0;3.08;0.0
492;2023-01-14 03:00:00;0.0;21.6;21.6;21.6;21.6;21.6;0.0;0.0;4638.6;0.0;0.0;0.04;0.0;0.0;0.0;0.0;0.0;3.08;0.0
493;2023-01-14 03:15:00;0.0;21.6;21.6;21.6;21.6;21.6;0.0;0.0;4630.6;0.0;0.0;0.04;0.0;0.0;0.0;0.0;0.0;3.09;0.0
494;2023-01-14 03:30:00;0.0;21.5;21.5;21.5;21.5;21.5;0.0;0.0;4627.7;0.0;0.0;0.04;0.0;0.0;0.0;0.0;0.0;3.09;0.0
495;2023-01-14 03:45:00;0.0;21.5;21.5;21.5;21.5;21.5;0.0;0.0;4647.0;0.0;0.0;0.04;0.0;0.0;0.0;0.0;0.0;3.08;0.0
496;2023-01-14 04:00:00;0.0;21.5;21.5;21.5;21.5;21.5;0.0;0.0;4643.1;0.0;0.0;0.04;0.0;0.0;0.0;0.0;0.0;3.08;0.0
497;2023-01-14 04:15:00;0.0;21.5;21.5;21.5;21.5;21.5;0.0;0.0;4628.8;0.0;0.0;0.04;0.0;0.0;0.0;0.0;0.0;3.09;0.0
498;2023-01-14 04:30:00;0.0;21.5;21.5;21.5;21.5;21.5;0.0;0.0;4610.4;0.0;0.0;0.04;0.0;0.0;0.0;0.0;0.0;3.11;0.0
499;2023-01-14 04:45:00;0.0;21.5;21.5;21.5;21.5;21.5;0.0;0.0;4595.0;0.0;0.0;0.04;0.0;0.0;0.0;0.0;0.0;3.12;0.0
500;2023-01-14 05:00:00;0.0;21.5;21.5;21.5;21.5;21.5;0.0;0.0;4592.5;0.0;0.0;0.05;0.0;0.0;0.0;0.0;0.0;3.12;0.0
501;2023-01-14 05:15:00;0.0;21.5;21.5;21.5;21.5;21.5;0.0;0.0;4592.5;0.0;0.0;0.05;0.0;0.0;0.0;0.0;0.0;3.12;0.0
502;2023-01-14 05:30:00;0.0;21.4;21.4;21.4;21.4;21.4;0.0;0.0;4599.3;0.0;0.0;0.05;0.0;0.0;0.0;0.0;0.0;3.12;0.0
503;2023-01-14 05:45:00;0.0;22.1;22.1;22.1;22.1;22.1;0.0;0.0;4609.8;4609.8;0.06;0.05;2866.0;2866.0;2866.0;2866.0;2866.0;3.11;1.0
504;2023-01-14 06:00:00;0.0;22.7;22.7;22.7;22.7;22.7;0.0;0.0;4617.0;4617.0;0.06;0.05;2864.9;2864.9;2864.9;2864.9;2864.9;3.1;1.0
505;2023-01-14 06:15:00;0.0;23.1;23.1;23.1;23.1;23.1;0.0;0.0;4628.2;4628.2;0.06;0.05;2862.9;2862.9;2862.9;2862.9;2862.9;3.09;1.0
506;2023-01-14 06:30:00;0.0;23.5;23.5;23.5;23.5;23.5;0.0;0.0;4628.2;4628.2;0.06;0.05;2862.9;2862.9;2862.9;2862.9;2862.9;3.09;1.0
507;2023-01-14 06:45:00;0.0;23.8;23.8;23.8;23.8;23.8;0.0;0.0;4614.6;4614.6;0.06;0.05;2865.3;2865.3;2865.3;2865.3;2865.3;3.1;1.0
508;2023-01-14 07:00:00;0.0;24.1;24.1;24.1;24.1;24.1;0.0;0.0;4593.7;4593.7;0.06;0.05;2868.2;2868.2;2868.2;2868.2;2868.2;3.12;1.0
509;2023-01-14 07:15:00;0.0;24.3;24.3;24.3;24.3;24.3;0.0;0.0;4578.6;4578.6;0.06;0.05;2869.8;2869.8;2869.8;2869.8;2869.8;3.13;1.0
510;2023-01-14 07:30:00;0.0;24.5;24.5;24.5;24.5;24.5;0.0;0.0;4565.3;4565.3;0.06;0.05;2871.0;2871.0;2871.0;2871.0;2871.0;3.14;1.0
511;2023-01-14 07:45:00;0.0;24.8;24.8;24.8;24.8;24.8;0.0;0.0;4556.3;4556.3;0.06;0.05;2871.8;2871.8;2871.8;2871.8;2871.8;3.15;1.0
512;2023-01-14 08:00:00;0.0;24.3;24.3;24.3;24.3;24.3;0.0;0.0;4536.6;0.0;0.0;0.05;0.0;0.0;0.0;0.0;0.0;3.17;0.0
513;2023-01-14 08:15:00;0.0;23.9;23.9;23.9;23.9;23.9;0.0;0.0;4514.1;0.0;0.0;0.05;0.0;0.0;0.0;0.0;0.0;3.19;0.0
514;2023-01-14 08:30:00;0.0;23.7;23.7;23.7;23.7;23.7;0.0;0.0;4503.1;0.0;0.0;0.05;0.0;0.0;0.0;0.0;0.0;3.19;0.0
515;2023-01-14 08:45:00;0.0;23.5;23.5;23.5;23.5;23.5;0.0;0.0;4489.5;0.0;0.0;0.05;0.0;0.0;0.0;0.0;0.0;3.21;0.0
516;2023-01-14 09:00:00;0.0;23.3;23.3;23.3;23.3;23.3;0.0;0.0;4472.0;0.0;0.0;0.05;0.0;0.0;0.0;0.0;0.0;3.22;0.0
517;2023-01-14 09:15:00;0.0;23.2;23.2;23.2;23.2;23.2;0.0;0.0;4454.7;0.0;0.0;0.05;0.0;0.0;0.0;0.0;0.0;3.24;0.0
518;2023-01-14 09:30:00;0.0;23.1;23.1;23.1;23.1;23.1;0.0;0.0;4447.4;0.0;0.0;0.05;0.0;0.0;0.0;0.0;0.0;3.25;0.0
519;2023-01-14 09:45:00;0.0;23.0;23.0;23.0;23.0;23.0;0.0;0.0;4439.2;0.0;0.0;0.05;0.0;0.0;0.0;0.0;0.0;3.26;0.0
520;2023-01-14 10:00:00;0.0;23.0;23.0;23.0;23.0;23.0;0.0;0.0;4431.6;0.0;0.0;0.06;0.0;0.0;0.0;0.0;0.0;3.27;0.0
521;2023-01-14 10:15:00;0.0;23.0;23.0;23.0;23.0;23.0;0.0;0.0;4421.4;0.0;0.0;0.05;0.0;0.0;0.0;0.0;0.0;3.28;0.0
522;2023-01-14 10:30:00;0.0;22.9;22.9;22.9;22.9;22.9;0.0;0.0;4414.4;0.0;0.0;0.05;0.0;0.0;0.0;0.0;0.0;3.29;0.0
523;2023-01-14 10:45:00;0.0;22.9;22.9;22.9;22.9;22.9;0.0;0.0;4407.6;0.0;0.0;0.05;0.0;0.0;0.0;0.0;0.0;3.31;0.0
524;2023-01-14 11:00:00;0.0;22.9;22.9;22.9;22.9;22.9;0.0;0.0;4403.9;0.0;0.0;0.05;0.0;0.0;0.0;0.0;0.0;3.32;0.0
525;2023-01-14 11:15:00;0.0;22.9;22.9;22.9;22.9;22.9;0.0;0.0;4400.7;0.0;0.0;0.04;0.0;0.0;0.0;0.0;0.0;3.34;0.0
526;2023-01-14 11:30:00;0.0;22.9;22.9;22.9;22.9;22.9;0.0;0.0;4399.5;0.0;0.0;0.04;0.0;0.0;0.0;0.0;0.0;3.34;0.0
527;2023-01-14 11:45:00;0.0;22.9;22.9;22.9;22.9;22.9;0.0;0.0;4399.2;0.0;0.0;0.03;0.0;0.0;0.0;0.0;0.0;3.35;0.0
528;2023-01-14 12:00:00;0.0;22.8;22.8;22.8;22.8;22.8;0.0;0.0;4399.2;0.0;0.0;0.03;0.0;0.0;0.0;0.0;0.0;3.35;0.0
529;2023-01-14 12:15:00;0.0;22.8;22.8;22.8;22.8;22.8;0.0;0.0;4399.0;0.0;0.0;0.02;0.0;0.0;0.0;0.0;0.0;3.36;0.0
530;2023-01-14 12:30:00;0.0;22.8;22.8;22.8;22.8;22.8;0.0;0.0;4399.6;0.0;0.0;0.02;0.0;0.0;0.0;0.0;0.0;3.37;0.0
531;2023-01-14 12:45:00;0.0;22.8;22.8;22.8;22.8;22.8;0.0;0.0;4401.8;0.0;0.0;0.02;0.0;0.0;0.0;0.0;0.0;3.39;0.0
532;2023-01-14 13:00:00;0.0;22.8;22.8;22.8;22.8;22.8;0.0;0.0;4404.8;0.0;0.0;0.01;0.0;0.0;0.0;0.0;0.0;3.41;0.0
533;2023-01-14 13:15:00;0.0;22.8;22.8;22.8;22.8;22.8;0.0;0.0;4406.6;0.0;0.0;0.01;0.0;0.0;0.0;0.0;0.0;3.42;0.0
534;2023-01-14 13:30:00;0.0;22.8;22.8;22.8;22.8;22.8;0.0;0.0;4408.4;0.0;0.0;0.01;0.0;0.0;0.0;0.0;0.0;3.43;0.0
535;2023-01-14 13:45:00;0.0;22.8;22.8;22.8;22.8;22.8;0.0;0.0;4410.2;0.0;0.0;0.01;0.0;0.0;0.0;0.0;0.0;3.44;0.0
536;2023-01-14 14:00:00;0.0;22.8;22.8;22.8;22.8;22.8;0.0;0.0;4411.3;0.0;0.0;0.01;0.0;0.0;0.0;0.0;0.0;3.44;0.0
537;2023-01-14 14:15:00;0.0;22.8;22.8;22.8;22.8;22.8;0.0;0.0;4411.6;0.0;0.0;0.01;0.0;0.0;0.0;0.0;0.0;3.45;0.0
538;2023-01-14 14:30:00;0.0;22.8;22.8;22.8;22.8;22.8;0.0;0.0;4412.1;0.0;0.0;0.01;0.0;0.0;0.0;0.0;0.0;3.45;0.0
539;2023-01-14 14:45:00;0.0;22.7;22.7;22.7;22.7;22.7;0.0;0.0;4411.0;0.0;0.0;0.01;0.0;0.0;0.0;0.0;0.0;3.44;0.0
540;2023-01-14 15:00:00;0.0;22.7;22.7;22.7;22.7;22.7;0.0;0.0;4403.3;0.0;0.0;0.01;0.0;0.0;0.0;0.0;0.0;3.4;0.0
541;2023-01-14 15:15:00;0.0;22.7;22.7;22.7;22.7;22.7;0.0;0.0;4402.1;0.0;0.0;0.01;0.0;0.0;0.0;0.0;0.0;3.39;0.0
542;2023-01-14 15:30:00;0.0;22.7;22.7;22.7;22.7;22.7;0.0;0.0;4402.9;0.0;0.0;0.01;0.0;0.0;0.0;0.0;0.0;3.4;0.0
543;2023-01-14 15:45:00;0.0;22.7;22.7;22.7;22.7;22.7;0.0;0.0;4401.3;0.0;0.0;0.01;0.0;0.0;0.0;0.0;0.0;3.39;0.0
544;2023-01-14 16:00:00;0.0;22.7;22.7;22.7;22.7;22.7;0.0;0.0;4399.7;0.0;0.0;0.01;0.0;0.0;0.0;0.0;0.0;3.37;0.0
545;2023-01-14 16:15:00;0.0;22.7;22.7;22.7;22.7;22.7;0.0;0.0;4399.5;0.0;0.0;0.01;0.0;0.0;0.0;0.0;0.0;3.37;0.0
546;2023-01-14 16:30:00;0.0;22.7;22.7;22.7;22.7;22.7;0.0;0.0;4401.7;0.0;0.0;0.01;0.0;0.0;0.0;0.0;0.0;3.39;0.0
547;2023-01-14 16:45:00;0.0;22.6;22.6;22.6;22.6;22.6;0.0;0.0;4404.0;0.0;0.0;0.01;0.0;0.0;0.0;0.0;0.0;3.4;0.0
548;2023-01-14 17:00:00;0.0;22.6;22.6;22.6;22.6;22.6;0.0;0.0;4401.5;0.0;0.0;0.01;0.0;0.0;0.0;0.0;0.0;3.39;0.0
549;2023-01-14 17:15:00;0.0;22.6;22.6;22.6;22.6;22.6;0.0;0.0;4399.4;0.0;0.0;0.01;0.0;0.0;0.0;0.0;0.0;3.35;0.0
550;2023-01-14 17:30:00;0.0;22.6;22.6;22.6;22.6;22.6;0.0;0.0;4399.0;0.0;0.0;0.01;0.0;0.0;0.0;0.0;0.0;3.36;0.0
551;2023-01-14 17:45:00;0.0;22.6;22.6;22.6;22.6;22.6;0.0;0.0;4399.9;0.0;0.0;0.01;0.0;0.0;0.0;0.0;0.0;3.38;0.0
552;2023-01-14 18:00:00;0.0;22.6;22.6;22.6;22.6;22.6;0.0;0.0;4403.6;0.0;0.0;0.01;0.0;0.0;0.0;0.0;0.0;3.4;0.0
553;2023-01-14 18:15:00;0.0;22.6;22.6;22.6;22.6;22.6;0.0;0.0;4408.7;0.0;0.0;0.01;0.0;0.0;0.0;0.0;0.0;3.43;0.0
554;2023-01-14 18:30:00;0.0;22.6;22.6;22.6;22.6;22.6;0.0;0.0;4412.3;0.0;0.0;0.01;0.0;0.0;0.0;0.0;0.0;3.45;0.0
555;2023-01-14 18:45:00;0.0;22.6;22.6;22.6;22.6;22.6;0.0;0.0;4412.4;0.0;0.0;0.01;0.0;0.0;0.0;0.0;0.0;3.45;0.0
556;2023-01-14 19:00:00;0.0;22.6;22.6;22.6;22.6;22.6;0.0;0.0;4411.7;0.0;0.0;0.01;0.0;0.0;0.0;0.0;0.0;3.45;0.0
557;2023-01-14 19:15:00;0.0;22.5;22.5;22.5;22.5;22.5;0.0;0.0;4410.6;0.0;0.0;0.01;0.0;0.0;0.0;0.0;0.0;3.44;0.0
558;2023-01-14 19:30:00;0.0;22.5;22.5;22.5;22.5;22.5;0.0;0.0;4413.6;0.0;0.0;0.01;0.0;0.0;0.0;0.0;0.0;3.46;0.0
559;2023-01-14 19:45:00;0.0;22.5;22.5;22.5;22.5;22.5;0.0;0.0;4415.3;0.0;0.0;0.01;0.0;0.0;0.0;0.0;0.0;3.47;0.0
560;2023-01-14 20:00:00;0.0;22.5;22.5;22.5;22.5;22.5;0.0;0.0;4415.5;0.0;0.0;0.01;0.0;0.0;0.0;0.0;0.0;3.47;0.0
561;2023-01-14 20:15:00;0.0;22.5;22.5;22.5;22.5;22.5;0.0;0.0;4416.3;0.0;0.0;0.01;0.0;0.0;0.0;0.0;0.0;3.48;0.0
562;2023-01-14 20:30:00;0.0;22.5;22.5;22.5;22.5;22.5;0.0;0.0;4416.4;0.0;0.0;0.01;0.0;0.0;0.0;0.0;0.0;3.48;0.0
563;2023-01-14 20:45:00;0.0;22.5;22.5;22.5;22.5;22.5;0.0;0.0;4415.7;0.0;0.0;0.01;0.0;0.0;0.0;0.0;0.0;3.48;0.0
564;2023-01-14 21:00:00;0.0;22.5;22.5;22.5;22.5;22.5;0.0;0.0;4413.0;0.0;0.0;0.01;0.0;0.0;0.0;0.0;0.0;3.45;0.0
565;2023-01-14 21:15:00;0.0;22.5;22.5;22.5;22.5;22.5;0.0;0.0;4412.1;0.0;0.0;0.01;0.0;0.0;0.0;0.0;0.0;3.45;0.0
566;2023-01-14 21:30:00;0.0;22.5;22.5;22.5;22.5;22.5;0.0;0.0;4412.1;0.0;0.0;0.01;0.0;0.0;0.0;0.0;0.0;3.45;0.0
567;2023-01-14 21:45:00;0.0;22.5;22.5;22.5;22.5;22.5;0.0;0.0;4410.3;0.0;0.0;0.01;0.0;0.0;0.0;0.0;0.0;3.44;0.0
568;2023-01-14 22:00:00;0.0;22.4;22.4;22.4;22.4;22.4;0.0;0.0;4412.2;0.0;0.0;0.01;0.0;0.0;0.0;0.0;0.0;3.45;0.0
569;2023-01-14 22:15:00;0.0;22.4;22.4;22.4;22.4;22.4;0.0;0.0;4414.8;0.0;0.0;0.0;0.0;0.0;0.0;0.0;0.0;3.47;0.0
570;2023-01-14 22:30:00;0.0;22.4;22.4;22.4;22.4;22.4;0.0;0.0;4416.1;0.0;0.0;0.0;0.0;0.0;0.0;0.0;0.0;3.48;0.0
571;2023-01-14 22:45:00;0.0;22.4;22.4;22.4;22.4;22.4;0.0;0.0;4416.3;0.0;0.0;0.0;0.0;0.0;0.0;0.0;0.0;3.48;0.0
572;2023-01-14 23:00:00;0.0;22.4;22.4;22.4;22.4;22.4;0.0;0.0;4415.9;0.0;0.0;0.0;0.0;0.0;0.0;0.0;0.0;3.48;0.0
573;2023-01-14 23:15:00;0.0;22.4;22.4;22.4;22.4;22.4;0.0;0.0;4414.9;0.0;0.0;0.0;0.0;0.0;0.0;0.0;0.0;3.47;0.0
574;2023-01-14 23:30:00;0.0;22.4;22.4;22.4;22.4;22.4;0.0;0.0;4415.2;0.0;0.0;0.0;0.0;0.0;0.0;0.0;0.0;3.47;0.0
575;2023-01-14 23:45:00;0.0;22.4;22.4;22.4;22.4;22.4;0.0;0.0;4415.9;0.0;0.0;0.0;0.0;0.0;0.0;0.0;0.0;3.48;0.0
576;2023-01-15 00:00:00;0.0;22.4;22.4;22.4;22.4;22.4;0.0;0.0;4416.5;0.0;0.0;0.0;0.0;0.0;0.0;0.0;0.0;3.48;0.0
577;2023-01-15 00:15:00;0.0;22.4;22.4;22.4;22.4;22.4;0.0;0.0;4416.7;0.0;0.0;0.0;0.0;0.0;0.0;0.0;0.0;3.49;0.0
578;2023-01-15 00:30:00;0.0;22.4;22.4;22.4;22.4;22.4;0.0;0.0;4416.7;0.0;0.0;0.0;0.0;0.0;0.0;0.0;0.0;3.51;0.0
579;2023-01-15 00:45:00;0.0;22.4;22.4;22.4;22.4;22.4;0.0;0.0;4416.2;0.0;0.0;0.0;0.0;0.0;0.0;0.0;0.0;3.52;0.0
580;2023-01-15 01:00:00;0.0;22.3;22.3;22.3;22.3;22.3;0.0;0.0;4416.9;0.0;0.0;0.0;0.0;0.0;0.0;0.0;0.0;3.51;0.0
581;2023-01-15 01:15:00;0.0;22.3;22.3;22.3;22.3;22.3;0.0;0.0;4416.1;0.0;0.0;0.0;0.0;0.0;0.0;0.0;0.0;3.48;0.0
582;2023-01-15 01:30:00;0.0;22.3;22.3;22.3;22.3;22.3;0.0;0.0;4413.2;0.0;0.0;0.0;0.0;0.0;0.0;0.0;0.0;3.46;0.0
583;2023-01-15 01:45:00;0.0;22.3;22.3;22.3;22.3;22.3;0.0;0.0;4410.6;0.0;0.0;0.0;0.0;0.0;0.0;0.0;0.0;3.44;0.0
584;2023-01-15 02:00:00;0.0;22.3;22.3;22.3;22.3;22.3;0.0;0.0;4411.0;0.0;0.0;0.0;0.0;0.0;0.0;0.0;0.0;3.44;0.0
585;2023-01-15 02:15:00;0.0;22.3;22.3;22.3;22.3;22.3;0.0;0.0;4410.7;0.0;0.0;0.0;0.0;0.0;0.0;0.0;0.0;3.44;0.0
586;2023-01-15 02:30:00;0.0;22.3;22.3;22.3;22.3;22.3;0.0;0.0;4414.3;0.0;0.0;0.0;0.0;0.0;0.0;0.0;0.0;3.46;0.0
587;2023-01-15 02:45:00;0.0;22.3;22.3;22.3;22.3;22.3;0.0;0.0;4415.0;0.0;0.0;0.0;0.0;0.0;0.0;0.0;0.0;3.47;0.0
588;2023-01-15 03:00:00;0.0;22.3;22.3;22.3;22.3;22.3;0.0;0.0;4415.4;0.0;0.0;0.0;0.0;0.0;0.0;0.0;0.0;3.47;0.0
589;2023-01-15 03:15:00;0.0;22.3;22.3;22.3;22.3;22.3;0.0;0.0;4416.8;0.0;0.0;0.0;0.0;0.0;0.0;0.0;0.0;3.49;0.0
590;2023-01-15 03:30:00;0.0;22.3;22.3;22.3;22.3;22.3;0.0;0.0;4417.0;0.0;0.0;0.0;0.0;0.0;0.0;0.0;0.0;3.5;0.0
591;2023-01-15 03:45:00;0.0;22.2;22.2;22.2;22.2;22.2;0.0;0.0;4413.3;0.0;0.0;0.0;0.0;0.0;0.0;0.0;0.0;3.46;0.0
592;2023-01-15 04:00:00;0.0;22.2;22.2;22.2;22.2;22.2;0.0;0.0;4399.9;0.0;0.0;0.0;0.0;0.0;0.0;0.0;0.0;3.34;0.0
593;2023-01-15 04:15:00;0.0;22.2;22.2;22.2;22.2;22.2;0.0;0.0;4433.2;0.0;0.0;0.0;0.0;0.0;0.0;0.0;0.0;3.26;0.0
594;2023-01-15 04:30:00;0.0;22.2;22.2;22.2;22.2;22.2;0.0;0.0;4454.2;0.0;0.0;0.0;0.0;0.0;0.0;0.0;0.0;3.24;0.0
595;2023-01-15 04:45:00;0.0;22.2;22.2;22.2;22.2;22.2;0.0;0.0;4470.9;0.0;0.0;0.0;0.0;0.0;0.0;0.0;0.0;3.22;0.0
596;2023-01-15 05:00:00;0.0;22.2;22.2;22.2;22.2;22.2;0.0;0.0;4493.0;0.0;0.0;0.0;0.0;0.0;0.0;0.0;0.0;3.2;0.0
597;2023-01-15 05:15:00;0.0;22.2;22.2;22.2;22.2;22.2;0.0;0.0;4512.9;0.0;0.0;0.0;0.0;0.0;0.0;0.0;0.0;3.19;0.0
598;2023-01-15 05:30:00;0.0;22.1;22.1;22.1;22.1;22.1;0.0;0.0;4532.8;0.0;0.0;0.0;0.0;0.0;0.0;0.0;0.0;3.17;0.0
599;2023-01-15 05:45:00;0.0;22.1;22.1;22.1;22.1;22.1;0.0;0.0;4564.6;0.0;0.0;0.0;0.0;0.0;0.0;0.0;0.0;3.14;0.0
600;2023-01-15 06:00:00;0.0;22.1;22.1;22.1;22.1;22.1;0.0;0.0;4584.3;0.0;0.0;0.0;0.0;0.0;0.0;0.0;0.0;3.13;0.0
601;2023-01-15 06:15:00;0.0;22.1;22.1;22.1;22.1;22.1;0.0;0.0;4609.8;0.0;0.0;0.0;0.0;0.0;0.0;0.0;0.0;3.11;0.0
602;2023-01-15 06:30:00;0.0;22.1;22.1;22.1;22.1;22.1;0.0;0.0;4615.8;0.0;0.0;0.01;0.0;0.0;0.0;0.0;0.0;3.1;0.0
603;2023-01-15 06:45:00;0.0;22.1;22.1;22.1;22.1;22.1;0.0;0.0;4620.6;0.0;0.0;0.01;0.0;0.0;0.0;0.0;0.0;3.1;0.0
604;2023-01-15 07:00:00;0.0;22.1;22.1;22.1;22.1;22.1;0.0;0.0;4628.2;0.0;0.0;0.01;0.0;0.0;0.0;0.0;0.0;3.09;0.0
605;2023-01-15 07:15:00;0.0;22.0;22.0;22.0;22.0;22.0;0.0;0.0;4638.6;0.0;0.0;0.01;0.0;0.0;0.0;0.0;0.0;3.08;0.0
606;2023-01-15 07:30:00;0.0;22.0;22.0;22.0;22.0;22.0;0.0;0.0;4650.8;0.0;0.0;0.01;0.0;0.0;0.0;0.0;0.0;3.07;0.0
607;2023-01-15 07:45:00;0.0;22.0;22.0;22.0;22.0;22.0;0.0;0.0;4669.4;0.0;0.0;0.01;0.0;0.0;0.0;0.0;0.0;3.05;0.0
608;2023-01-15 08:00:00;0.0;22.0;22.0;22.0;22.0;22.0;0.0;0.0;4679.0;0.0;0.0;0.01;0.0;0.0;0.0;0.0;0.0;3.04;0.0
609;2023-01-15 08:15:00;0.0;22.0;22.0;22.0;22.0;22.0;0.0;0.0;4670.4;0.0;0.0;0.01;0.0;0.0;0.0;0.0;0.0;3.05;0.0
610;2023-01-15 08:30:00;0.0;22.0;22.0;22.0;22.0;22.0;0.0;0.0;4668.9;0.0;0.0;0.01;0.0;0.0;0.0;0.0;0.0;3.05;0.0
611;2023-01-15 08:45:00;0.0;22.0;22.0;22.0;22.0;22.0;0.0;0.0;4678.0;0.0;0.0;0.01;0.0;0.0;0.0;0.0;0.0;3.04;0.0
612;2023-01-15 09:00:00;0.0;22.0;22.0;22.0;22.0;22.0;0.0;0.0;4692.7;0.0;0.0;0.01;0.0;0.0;0.0;0.0;0.0;3.03;0.0
613;2023-01-15 09:15:00;0.0;21.9;21.9;21.9;21.9;21.9;0.0;0.0;4710.1;0.0;0.0;0.01;0.0;0.0;0.0;0.0;0.0;3.01;0.0
614;2023-01-15 09:30:00;0.0;21.9;21.9;21.9;21.9;21.9;0.0;0.0;4718.4;0.0;0.0;0.01;0.0;0.0;0.0;0.0;0.0;3.0;0.0
615;2023-01-15 09:45:00;0.0;21.9;21.9;21.9;21.9;21.9;0.0;0.0;4728.7;0.0;0.0;0.01;0.0;0.0;0.0;0.0;0.0;2.99;0.0
616;2023-01-15 10:00:00;0.0;21.9;21.9;21.9;21.9;21.9;0.0;0.0;4732.4;0.0;0.0;0.01;0.0;0.0;0.0;0.0;0.0;2.98;0.0
617;2023-01-15 10:15:00;0.0;21.9;21.9;21.9;21.9;21.9;0.0;0.0;4735.9;0.0;0.0;0.01;0.0;0.0;0.0;0.0;0.0;2.98;0.0
618;2023-01-15 10:30:00;0.0;21.9;21.9;21.9;21.9;21.9;0.0;0.0;4738.6;0.0;0.0;0.01;0.0;0.0;0.0;0.0;0.0;2.97;0.0
619;2023-01-15 10:45:00;0.0;21.9;21.9;21.9;21.9;21.9;0.0;0.0;4738.2;0.0;0.0;0.01;0.0;0.0;0.0;0.0;0.0;2.97;0.0
620;2023-01-15 11:00:00;0.0;21.9;21.9;21.9;21.9;21.9;0.0;0.0;4733.5;0.0;0.0;0.01;0.0;0.0;0.0;0.0;0.0;2.98;0.0
621;2023-01-15 11:15:00;0.0;21.9;21.9;21.9;21.9;21.9;0.0;0.0;4739.8;0.0;0.0;0.01;0.0;0.0;0.0;0.0;0.0;2.97;0.0
622;2023-01-15 11:30:00;0.0;21.9;21.9;21.9;21.9;21.9;0.0;0.0;4754.0;0.0;0.0;0.0;0.0;0.0;0.0;0.0;0.0;2.95;0.0
623;2023-01-15 11:45:00;0.0;21.9;21.9;21.9;21.9;21.9;0.0;0.0;4763.4;0.0;0.0;0.0;0.0;0.0;0.0;0.0;0.0;2.93;0.0
624;2023-01-15 12:00:00;0.0;21.9;21.9;21.9;21.9;21.9;0.0;0.0;4764.4;0.0;0.0;0.0;0.0;0.0;0.0;0.0;0.0;2.93;0.0
625;2023-01-15 12:15:00;0.0;21.9;21.9;21.9;21.9;21.9;0.0;0.0;4750.5;0.0;0.0;0.0;0.0;0.0;0.0;0.0;0.0;2.95;0.0
626;2023-01-15 12:30:00;0.0;21.9;21.9;21.9;21.9;21.9;0.0;0.0;4742.4;0.0;0.0;0.0;0.0;0.0;0.0;0.0;0.0;2.97;0.0
627;2023-01-15 12:45:00;0.0;21.9;21.9;21.9;21.9;21.9;0.0;0.0;4722.2;0.0;0.0;0.0;0.0;0.0;0.0;0.0;0.0;2.99;0.0
628;2023-01-15 13:00:00;0.0;21.9;21.9;21.9;21.9;21.9;0.0;0.0;4667.3;0.0;0.0;0.0;0.0;0.0;0.0;0.0;0.0;3.06;0.0
629;2023-01-15 13:15:00;0.0;22.0;22.0;22.0;22.0;22.0;0.0;0.0;4635.2;0.0;0.0;0.0;0.0;0.0;0.0;0.0;0.0;3.09;0.0
630;2023-01-15 13:30:00;0.0;22.0;22.0;22.0;22.0;22.0;0.0;0.0;4632.9;0.0;0.0;0.0;0.0;0.0;0.0;0.0;0.0;3.09;0.0
631;2023-01-15 13:45:00;0.0;22.0;22.0;22.0;22.0;22.0;0.0;0.0;4647.5;0.0;0.0;0.0;0.0;0.0;0.0;0.0;0.0;3.08;0.0
632;2023-01-15 14:00:00;0.0;22.0;22.0;22.0;22.0;22.0;0.0;0.0;4657.3;0.0;0.0;0.0;0.0;0.0;0.0;0.0;0.0;3.07;0.0
633;2023-01-15 14:15:00;0.0;21.9;21.9;21.9;21.9;21.9;0.0;0.0;4668.4;0.0;0.0;0.0;0.0;0.0;0.0;0.0;0.0;3.05;0.0
634;2023-01-15 14:30:00;0.0;21.9;21.9;21.9;21.9;21.9;0.0;0.0;4665.2;0.0;0.0;0.0;0.0;0.0;0.0;0.0;0.0;3.06;0.0
635;2023-01-15 14:45:00;0.0;21.9;21.9;21.9;21.9;21.9;0.0;0.0;4693.6;0.0;0.0;0.0;0.0;0.0;0.0;0.0;0.0;3.03;0.0
636;2023-01-15 15:00:00;0.0;21.9;21.9;21.9;21.9;21.9;0.0;0.0;4691.7;0.0;0.0;0.0;0.0;0.0;0.0;0.0;0.0;3.03;0.0
637;2023-01-15 15:15:00;0.0;21.8;21.8;21.8;21.8;21.8;0.0;0.0;4685.0;0.0;0.0;0.0;0.0;0.0;0.0;0.0;0.0;3.04;0.0
638;2023-01-15 15:30:00;0.0;21.8;21.8;21.8;21.8;21.8;0.0;0.0;4677.5;0.0;0.0;0.0;0.0;0.0;0.0;0.0;0.0;3.05;0.0
639;2023-01-15 15:45:00;0.0;21.8;21.8;21.8;21.8;21.8;0.0;0.0;4669.9;0.0;0.0;0.0;0.0;0.0;0.0;0.0;0.0;3.05;0.0
640;2023-01-15 16:00:00;0.0;21.8;21.8;21.8;21.8;21.8;0.0;0.0;4654.6;0.0;0.0;0.0;0.0;0.0;0.0;0.0;0.0;3.07;0.0
641;2023-01-15 16:15:00;0.0;21.8;21.8;21.8;21.8;21.8;0.0;0.0;4647.5;0.0;0.0;0.01;0.0;0.0;0.0;0.0;0.0;3.08;0.0
642;2023-01-15 16:30:00;0.0;21.7;21.7;21.7;21.7;21.7;0.0;0.0;4645.3;0.0;0.0;0.01;0.0;0.0;0.0;0.0;0.0;3.08;0.0
643;2023-01-15 16:45:00;0.0;22.4;22.4;22.4;22.4;22.4;0.0;0.0;4650.3;4650.3;0.02;0.02;2857.7;2857.7;2857.7;2857.7;2857.7;3.07;1.0
644;2023-01-15 17:00:00;0.0;22.9;22.9;22.9;22.9;22.9;0.0;0.0;4655.1;4655.1;0.03;0.03;2856.4;2856.4;2856.4;2856.4;2856.4;3.07;1.0
645;2023-01-15 17:15:00;0.0;23.4;23.4;23.4;23.4;23.4;0.0;0.0;4654.6;4654.6;0.03;0.03;2856.5;2856.5;2856.5;2856.5;2856.5;3.07;1.0
646;2023-01-15 17:30:00;0.0;23.7;23.7;23.7;23.7;23.7;0.0;0.0;4654.6;4654.6;0.03;0.03;2856.5;2856.5;2856.5;2856.5;2856.5;3.07;1.0
647;2023-01-15 17:45:00;0.0;24.1;24.1;24.1;24.1;24.1;0.0;0.0;4654.6;4654.6;0.03;0.03;2856.5;2856.5;2856.5;2856.5;2856.5;3.07;1.0
648;2023-01-15 18:00:00;0.0;24.3;24.3;24.3;24.3;24.3;0.0;0.0;4655.7;4655.7;0.03;0.03;2856.2;2856.2;2856.2;2856.2;2856.2;3.07;1.0
649;2023-01-15 18:15:00;0.0;24.6;24.6;24.6;24.6;24.6;0.0;0.0;4656.8;4656.8;0.03;0.02;2855.9;2855.9;2855.9;2855.9;2855.9;3.07;1.0
650;2023-01-15 18:30:00;0.0;24.1;24.1;24.1;24.1;24.1;0.0;0.0;4662.6;0.0;0.0;0.02;0.0;0.0;0.0;0.0;0.0;3.06;0.0
651;2023-01-15 18:45:00;0.0;23.8;23.8;23.8;23.8;23.8;0.0;0.0;4669.4;0.0;0.0;0.02;0.0;0.0;0.0;0.0;0.0;3.05;0.0
652;2023-01-15 19:00:00;0.0;23.5;23.5;23.5;23.5;23.5;0.0;0.0;4674.5;0.0;0.0;0.01;0.0;0.0;0.0;0.0;0.0;3.05;0.0
653;2023-01-15 19:15:00;0.0;23.3;23.3;23.3;23.3;23.3;0.0;0.0;4677.5;0.0;0.0;0.01;0.0;0.0;0.0;0.0;0.0;3.05;0.0
654;2023-01-15 19:30:00;0.0;23.2;23.2;23.2;23.2;23.2;0.0;0.0;4677.5;0.0;0.0;0.02;0.0;0.0;0.0;0.0;0.0;3.05;0.0
655;2023-01-15 19:45:00;0.0;23.0;23.0;23.0;23.0;23.0;0.0;0.0;4683.0;0.0;0.0;0.02;0.0;0.0;0.0;0.0;0.0;3.04;0.0
656;2023-01-15 20:00:00;0.0;23.0;23.0;23.0;23.0;23.0;0.0;0.0;4689.3;0.0;0.0;0.02;0.0;0.0;0.0;0.0;0.0;3.03;0.0
657;2023-01-15 20:15:00;0.0;22.9;22.9;22.9;22.9;22.9;0.0;0.0;4689.3;0.0;0.0;0.02;0.0;0.0;0.0;0.0;0.0;3.03;0.0
658;2023-01-15 20:30:00;0.0;22.8;22.8;22.8;22.8;22.8;0.0;0.0;4701.1;0.0;0.0;0.03;0.0;0.0;0.0;0.0;0.0;3.02;0.0
659;2023-01-15 20:45:00;0.0;22.8;22.8;22.8;22.8;22.8;0.0;0.0;4710.5;0.0;0.0;0.03;0.0;0.0;0.0;0.0;0.0;3.01;0.0
660;2023-01-15 21:00:00;0.0;22.7;22.7;22.7;22.7;22.7;0.0;0.0;4719.2;0.0;0.0;0.03;0.0;0.0;0.0;0.0;0.0;3.0;0.0
661;2023-01-15 21:15:00;0.0;22.7;22.7;22.7;22.7;22.7;0.0;0.0;4721.7;0.0;0.0;0.03;0.0;0.0;0.0;0.0;0.0;2.99;0.0
662;2023-01-15 21:30:00;0.0;22.7;22.7;22.7;22.7;22.7;0.0;0.0;4719.6;0.0;0.0;0.03;0.0;0.0;0.0;0.0;0.0;3.0;0.0
663;2023-01-15 21:45:00;0.0;22.7;22.7;22.7;22.7;22.7;0.0;0.0;4718.8;0.0;0.0;0.04;0.0;0.0;0.0;0.0;0.0;3.0;0.0
664;2023-01-15 22:00:00;0.0;22.6;22.6;22.6;22.6;22.6;0.0;0.0;4724.2;0.0;0.0;0.04;0.0;0.0;0.0;0.0;0.0;2.99;0.0
665;2023-01-15 22:15:00;0.0;22.6;22.6;22.6;22.6;22.6;0.0;0.0;4722.2;0.0;0.0;0.04;0.0;0.0;0.0;0.0;0.0;2.99;0.0
666;2023-01-15 22:30:00;0.0;22.6;22.6;22.6;22.6;22.6;0.0;0.0;4720.9;0.0;0.0;0.05;0.0;0.0;0.0;0.0;0.0;3.0;0.0
667;2023-01-15 22:45:00;0.0;22.6;22.6;22.6;22.6;22.6;0.0;0.0;4720.1;0.0;0.0;0.05;0.0;0.0;0.0;0.0;0.0;3.0;0.0
668;2023-01-15 23:00:00;0.0;22.6;22.6;22.6;22.6;22.6;0.0;0.0;4721.3;0.0;0.0;0.06;0.0;0.0;0.0;0.0;0.0;2.99;0.0
669;2023-01-15 23:15:00;0.0;22.5;22.5;22.5;22.5;22.5;0.0;0.0;4713.2;0.0;0.0;0.06;0.0;0.0;0.0;0.0;0.0;3.0;0.0
670;2023-01-15 23:30:00;0.0;22.5;22.5;22.5;22.5;22.5;0.0;0.0;4719.6;0.0;0.0;0.06;0.0;0.0;0.0;0.0;0.0;3.0;0.0
671;2023-01-15 23:45:00;0.0;22.5;22.5;22.5;22.5;22.5;0.0;0.0;4730.4;0.0;0.0;0.06001;0.0;0.0;0.0;0.0;0.0;2.98;0.0
