,timestamp,costs_[cent],heat_pump_electrical_power_[watt],heat_pump_modulation_degree,price_factor,room_1_air_temperature_[degree_celsius],room_1_heat_flow_[watt],room_2_air_temperature_[degree_celsius],room_2_heat_flow_[watt],room_3_air_temperature_[degree_celsius],room_3_heat_flow_[watt],room_4_air_temperature_[degree_celsius],room_4_heat_flow_[watt],room_5_air_temperature_[degree_celsius],room_5_heat_flow_[watt],storage_1,storage_2,storage_3,storage_4,storage_5,storage_average,storage_factor,storage_total,thermal_discomfort_[kelvin]
0,2022-06-20 00:00:00+00:00,0.0,0.0,0.0,0.38,26.0,0.0,26.0,0.0,26.0,0.0,26.0,0.0,26.0,0.0,1.0,1.0,1.0,1.0,1.0,0.5,0.0,2.5,0.0
1,2022-06-20 00:15:00+00:00,0.0,0.0,0.0,0.38,26.0,0.0,26.0,0.0,26.0,0.0,25.9,0.0,25.9,0.0,1.0,1.0,1.0,1.0,1.0,0.75,0.0,3.75,0.0
2,2022-06-20 00:30:00+00:00,0.0,0.0,0.0,0.38,26.0,0.0,26.0,0.0,26.0,0.0,25.9,0.0,25.9,0.0,1.0,1.0,1.0,1.0,1.0,0.76,0.0,3.8,0.0
3,2022-06-20 00:45:00+00:00,0.0,0.0,0.0,0.38,25.9,0.0,25.9,0.0,25.9,0.0,25.9,0.0,25.8,0.0,1.0,1.0,1.0,1.0,1.0,0.76,0.0,3.8,0.0
4,2022-06-20 01:00:00+00:00,0.0,0.0,0.0,0.46,25.9,0.0,25.9,0.0,25.9,0.0,25.8,0.0,25.8,0.0,1.0,1.0,1.0,1.0,1.0,0.78,0.0,3.9,0.0
5,2022-06-20 01:15:00+00:00,0.0,0.0,0.0,0.46,25.8,0.0,25.8,0.0,25.8,0.0,25.7,0.0,25.7,0.0,1.0,1.0,1.0,1.0,1.0,0.79,0.0,3.93,0.0
6,2022-06-20 01:30:00+00:00,0.0,0.0,0.0,0.46,25.8,0.0,25.8,0.0,25.8,0.0,25.7,0.0,25.6,0.0,1.0,1.0,1.0,1.0,1.0,0.81,0.0,4.05,0.0
7,2022-06-20 01:45:00+00:00,0.0,0.0,0.0,0.46,25.8,0.0,25.8,0.0,25.8,0.0,25.6,0.0,25.6,0.0,1.0,1.0,1.0,1.0,1.0,0.81,0.0,4.07,0.0
8,2022-06-20 02:00:00+00:00,0.0,0.0,0.0,0.58,25.7,0.0,25.7,0.0,25.7,0.0,25.6,0.0,25.5,0.0,1.0,1.0,1.0,1.0,1.0,0.82,0.0,4.1,0.0
9,2022-06-20 02:15:00+00:00,0.0,0.0,0.0,0.58,25.7,0.0,25.7,0.0,25.7,0.0,25.5,0.0,25.4,0.0,1.0,1.0,1.0,1.0,1.0,0.84,0.0,4.2,0.0
10,2022-06-20 02:30:00+00:00,0.0,0.0,0.0,0.58,25.6,0.0,25.6,0.0,25.6,0.0,25.5,0.0,25.4,0.0,1.0,1.0,1.0,1.0,1.0,0.85,0.0,4.25,0.0
11,2022-06-20 02:45:00+00:00,0.0,0.0,0.0,0.58,25.6,0.0,25.6,0.0,25.6,0.0,25.4,0.0,25.3,0.0,1.0,1.0,1.0,1.0,1.0,0.86,0.0,4.32,0.0
12,2022-06-20 03:00:00+00:00,0.0,0.0,0.0,0.75,25.6,0.0,25.6,0.0,25.6,0.0,25.4,0.0,25.3,0.0,1.0,1.0,1.0,1.0,1.0,0.87,0.0,4.37,0.0
13,2022-06-20 03:15:00+00:00,0.0,0.0,0.0,0.75,25.6,0.0,25.6,0.0,25.6,0.0,25.4,0.0,25.2,0.0,1.0,1.0,1.0,1.0,1.0,0.87,0.0,4.37,0.0
14,2022-06-20 03:30:00+00:00,0.0,0.0,0.0,0.75,25.5,0.0,25.5,0.0,25.5,0.0,25.3,0.0,25.2,0.0,1.0,1.0,1.0,1.0,1.0,0.88,0.0,4.4,0.0
15,2022-06-20 03:45:00+00:00,0.0,0.0,0.0,0.75,25.5,0.0,25.5,0.0,25.5,0.0,25.3,0.0,25.1,0.0,1.0,1.0,1.0,1.0,1.0,0.9,0.0,4.5,0.0
16,2022-06-20 04:00:00+00:00,0.0,0.0,0.0,0.75,25.5,0.0,25.5,0.0,25.5,0.0,25.2,0.0,25.1,0.0,1.0,1.0,1.0,1.0,1.0,0.9,0.0,4.52,0.0
17,2022-06-20 04:15:00+00:00,0.0,0.0,0.0,0.75,25.5,0.0,25.5,0.0,25.5,0.0,25.2,0.0,25.0,0.0,1.0,1.0,1.0,1.0,1.0,0.91,0.0,4.55,0.0
18,2022-06-20 04:30:00+00:00,0.0,0.0,0.0,0.75,25.5,0.0,25.5,0.0,25.4,0.0,25.1,0.0,25.0,0.0,1.0,1.0,1.0,1.0,1.0,0.92,0.0,4.58,0.0
19,2022-06-20 04:45:00+00:00,0.0,0.0,0.0,0.75,25.4,0.0,25.4,0.0,25.4,0.0,25.1,0.0,25.0,0.0,1.0,1.0,1.0,1.0,1.0,0.92,0.0,4.62,0.0
20,2022-06-20 05:00:00+00:00,0.0,0.0,0.0,0.62,25.4,0.0,25.4,0.0,25.4,0.0,25.1,0.0,24.9,0.0,1.0,1.0,1.0,1.0,1.0,0.94,0.0,4.68,0.0
21,2022-06-20 05:15:00+00:00,0.0,0.0,0.0,0.62,25.4,0.0,25.4,0.0,25.4,0.0,25.0,0.0,24.9,0.0,1.0,1.0,1.0,1.0,1.0,0.94,0.0,4.68,0.0
22,2022-06-20 05:30:00+00:00,0.0,0.0,0.0,0.62,25.4,0.0,25.4,0.0,25.4,0.0,25.0,0.0,24.9,0.0,1.0,1.0,1.0,1.0,1.0,0.94,0.0,4.7,0.0
23,2022-06-20 05:45:00+00:00,0.0,0.0,0.0,0.62,25.4,0.0,25.4,0.0,25.3,0.0,25.0,0.0,24.8,0.0,1.0,1.0,1.0,1.0,1.0,0.94,0.0,4.7,0.0
24,2022-06-20 06:00:00+00:00,0.0,0.0,0.0,0.58,25.4,0.0,25.4,0.0,25.3,0.0,25.0,0.0,24.8,0.0,1.0,1.0,1.0,1.0,1.0,0.94,0.0,4.73,0.0
25,2022-06-20 06:15:00+00:00,0.0,0.0,0.0,0.58,25.4,0.0,25.4,0.0,25.3,0.0,25.0,0.0,24.8,0.0,1.0,1.0,1.0,1.0,1.0,0.94,0.0,4.73,0.0
26,2022-06-20 06:30:00+00:00,0.0,0.0,0.0,0.58,25.4,0.0,25.4,0.0,25.4,0.0,25.0,0.0,24.8,0.0,1.0,1.0,1.0,1.0,1.0,0.94,0.0,4.73,0.0
27,2022-06-20 06:45:00+00:00,0.0,0.0,0.0,0.58,25.4,0.0,25.4,0.0,25.4,0.0,25.0,0.0,24.8,0.0,1.0,1.0,1.0,1.0,1.0,0.94,0.0,4.7,0.0
28,2022-06-20 07:00:00+00:00,0.0,0.0,0.0,0.58,25.5,0.0,25.5,0.0,25.4,0.0,25.1,0.0,24.9,0.0,1.0,1.0,1.0,1.0,1.0,0.94,0.0,4.7,0.0
29,2022-06-20 07:15:00+00:00,0.0,0.0,0.0,0.58,25.6,0.0,25.6,0.0,25.5,0.0,25.1,0.0,24.9,0.0,1.0,1.0,1.0,1.0,1.0,0.92,0.0,4.62,0.0
30,2022-06-20 07:30:00+00:00,0.0,0.0,0.0,0.58,25.7,0.0,25.7,0.0,25.6,0.0,25.2,0.0,25.0,0.0,1.0,1.0,1.0,1.0,1.0,0.91,0.0,4.55,0.0
31,2022-06-20 07:45:00+00:00,0.0,0.0,0.0,0.58,25.7,0.0,25.7,0.0,25.6,0.0,25.2,0.0,25.1,0.0,1.0,1.0,1.0,1.0,1.0,0.89,0.0,4.45,0.0
32,2022-06-20 08:00:00+00:00,0.0,0.0,0.0,0.75,25.7,0.0,25.7,0.0,25.6,0.0,25.2,0.0,25.0,0.0,1.0,1.0,1.0,1.0,1.0,0.66,0.0,3.3,0.0
33,2022-06-20 08:15:00+00:00,0.0,0.0,0.0,0.75,25.8,0.0,25.8,0.0,25.7,0.0,25.3,0.0,25.1,0.0,1.0,1.0,1.0,1.0,1.0,0.67,0.0,3.33,0.0
34,2022-06-20 08:30:00+00:00,0.0,0.0,0.0,0.75,25.8,0.0,25.8,0.0,25.6,0.0,25.3,0.0,25.1,0.0,1.0,1.0,1.0,1.0,1.0,0.64,0.0,3.2,0.0
35,2022-06-20 08:45:00+00:00,0.0,0.0,0.0,0.75,25.9,0.0,25.9,0.0,25.7,0.0,25.4,0.0,25.2,0.0,1.0,1.0,1.0,1.0,1.0,0.65,0.0,3.23,0.0
36,2022-06-20 09:00:00+00:00,0.0,0.0,0.0,0.83,26.0,0.0,26.0,0.0,25.8,0.0,25.5,0.0,25.4,0.0,1.0,1.0,1.0,1.0,1.0,0.62,0.0,3.1,0.0
37,2022-06-20 09:15:00+00:00,0.0,0.0,0.0,0.83,26.1,0.0,26.1,0.0,25.9,0.0,25.6,0.0,25.4,0.0,1.0,1.0,1.0,1.0,1.0,0.59,0.0,2.95,0.0
38,2022-06-20 09:30:00+00:00,0.0,0.0,0.0,0.83,26.1,0.0,26.1,0.0,25.9,0.0,25.6,0.0,25.4,0.0,1.0,1.0,1.0,1.0,1.0,0.57,0.0,2.85,0.0
39,2022-06-20 09:45:00+00:00,0.0,0.0,0.0,0.83,26.1,0.0,26.1,0.0,25.9,0.0,25.7,0.0,25.5,0.0,1.0,1.0,1.0,1.0,1.0,0.57,0.0,2.85,0.0
40,2022-06-20 10:00:00+00:00,0.0,0.0,0.0,0.88,26.2,0.0,26.2,0.0,26.0,0.0,25.7,0.0,25.6,0.0,1.0,1.0,1.0,1.0,1.0,0.56,0.0,2.8,0.0
41,2022-06-20 10:15:00+00:00,0.0,0.0,0.0,0.88,26.3,0.0,26.3,0.0,26.0,0.0,25.8,0.0,25.6,0.0,0.95,0.95,1.0,1.0,1.0,0.54,0.02,2.7,0.0
42,2022-06-20 10:30:00+00:00,0.0,0.0,0.0,0.88,26.4,0.0,26.4,0.0,26.1,0.0,25.9,0.0,25.7,0.0,0.9,0.9,1.0,1.0,1.0,0.53,0.04,2.63,0.0
43,2022-06-20 10:45:00+00:00,0.0,0.0,0.0,0.88,26.4,0.0,26.4,0.0,26.2,0.0,26.0,0.0,25.8,0.0,0.85,0.85,1.0,1.0,1.0,0.5,0.06,2.5,0.0
44,2022-06-20 11:00:00+00:00,0.0,0.0,0.0,0.96,26.5,0.0,26.5,0.0,26.3,0.0,26.1,0.0,25.9,0.0,0.85,0.85,0.95,1.0,1.0,0.49,0.07,2.43,0.0
45,2022-06-20 11:15:00+00:00,0.0,0.0,0.0,0.96,26.5,0.0,26.5,0.0,26.3,0.0,26.1,0.0,25.9,0.0,0.8,0.8,0.9,1.0,1.0,0.46,0.1,2.3,0.0
46,2022-06-20 11:30:00+00:00,0.0,0.0,0.0,0.96,26.5,0.0,26.5,0.0,26.2,0.0,26.0,0.0,25.9,0.0,0.8,0.8,0.9,1.0,1.0,0.46,0.1,2.3,0.0
47,2022-06-20 11:45:00+00:00,0.0,0.0,0.0,0.96,26.5,0.0,26.5,0.0,26.2,0.0,26.0,0.0,25.9,0.0,0.8,0.8,0.95,1.0,1.0,0.47,0.09,2.35,0.0
48,2022-06-20 12:00:00+00:00,0.0,0.0,0.0,1.0,26.5,0.0,26.5,0.0,26.3,0.0,26.1,0.0,25.9,0.0,0.8,0.8,0.95,1.0,1.0,0.47,0.09,2.35,0.0
49,2022-06-20 12:15:00+00:00,0.0,0.0,0.0,1.0,26.6,0.0,26.6,0.0,26.3,0.0,26.1,0.0,25.9,0.0,0.8,0.8,0.9,1.0,1.0,0.46,0.1,2.3,0.0
50,2022-06-20 12:30:00+00:00,0.0,0.0,0.0,1.0,26.6,0.0,26.6,0.0,26.4,0.0,26.2,0.0,26.0,0.0,0.75,0.75,0.9,1.0,1.0,0.45,0.12,2.25,0.0
51,2022-06-20 12:45:00+00:00,0.0,0.0,0.0,1.0,26.7,0.0,26.7,0.0,26.4,0.0,26.2,0.0,26.0,0.0,0.75,0.75,0.85,0.95,1.0,0.44,0.14,2.18,0.0
52,2022-06-20 13:00:00+00:00,0.0,0.0,0.0,0.96,26.7,0.0,26.7,0.0,26.4,0.0,26.2,0.0,26.0,0.0,0.7,0.7,0.85,0.95,1.0,0.43,0.16,2.13,0.0
53,2022-06-20 13:15:00+00:00,0.0,0.0,0.0,0.96,26.7,0.0,26.7,0.0,26.4,0.0,26.2,0.0,26.0,0.0,0.7,0.7,0.85,0.95,1.0,0.43,0.16,2.13,0.0
54,2022-06-20 13:30:00+00:00,0.0,0.0,0.0,0.96,26.6,0.0,26.6,0.0,26.3,0.0,26.1,0.0,25.9,0.0,0.7,0.7,0.85,0.95,1.0,0.43,0.16,2.13,0.0
55,2022-06-20 13:45:00+00:00,0.0,0.0,0.0,0.96,26.6,0.0,26.6,0.0,26.3,0.0,26.1,0.0,25.9,0.0,0.75,0.75,0.9,1.0,1.0,0.45,0.12,2.25,0.0
56,2022-06-20 14:00:00+00:00,0.0,0.0,0.0,0.79,26.6,0.0,26.6,0.0,26.3,0.0,26.1,0.0,25.9,0.0,0.75,0.75,0.9,1.0,1.0,0.45,0.12,2.25,0.0
57,2022-06-20 14:15:00+00:00,0.0,0.0,0.0,0.79,26.7,0.0,26.7,0.0,26.4,0.0,26.1,0.0,26.0,0.0,0.75,0.75,0.9,1.0,1.0,0.45,0.12,2.25,0.0
58,2022-06-20 14:30:00+00:00,0.0,0.0,0.0,0.79,26.9,0.0,26.9,0.0,26.5,0.0,26.3,0.0,26.1,0.0,0.7,0.7,0.85,1.0,1.0,0.43,0.15,2.15,0.0
59,2022-06-20 14:45:00+00:00,0.0,0.0,0.0,0.79,26.9,0.0,26.9,0.0,26.6,0.0,26.4,0.0,26.2,0.0,0.6,0.6,0.8,0.9,1.0,0.39,0.22,1.95,0.0
60,2022-06-20 15:00:00+00:00,0.0,0.0,0.0,0.46,27.0,0.0,27.0,0.0,26.6,0.0,26.4,0.0,26.2,0.0,0.6,0.6,0.75,0.85,0.95,0.38,0.25,1.88,0.0
61,2022-06-20 15:15:00+00:00,0.0,0.0,0.0,0.46,27.1,0.0,27.1,0.0,26.7,0.0,26.5,0.0,26.3,0.0,0.55,0.55,0.75,0.85,0.95,0.37,0.27,1.83,0.0
62,2022-06-20 15:30:00+00:00,0.0,0.0,0.0,0.46,27.1,0.0,27.1,0.0,26.7,0.0,26.5,0.0,26.3,0.0,0.5,0.5,0.7,0.8,0.9,0.34,0.32,1.7,0.0
63,2022-06-20 15:45:00+00:00,0.0,0.0,0.0,0.46,27.1,0.0,27.1,0.0,26.7,0.0,26.5,0.0,26.3,0.0,0.5,0.5,0.7,0.8,0.9,0.34,0.32,1.7,0.0
64,2022-06-20 16:00:00+00:00,0.0,0.0,0.0,0.25,27.2,0.0,27.2,0.0,26.7,0.0,26.6,0.0,26.4,0.0,0.5,0.5,0.7,0.8,0.9,0.34,0.32,1.7,0.0
65,2022-06-20 16:15:00+00:00,0.0,0.0,0.0,0.25,27.2,0.0,27.2,0.0,26.7,0.0,26.5,0.0,26.4,0.0,0.45,0.45,0.7,0.75,0.85,0.32,0.36,1.6,0.0
66,2022-06-20 16:30:00+00:00,0.0,0.0,0.0,0.25,27.2,0.0,27.2,0.0,26.8,0.0,26.6,0.0,26.4,0.0,0.45,0.45,0.7,0.8,0.85,0.33,0.35,1.63,0.0
67,2022-06-20 16:45:00+00:00,0.0,0.0,0.0,0.25,27.2,0.0,27.2,0.0,26.7,0.0,26.5,0.0,26.3,0.0,0.45,0.45,0.65,0.75,0.85,0.32,0.37,1.58,0.0
68,2022-06-20 17:00:00+00:00,0.0,0.0,0.0,0.17,27.1,0.0,27.1,0.0,26.7,0.0,26.5,0.0,26.3,0.0,0.9,0.9,1.0,1.0,1.0,0.56,0.04,2.78,0.0
69,2022-06-20 17:15:00+00:00,0.0,0.0,0.0,0.17,27.1,0.0,27.1,0.0,26.7,0.0,26.5,0.0,26.3,0.0,0.95,0.95,1.0,1.0,1.0,0.56,0.02,2.82,0.0
70,2022-06-20 17:30:00+00:00,0.0,0.0,0.0,0.17,27.1,0.0,27.1,0.0,26.7,0.0,26.5,0.0,26.3,0.0,0.95,0.95,1.0,1.0,1.0,0.56,0.02,2.82,0.0
71,2022-06-20 17:45:00+00:00,0.0,0.0,0.0,0.17,27.1,0.0,27.1,0.0,26.7,0.0,26.4,0.0,26.2,0.0,0.95,0.95,1.0,1.0,1.0,0.56,0.02,2.82,0.0
72,2022-06-20 18:00:00+00:00,0.0,0.0,0.0,0.12,27.1,0.0,27.1,0.0,26.6,0.0,26.4,0.0,26.2,0.0,0.95,0.95,1.0,1.0,1.0,0.57,0.02,2.88,0.0
73,2022-06-20 18:15:00+00:00,0.0,0.0,0.0,0.12,27.1,0.0,27.1,0.0,26.6,0.0,26.4,0.0,26.1,0.0,0.95,0.95,1.0,1.0,1.0,0.58,0.02,2.9,0.0
74,2022-06-20 18:30:00+00:00,0.0,0.0,0.0,0.12,27.0,0.0,27.0,0.0,26.6,0.0,26.3,0.0,26.1,0.0,0.95,0.95,1.0,1.0,1.0,0.58,0.02,2.92,0.0
75,2022-06-20 18:45:00+00:00,0.0,0.0,0.0,0.12,27.0,0.0,27.0,0.0,26.5,0.0,26.2,0.0,26.0,0.0,1.0,1.0,1.0,1.0,1.0,0.6,0.0,3.0,0.0
76,2022-06-20 19:00:00+00:00,0.0,0.0,0.0,0.08,26.9,0.0,26.9,0.0,26.5,0.0,26.2,0.0,25.9,0.0,1.0,1.0,1.0,1.0,1.0,0.62,0.0,3.08,0.0
77,2022-06-20 19:15:00+00:00,0.0,0.0,0.0,0.08,26.9,0.0,26.9,0.0,26.4,0.0,26.1,0.0,25.9,0.0,1.0,1.0,1.0,1.0,1.0,0.63,0.0,3.15,0.0
78,2022-06-20 19:30:00+00:00,0.0,0.0,0.0,0.08,26.8,0.0,26.8,0.0,26.4,0.0,26.0,0.0,25.8,0.0,1.0,1.0,1.0,1.0,1.0,0.64,0.0,3.2,0.0
79,2022-06-20 19:45:00+00:00,0.0,0.0,0.0,0.08,26.8,0.0,26.8,0.0,26.3,0.0,26.0,0.0,25.7,0.0,1.0,1.0,1.0,1.0,1.0,0.66,0.0,3.3,0.0
80,2022-06-20 20:00:00+00:00,0.0,0.0,0.0,0.04,26.7,0.0,26.7,0.0,26.3,0.0,25.9,0.0,25.6,0.0,1.0,1.0,1.0,1.0,1.0,0.67,0.0,3.35,0.0
81,2022-06-20 20:15:00+00:00,0.0,0.0,0.0,0.04,26.6,0.0,26.6,0.0,26.2,0.0,25.8,0.0,25.5,0.0,1.0,1.0,1.0,1.0,1.0,0.69,0.0,3.45,0.0
82,2022-06-20 20:30:00+00:00,0.0,0.0,0.0,0.04,26.6,0.0,26.6,0.0,26.1,0.0,25.7,0.0,25.4,0.0,1.0,1.0,1.0,1.0,1.0,0.71,0.0,3.57,0.0
83,2022-06-20 20:45:00+00:00,0.0,0.0,0.0,0.04,26.5,0.0,26.5,0.0,26.1,0.0,25.6,0.0,25.3,0.0,1.0,1.0,1.0,1.0,1.0,0.73,0.0,3.65,0.0
84,2022-06-20 21:00:00+00:00,0.0,0.0,0.0,0.21,26.4,0.0,26.4,0.0,26.0,0.0,25.5,0.0,25.2,0.0,1.0,1.0,1.0,1.0,1.0,0.75,0.0,3.75,0.0
85,2022-06-20 21:15:00+00:00,0.0,0.0,0.0,0.21,26.4,0.0,26.4,0.0,25.9,0.0,25.4,0.0,25.1,0.0,1.0,1.0,1.0,1.0,1.0,0.78,0.0,3.88,0.0
86,2022-06-20 21:30:00+00:00,0.0,0.0,0.0,0.21,26.3,0.0,26.3,0.0,25.9,0.0,25.3,0.0,25.0,0.0,1.0,1.0,1.0,1.0,1.0,0.79,0.0,3.95,0.0
87,2022-06-20 21:45:00+00:00,0.0,0.0,0.0,0.21,26.2,0.0,26.2,0.0,25.8,0.0,25.2,0.0,24.9,0.0,1.0,1.0,1.0,1.0,1.0,0.81,0.0,4.05,0.0
88,2022-06-20 22:00:00+00:00,0.0,0.0,0.0,0.29,26.2,0.0,26.2,0.0,25.7,0.0,25.1,0.0,24.8,0.0,1.0,1.0,1.0,1.0,1.0,0.83,0.0,4.15,0.0
89,2022-06-20 22:15:00+00:00,0.0,0.0,0.0,0.29,26.1,0.0,26.1,0.0,25.7,0.0,25.0,0.0,24.6,0.0,1.0,1.0,1.0,1.0,1.0,0.84,0.0,4.2,0.0
90,2022-06-20 22:30:00+00:00,0.0,0.0,0.0,0.29,26.0,0.0,26.0,0.0,25.6,0.0,24.9,0.0,24.5,0.0,1.0,1.0,1.0,1.0,1.0,0.85,0.0,4.27,0.0
91,2022-06-20 22:45:00+00:00,0.0,0.0,0.0,0.29,25.9,0.0,25.9,0.0,25.5,0.0,24.8,0.0,24.4,0.0,1.0,1.0,1.0,1.0,1.0,0.87,0.0,4.35,0.0
92,2022-06-20 23:00:00+00:00,0.0,0.0,0.0,0.38,25.9,0.0,25.9,0.0,25.4,0.0,24.7,0.0,24.3,0.0,1.0,1.0,1.0,1.0,1.0,0.89,0.0,4.43,0.0
93,2022-06-20 23:15:00+00:00,0.0,0.0,0.0,0.38,25.8,0.0,25.8,0.0,25.4,0.0,24.6,0.0,24.2,0.0,1.0,1.0,1.0,1.0,1.0,0.89,0.0,4.45,0.0
94,2022-06-20 23:30:00+00:00,0.0,0.0,0.0,0.38,25.7,0.0,25.7,0.0,25.3,0.0,24.5,0.0,24.1,0.0,1.0,1.0,1.0,1.0,1.0,0.9,0.0,4.5,0.0
95,2022-06-20 23:45:00+00:00,0.0,0.0,0.0,0.38,25.6,0.0,25.6,0.0,25.2,0.0,24.4,0.0,23.9,0.0,1.0,1.0,1.0,1.0,1.0,0.92,0.0,4.58,0.0
96,2022-06-21 00:00:00+00:00,0.0,0.0,0.0,0.92,25.5,0.0,25.5,0.0,25.1,0.0,24.3,0.0,23.8,0.0,1.0,1.0,1.0,1.0,1.0,0.93,0.0,4.65,0.0
97,2022-06-21 00:15:00+00:00,0.0,0.0,0.0,0.92,25.4,0.0,25.4,0.0,25.0,0.0,24.2,0.0,23.7,0.0,1.0,1.0,1.0,1.0,1.0,0.94,0.0,4.72,0.0
98,2022-06-21 00:30:00+00:00,0.0,0.0,0.0,0.92,25.4,0.0,25.4,0.0,25.0,0.0,24.1,0.0,23.6,0.0,1.0,1.0,1.0,1.0,1.0,0.96,0.0,4.8,0.0
99,2022-06-21 00:45:00+00:00,0.0,0.0,0.0,0.92,25.3,0.0,25.3,0.0,24.9,0.0,23.9,0.0,23.4,0.0,1.0,1.0,1.0,1.0,1.0,0.96,0.0,4.8,0.0
100,2022-06-21 01:00:00+00:00,0.0,0.0,0.0,1.0,25.2,0.0,25.2,0.0,24.8,0.0,23.8,0.0,23.3,0.0,1.0,1.0,1.0,1.0,1.0,0.97,0.0,4.85,0.0
101,2022-06-21 01:15:00+00:00,0.0,0.0,0.0,1.0,25.1,0.0,25.1,0.0,24.7,0.0,23.7,0.0,23.2,0.0,1.0,1.0,1.0,1.0,1.0,0.98,0.0,4.9,0.0
102,2022-06-21 01:30:00+00:00,0.0,0.0,0.0,1.0,25.0,0.0,25.0,0.0,24.6,0.0,23.6,0.0,23.1,0.0,1.0,1.0,1.0,1.0,1.0,0.99,0.0,4.95,0.0
103,2022-06-21 01:45:00+00:00,0.0,0.0,0.0,1.0,25.0,0.0,25.0,0.0,24.6,0.0,23.5,0.0,23.0,0.0,1.0,1.0,1.0,1.0,1.0,1.0,0.0,5.0,0.0
104,2022-06-21 02:00:00+00:00,0.0,0.0,0.0,1.0,24.9,0.0,24.9,0.0,24.5,0.0,23.4,0.0,22.9,0.0,1.0,1.0,1.0,1.0,1.0,1.0,0.0,5.0,0.0
105,2022-06-21 02:15:00+00:00,0.0,0.0,0.0,1.0,24.8,0.0,24.8,0.0,24.4,0.0,23.3,0.0,22.7,0.0,1.0,1.0,1.0,1.0,1.0,1.0,0.0,5.0,0.0
106,2022-06-21 02:30:00+00:00,0.0,0.0,0.0,1.0,24.7,0.0,24.7,0.0,24.4,0.0,23.2,0.0,22.6,0.0,1.0,1.0,1.0,1.0,1.0,1.0,0.0,5.0,0.0
107,2022-06-21 02:45:00+00:00,0.0,0.0,0.0,1.0,24.7,0.0,24.7,0.0,24.3,0.0,23.1,0.0,22.5,0.0,1.0,1.0,1.0,1.0,1.0,1.0,0.0,5.0,0.0
108,2022-06-21 03:00:00+00:00,0.0,0.0,0.0,0.88,24.6,0.0,24.6,0.0,24.2,0.0,23.0,0.0,22.4,0.0,1.0,1.0,1.0,1.0,1.0,1.0,0.0,5.0,0.0
109,2022-06-21 03:15:00+00:00,0.0,0.0,0.0,0.88,24.5,0.0,24.5,0.0,24.1,0.0,22.9,0.0,22.3,0.0,1.0,1.0,1.0,1.0,1.0,1.0,0.0,5.0,0.0
110,2022-06-21 03:30:00+00:00,0.0,0.0,0.0,0.88,24.4,0.0,24.4,0.0,24.1,0.0,22.8,0.0,22.2,0.0,1.0,1.0,1.0,1.0,1.0,1.0,0.0,5.0,0.0
111,2022-06-21 03:45:00+00:00,0.0,0.0,0.0,0.88,24.4,0.0,24.4,0.0,24.0,0.0,22.7,0.0,22.1,0.0,1.0,1.0,1.0,1.0,1.0,1.0,0.0,5.0,0.0
112,2022-06-21 04:00:00+00:00,0.0,0.0,0.0,0.58,24.3,0.0,24.3,0.0,23.9,0.0,22.6,0.0,22.0,0.0,1.0,1.0,1.0,1.0,1.0,1.0,0.0,5.0,0.0
113,2022-06-21 04:15:00+00:00,0.0,0.0,0.0,0.58,24.3,0.0,24.3,0.0,23.9,0.0,22.6,0.0,21.9,0.0,1.0,1.0,1.0,1.0,1.0,1.0,0.0,5.0,0.0
114,2022-06-21 04:30:00+00:00,0.0,0.0,0.0,0.58,24.2,0.0,24.2,0.0,23.8,0.0,22.5,0.0,21.8,0.0,1.0,1.0,1.0,1.0,1.0,1.0,0.0,5.0,0.0
115,2022-06-21 04:45:00+00:00,0.0,0.0,0.0,0.58,24.2,0.0,24.2,0.0,23.8,0.0,22.5,0.0,21.8,0.0,1.0,1.0,1.0,1.0,1.0,1.0,0.0,5.0,0.0
116,2022-06-21 05:00:00+00:00,0.0,0.0,0.0,0.29,24.2,0.0,24.2,0.0,23.8,0.0,22.4,0.0,21.7,0.0,1.0,1.0,1.0,1.0,1.0,1.0,0.0,5.0,0.0
117,2022-06-21 05:15:00+00:00,0.0,0.0,0.0,0.29,24.1,0.0,24.1,0.0,23.7,0.0,22.3,0.0,21.7,0.0,1.0,1.0,1.0,1.0,1.0,1.0,0.0,5.0,0.0
118,2022-06-21 05:30:00+00:00,0.0,0.0,0.0,0.29,24.1,0.0,24.1,0.0,23.7,0.0,22.3,0.0,21.7,0.0,1.0,1.0,1.0,1.0,1.0,1.0,0.0,5.0,0.0
119,2022-06-21 05:45:00+00:00,0.0,0.0,0.0,0.29,24.1,0.0,24.1,0.0,23.7,0.0,22.3,0.0,21.6,0.0,1.0,1.0,1.0,1.0,1.0,1.0,0.0,5.0,0.0
120,2022-06-21 06:00:00+00:00,0.0,0.0,0.0,0.12,24.2,0.0,24.2,0.0,23.7,0.0,22.3,0.0,21.6,0.0,1.0,1.0,1.0,1.0,1.0,1.0,0.0,5.0,0.0
121,2022-06-21 06:15:00+00:00,0.0,0.0,0.0,0.12,24.2,0.0,24.2,0.0,23.8,0.0,22.3,0.0,21.7,0.0,1.0,1.0,1.0,1.0,1.0,1.0,0.0,5.0,0.0
122,2022-06-21 06:30:00+00:00,0.0,0.0,0.0,0.12,24.2,0.0,24.2,0.0,23.8,0.0,22.4,0.0,21.7,0.0,1.0,1.0,1.0,1.0,1.0,1.0,0.0,5.0,0.0
123,2022-06-21 06:45:00+00:00,0.0,0.0,0.0,0.12,24.3,0.0,24.3,0.0,23.8,0.0,22.4,0.0,21.7,0.0,1.0,1.0,1.0,1.0,1.0,1.0,0.0,5.0,0.0
124,2022-06-21 07:00:00+00:00,0.0,0.0,0.0,0.21,24.3,0.0,24.3,0.0,23.9,0.0,22.5,0.0,21.8,0.0,1.0,1.0,1.0,1.0,1.0,1.0,0.0,5.0,0.0
125,2022-06-21 07:15:00+00:00,0.0,0.0,0.0,0.21,24.2,0.0,24.2,0.0,23.8,0.0,22.4,0.0,21.7,0.0,1.0,1.0,1.0,1.0,1.0,1.0,0.0,5.0,0.0
126,2022-06-21 07:30:00+00:00,0.0,0.0,0.0,0.21,24.2,0.0,24.2,0.0,23.8,0.0,22.4,0.0,21.7,0.0,1.0,1.0,1.0,1.0,1.0,1.0,0.0,5.0,0.0
127,2022-06-21 07:45:00+00:00,0.0,0.0,0.0,0.21,24.3,0.0,24.3,0.0,23.8,0.0,22.4,0.0,21.8,0.0,1.0,1.0,1.0,1.0,1.0,1.0,0.0,5.0,0.0
128,2022-06-21 08:00:00+00:00,0.0,0.0,0.0,0.38,24.4,0.0,24.4,0.0,23.9,0.0,22.5,0.0,21.9,0.0,1.0,1.0,1.0,1.0,1.0,0.98,0.0,4.9,6.9
129,2022-06-21 08:15:00+00:00,0.0,0.0,0.0,0.38,24.5,0.0,24.5,0.0,24.0,-0.0,22.6,-0.0,22.0,-0.0,1.0,1.0,1.0,1.0,1.0,0.97,0.0,4.85,6.4
130,2022-06-21 08:30:00+00:00,0.0,0.0,0.0,0.38,24.6,0.0,24.6,0.0,24.1,-0.0,22.7,-0.0,22.0,-0.0,1.0,1.0,1.0,1.0,1.0,0.96,0.0,4.8,6.0
131,2022-06-21 08:45:00+00:00,0.0,0.0,0.0,0.38,24.5,0.0,24.5,0.0,24.0,0.0,22.7,-0.0,22.0,-0.0,1.0,1.0,1.0,1.0,1.0,0.95,0.0,4.75,6.3
132,2022-06-21 09:00:00+00:00,0.0,0.0,0.0,0.46,24.6,0.0,24.6,0.0,24.1,-0.0,22.7,-0.0,22.1,-0.0,1.0,1.0,1.0,1.0,1.0,0.96,0.0,4.8,5.9
133,2022-06-21 09:15:00+00:00,0.0,0.0,0.0,0.46,24.6,0.0,24.6,0.0,24.1,0.0,22.8,-0.0,22.1,-0.0,1.0,1.0,1.0,1.0,1.0,0.95,0.0,4.75,5.8
134,2022-06-21 09:30:00+00:00,0.0,0.0,0.0,0.46,24.7,0.0,24.7,0.0,24.1,0.0,22.8,-0.0,22.2,-0.0,1.0,1.0,1.0,1.0,1.0,0.95,0.0,4.75,5.5
135,2022-06-21 09:45:00+00:00,0.0,0.0,0.0,0.46,24.9,0.0,24.9,0.0,24.3,0.0,23.0,-0.0,22.4,-0.0,1.0,1.0,1.0,1.0,1.0,0.94,0.0,4.7,4.7
136,2022-06-21 10:00:00+00:00,0.0,0.0,0.0,0.54,25.0,0.0,25.0,0.0,24.4,0.0,23.2,-0.0,22.6,-0.0,1.0,1.0,1.0,1.0,1.0,0.91,0.0,4.55,4.2
137,2022-06-21 10:15:00+00:00,0.0,0.0,0.0,0.54,25.1,0.0,25.1,0.0,24.5,0.0,23.3,-0.0,22.7,-0.0,1.0,1.0,1.0,1.0,1.0,0.9,0.0,4.48,3.9
138,2022-06-21 10:30:00+00:00,0.0,0.0,0.0,0.54,25.2,0.0,25.2,0.0,24.6,0.0,23.4,-0.0,22.8,-0.0,1.0,1.0,1.0,1.0,1.0,0.88,0.0,4.4,3.6
139,2022-06-21 10:45:00+00:00,0.0,0.0,0.0,0.54,25.4,0.0,25.4,0.0,24.7,0.0,23.6,-0.0,23.0,-0.0,1.0,1.0,1.0,1.0,1.0,0.87,0.0,4.33,3.1
140,2022-06-21 11:00:00+00:00,0.0,0.0,0.0,0.75,25.5,0.0,25.5,0.0,24.9,0.0,23.7,-0.0,23.1,-0.0,1.0,1.0,1.0,1.0,1.0,0.84,0.0,4.2,2.8
141,2022-06-21 11:15:00+00:00,0.0,0.0,0.0,0.75,25.6,0.0,25.6,0.0,25.0,0.0,23.9,-0.0,23.3,-0.0,1.0,1.0,1.0,1.0,1.0,0.82,0.0,4.1,2.4
142,2022-06-21 11:30:00+00:00,0.0,0.0,0.0,0.75,25.8,0.0,25.8,0.0,25.1,0.0,24.0,-0.0,23.4,-0.0,1.0,1.0,1.0,1.0,1.0,0.8,0.0,4.03,2.2
143,2022-06-21 11:45:00+00:00,0.0,0.0,0.0,0.75,25.9,0.0,25.9,0.0,25.2,0.0,24.2,-0.0,23.6,-0.0,1.0,1.0,1.0,1.0,1.0,0.78,0.0,3.9,1.8
144,2022-06-21 12:00:00+00:00,0.0,0.0,0.0,0.83,26.1,0.0,26.1,0.0,25.3,0.0,24.3,0.0,23.8,-0.0,1.0,1.0,1.0,1.0,1.0,0.76,0.0,3.8,1.5
145,2022-06-21 12:15:00+00:00,0.0,0.0,0.0,0.83,26.2,0.0,26.2,0.0,25.4,0.0,24.5,0.0,23.9,-0.0,1.0,1.0,1.0,1.0,1.0,0.73,0.0,3.65,1.2
146,2022-06-21 12:30:00+00:00,0.0,0.0,0.0,0.83,26.3,0.0,26.3,0.0,25.5,0.0,24.6,0.0,24.0,-0.0,0.95,0.95,1.0,1.0,1.0,0.71,0.02,3.53,1.0
147,2022-06-21 12:45:00+00:00,0.0,0.0,0.0,0.83,26.3,0.0,26.3,0.0,25.5,0.0,24.6,0.0,24.1,-0.0,0.9,0.9,1.0,1.0,1.0,0.69,0.04,3.43,0.9
148,2022-06-21 13:00:00+00:00,0.0,0.0,0.0,0.71,26.5,0.0,26.5,0.0,25.7,0.0,24.8,0.0,24.3,0.0,0.9,0.9,1.0,1.0,1.0,0.69,0.04,3.43,0.5
149,2022-06-21 13:15:00+00:00,0.0,0.0,0.0,0.71,26.6,0.0,26.6,0.0,25.8,0.0,25.0,0.0,24.5,0.0,0.8,0.8,1.0,1.0,1.0,0.64,0.08,3.18,0.3
150,2022-06-21 13:30:00+00:00,0.0,0.0,0.0,0.71,26.7,0.0,26.7,0.0,25.9,0.0,25.0,0.0,24.6,0.0,0.75,0.75,1.0,1.0,1.0,0.6,0.1,3.0,0.2
151,2022-06-21 13:45:00+00:00,0.0,0.0,0.0,0.71,26.9,0.0,26.9,0.0,26.0,0.0,25.2,0.0,24.8,0.0,0.7,0.7,1.0,1.0,1.0,0.58,0.12,2.9,0.0
152,2022-06-21 14:00:00+00:00,0.0,0.0,0.0,0.62,27.0,0.0,27.0,0.0,26.1,0.0,25.3,0.0,24.9,0.0,0.6,0.6,1.0,1.0,1.0,0.54,0.16,2.68,0.0
153,2022-06-21 14:15:00+00:00,0.0,0.0,0.0,0.62,27.1,0.0,27.1,0.0,26.2,0.0,25.5,0.0,25.0,0.0,0.55,0.55,1.0,1.0,1.0,0.51,0.18,2.55,0.0
154,2022-06-21 14:30:00+00:00,0.0,0.0,0.0,0.62,27.2,0.0,27.2,0.0,26.3,0.0,25.6,0.0,25.2,0.0,0.5,0.5,0.95,1.0,1.0,0.48,0.21,2.4,0.0
155,2022-06-21 14:45:00+00:00,0.0,0.0,0.0,0.62,27.3,0.0,27.3,0.0,26.4,0.0,25.7,0.0,25.3,0.0,0.45,0.45,0.9,1.0,1.0,0.45,0.24,2.25,0.0
156,2022-06-21 15:00:00+00:00,0.0,0.0,0.0,0.42,27.4,0.0,27.4,0.0,26.4,0.0,25.8,0.0,25.4,0.0,0.4,0.4,0.85,1.0,1.0,0.43,0.27,2.13,0.0
157,2022-06-21 15:15:00+00:00,0.0,0.0,0.0,0.42,27.4,0.0,27.4,0.0,26.5,0.0,25.9,0.0,25.5,0.0,0.35,0.35,0.85,1.0,1.0,0.41,0.29,2.03,0.0
158,2022-06-21 15:30:00+00:00,0.0,0.0,0.0,0.42,27.5,0.0,27.5,0.0,26.6,0.0,26.0,0.0,25.6,0.0,0.35,0.35,0.8,1.0,1.0,0.39,0.3,1.95,0.2
159,2022-06-21 15:45:00+00:00,0.0,0.0,0.0,0.42,27.6,0.0,27.6,0.0,26.7,0.0,26.1,0.0,25.7,0.0,0.3,0.3,0.75,1.0,1.0,0.37,0.33,1.83,0.4
160,2022-06-21 16:00:00+00:00,0.0,0.0,0.0,0.29,27.7,0.0,27.7,0.0,26.7,0.0,26.2,0.0,25.8,0.0,0.25,0.25,0.7,1.0,1.0,0.34,0.36,1.7,0.6
161,2022-06-21 16:15:00+00:00,0.0,0.0,0.0,0.29,27.7,0.0,27.7,0.0,26.8,0.0,26.3,0.0,25.9,0.0,0.2,0.2,0.7,0.95,1.0,0.32,0.39,1.6,0.6
162,2022-06-21 16:30:00+00:00,0.0,0.0,0.0,0.29,27.8,0.0,27.8,0.0,26.8,0.0,26.4,0.0,26.0,0.0,0.2,0.2,0.65,0.9,1.0,0.31,0.41,1.53,0.8
163,2022-06-21 16:45:00+00:00,0.0,0.0,0.0,0.29,27.8,0.0,27.8,0.0,26.9,0.0,26.4,0.0,26.1,0.0,0.15,0.15,0.65,0.85,1.0,0.29,0.44,1.43,0.8
164,2022-06-21 17:00:00+00:00,0.0,0.0,0.0,0.08,27.9,0.0,27.9,0.0,26.9,0.0,26.5,0.0,26.1,0.0,0.6,0.6,1.0,1.0,1.0,0.5,0.16,2.5,0.0
165,2022-06-21 17:15:00+00:00,0.0,0.0,0.0,0.08,27.9,0.0,27.9,0.0,26.9,0.0,26.5,0.0,26.2,0.0,0.55,0.55,1.0,1.0,1.0,0.49,0.18,2.43,0.0
166,2022-06-21 17:30:00+00:00,0.0,0.0,0.0,0.08,27.9,0.0,27.9,0.0,26.9,0.0,26.6,0.0,26.2,0.0,0.55,0.55,1.0,1.0,1.0,0.48,0.18,2.4,0.0
167,2022-06-21 17:45:00+00:00,0.0,0.0,0.0,0.08,27.9,0.0,27.9,0.0,27.0,0.0,26.6,0.0,26.3,0.0,0.55,0.55,1.0,1.0,1.0,0.48,0.18,2.38,0.0
168,2022-06-21 18:00:00+00:00,0.0,0.0,0.0,0.08,27.9,0.0,27.9,0.0,27.0,0.0,26.6,0.0,26.3,0.0,0.55,0.55,1.0,1.0,1.0,0.46,0.18,2.33,0.0
169,2022-06-21 18:15:00+00:00,0.0,0.0,0.0,0.08,27.9,0.0,27.9,0.0,27.0,0.0,26.6,0.0,26.3,0.0,0.55,0.55,1.0,1.0,1.0,0.46,0.18,2.33,0.0
170,2022-06-21 18:30:00+00:00,0.0,0.0,0.0,0.08,27.9,0.0,27.9,0.0,27.0,0.0,26.6,0.0,26.3,0.0,0.55,0.55,1.0,1.0,1.0,0.46,0.18,2.33,0.0
171,2022-06-21 18:45:00+00:00,0.0,0.0,0.0,0.08,27.9,0.0,27.9,0.0,27.0,0.0,26.6,0.0,26.3,0.0,0.55,0.55,1.0,1.0,1.0,0.46,0.18,2.33,0.0
172,2022-06-21 19:00:00+00:00,0.0,0.0,0.0,0.17,27.9,0.0,27.9,0.0,27.0,0.0,26.6,0.0,26.3,0.0,0.55,0.55,1.0,1.0,1.0,0.46,0.18,2.33,0.0
173,2022-06-21 19:15:00+00:00,0.0,0.0,0.0,0.17,27.9,0.0,27.9,0.0,26.9,0.0,26.6,0.0,26.3,0.0,0.55,0.55,1.0,1.0,1.0,0.46,0.18,2.33,0.0
174,2022-06-21 19:30:00+00:00,0.0,0.0,0.0,0.17,27.9,0.0,27.9,0.0,26.9,0.0,26.6,0.0,26.3,0.0,0.55,0.55,1.0,1.0,1.0,0.47,0.18,2.35,0.0
175,2022-06-21 19:45:00+00:00,0.0,0.0,0.0,0.17,27.8,0.0,27.8,0.0,26.9,0.0,26.6,0.0,26.3,0.0,0.55,0.55,1.0,1.0,1.0,0.47,0.18,2.35,0.0
176,2022-06-21 20:00:00+00:00,0.0,0.0,0.0,0.38,27.8,0.0,27.8,0.0,26.9,0.0,26.5,0.0,26.2,0.0,0.6,0.6,1.0,1.0,1.0,0.48,0.16,2.4,0.0
177,2022-06-21 20:15:00+00:00,0.0,0.0,0.0,0.38,27.8,0.0,27.8,0.0,26.9,0.0,26.5,0.0,26.2,0.0,0.6,0.6,1.0,1.0,1.0,0.49,0.16,2.45,0.0
178,2022-06-21 20:30:00+00:00,0.0,0.0,0.0,0.38,27.7,0.0,27.7,0.0,26.8,0.0,26.5,0.0,26.1,0.0,0.6,0.6,1.0,1.0,1.0,0.49,0.16,2.45,0.0
179,2022-06-21 20:45:00+00:00,0.0,0.0,0.0,0.38,27.7,0.0,27.7,0.0,26.8,0.0,26.4,0.0,26.1,0.0,0.65,0.65,1.0,1.0,1.0,0.51,0.14,2.55,0.0
180,2022-06-21 21:00:00+00:00,0.0,0.0,0.0,0.54,27.7,0.0,27.7,0.0,26.8,0.0,26.4,0.0,26.1,0.0,0.65,0.65,1.0,1.0,1.0,0.52,0.14,2.58,0.0
181,2022-06-21 21:15:00+00:00,0.0,0.0,0.0,0.54,27.6,0.0,27.6,0.0,26.8,0.0,26.3,0.0,26.0,0.0,0.65,0.65,1.0,1.0,1.0,0.52,0.14,2.58,0.0
182,2022-06-21 21:30:00+00:00,0.0,0.0,0.0,0.54,27.6,0.0,27.6,0.0,26.7,0.0,26.3,0.0,26.0,0.0,0.7,0.7,1.0,1.0,1.0,0.53,0.12,2.67,0.0
183,2022-06-21 21:45:00+00:00,0.0,0.0,0.0,0.54,27.6,0.0,27.6,0.0,26.7,0.0,26.3,0.0,25.9,0.0,0.7,0.7,1.0,1.0,1.0,0.54,0.12,2.7,0.0
184,2022-06-21 22:00:00+00:00,0.0,0.0,0.0,0.67,27.6,0.0,27.6,0.0,26.7,0.0,26.2,0.0,25.9,0.0,0.7,0.7,1.0,1.0,1.0,0.54,0.12,2.72,0.0
185,2022-06-21 22:15:00+00:00,0.0,0.0,0.0,0.67,27.5,0.0,27.5,0.0,26.6,0.0,26.2,0.0,25.9,0.0,0.7,0.7,1.0,1.0,1.0,0.55,0.12,2.75,0.0
186,2022-06-21 22:30:00+00:00,0.0,0.0,0.0,0.67,27.5,0.0,27.5,0.0,26.6,0.0,26.2,0.0,25.8,0.0,0.75,0.75,1.0,1.0,1.0,0.57,0.1,2.82,0.0
187,2022-06-21 22:45:00+00:00,0.0,0.0,0.0,0.67,27.5,0.0,27.5,0.0,26.6,0.0,26.1,0.0,25.8,0.0,0.75,0.75,1.0,1.0,1.0,0.57,0.1,2.85,0.0
188,2022-06-21 23:00:00+00:00,0.0,0.0,0.0,0.79,27.4,0.0,27.4,0.0,26.6,0.0,26.1,0.0,25.7,0.0,0.75,0.75,1.0,1.0,1.0,0.57,0.1,2.87,0.0
189,2022-06-21 23:15:00+00:00,0.0,0.0,0.0,0.79,27.4,0.0,27.4,0.0,26.5,0.0,26.0,0.0,25.7,0.0,0.8,0.8,1.0,1.0,1.0,0.59,0.08,2.95,0.0
190,2022-06-21 23:30:00+00:00,0.0,0.0,0.0,0.79,27.3,0.0,27.3,0.0,26.5,0.0,26.0,0.0,25.6,0.0,0.8,0.8,1.0,1.0,1.0,0.6,0.08,3.0,0.0
191,2022-06-21 23:45:00+00:00,0.0,0.0,0.0,0.79,27.3,0.0,27.3,0.0,26.4,0.0,25.9,0.0,25.6,0.0,0.85,0.85,1.0,1.0,1.0,0.61,0.06,3.07,0.0
192,2022-06-22 00:00:00+00:00,0.0,0.0,0.0,0.92,27.2,0.0,27.2,0.0,26.4,0.0,25.9,0.0,25.5,0.0,0.85,0.85,1.0,1.0,1.0,0.62,0.06,3.12,0.0
193,2022-06-22 00:15:00+00:00,0.0,0.0,0.0,0.92,27.2,0.0,27.2,0.0,26.4,0.0,25.8,0.0,25.5,0.0,0.9,0.9,1.0,1.0,1.0,0.64,0.04,3.2,0.0
194,2022-06-22 00:30:00+00:00,0.0,0.0,0.0,0.92,27.2,0.0,27.2,0.0,26.3,0.0,25.8,0.0,25.4,0.0,0.9,0.9,1.0,1.0,1.0,0.65,0.04,3.23,0.0
195,2022-06-22 00:45:00+00:00,0.0,0.0,0.0,0.92,27.1,0.0,27.1,0.0,26.3,0.0,25.7,0.0,25.4,0.0,0.9,0.9,1.0,1.0,1.0,0.66,0.04,3.28,0.0
196,2022-06-22 01:00:00+00:00,0.0,0.0,0.0,0.96,27.1,0.0,27.1,0.0,26.3,0.0,25.7,0.0,25.3,0.0,0.95,0.95,1.0,1.0,1.0,0.67,0.02,3.35,0.0
197,2022-06-22 01:15:00+00:00,0.0,0.0,0.0,0.96,27.0,0.0,27.0,0.0,26.2,0.0,25.6,0.0,25.2,0.0,0.95,0.95,1.0,1.0,1.0,0.67,0.02,3.37,0.0
198,2022-06-22 01:30:00+00:00,0.0,0.0,0.0,0.96,27.0,0.0,27.0,0.0,26.2,0.0,25.6,0.0,25.2,0.0,1.0,1.0,1.0,1.0,1.0,0.7,0.0,3.5,0.0
199,2022-06-22 01:45:00+00:00,0.0,0.0,0.0,0.96,26.9,0.0,26.9,0.0,26.1,0.0,25.5,0.0,25.1,0.0,1.0,1.0,1.0,1.0,1.0,0.7,0.0,3.5,0.0
200,2022-06-22 02:00:00+00:00,0.0,0.0,0.0,1.0,26.9,0.0,26.9,0.0,26.1,0.0,25.4,0.0,25.0,0.0,1.0,1.0,1.0,1.0,1.0,0.72,0.0,3.62,0.0
201,2022-06-22 02:15:00+00:00,0.0,0.0,0.0,1.0,26.9,0.0,26.9,0.0,26.0,0.0,25.4,0.0,25.0,0.0,1.0,1.0,1.0,1.0,1.0,0.74,0.0,3.68,0.0
202,2022-06-22 02:30:00+00:00,0.0,0.0,0.0,1.0,26.8,0.0,26.8,0.0,26.0,0.0,25.3,0.0,24.9,0.0,1.0,1.0,1.0,1.0,1.0,0.74,0.0,3.7,0.0
203,2022-06-22 02:45:00+00:00,0.0,0.0,0.0,1.0,26.8,0.0,26.8,0.0,26.0,0.0,25.3,0.0,24.8,0.0,1.0,1.0,1.0,1.0,1.0,0.75,0.0,3.77,0.0
204,2022-06-22 03:00:00+00:00,0.0,0.0,0.0,0.88,26.7,0.0,26.7,0.0,25.9,0.0,25.2,0.0,24.8,0.0,1.0,1.0,1.0,1.0,1.0,0.75,0.0,3.77,0.0
205,2022-06-22 03:15:00+00:00,0.0,0.0,0.0,0.88,26.6,0.0,26.6,0.0,25.8,0.0,25.1,0.0,24.7,0.0,1.0,1.0,1.0,1.0,1.0,0.78,0.0,3.88,0.0
206,2022-06-22 03:30:00+00:00,0.0,0.0,0.0,0.88,26.6,0.0,26.6,0.0,25.8,0.0,25.0,0.0,24.6,0.0,1.0,1.0,1.0,1.0,1.0,0.79,0.0,3.97,0.0
207,2022-06-22 03:45:00+00:00,0.0,0.0,0.0,0.88,26.5,0.0,26.5,0.0,25.8,0.0,25.0,0.0,24.5,0.0,1.0,1.0,1.0,1.0,1.0,0.8,0.0,4.0,0.0
208,2022-06-22 04:00:00+00:00,0.0,0.0,0.0,0.62,26.5,0.0,26.5,0.0,25.7,0.0,24.9,0.0,24.5,0.0,1.0,1.0,1.0,1.0,1.0,0.81,0.0,4.05,0.0
209,2022-06-22 04:15:00+00:00,0.0,0.0,0.0,0.62,26.5,0.0,26.5,0.0,25.7,0.0,24.9,0.0,24.4,0.0,1.0,1.0,1.0,1.0,1.0,0.82,0.0,4.08,0.0
210,2022-06-22 04:30:00+00:00,0.0,0.0,0.0,0.62,26.4,0.0,26.4,0.0,25.6,0.0,24.8,0.0,24.4,0.0,1.0,1.0,1.0,1.0,1.0,0.82,0.0,4.08,0.0
211,2022-06-22 04:45:00+00:00,0.0,0.0,0.0,0.62,26.4,0.0,26.4,0.0,25.6,0.0,24.8,0.0,24.3,0.0,1.0,1.0,1.0,1.0,1.0,0.83,0.0,4.15,0.0
212,2022-06-22 05:00:00+00:00,0.0,0.0,0.0,0.29,26.3,0.0,26.3,0.0,25.6,0.0,24.7,0.0,24.2,0.0,1.0,1.0,1.0,1.0,1.0,0.83,0.0,4.15,0.0
213,2022-06-22 05:15:00+00:00,0.0,0.0,0.0,0.29,26.3,0.0,26.3,0.0,25.5,0.0,24.7,0.0,24.2,0.0,1.0,1.0,1.0,1.0,1.0,0.84,0.0,4.2,0.0
214,2022-06-22 05:30:00+00:00,0.0,0.0,0.0,0.29,26.3,0.0,26.3,0.0,25.5,0.0,24.6,0.0,24.2,0.0,1.0,1.0,1.0,1.0,1.0,0.84,0.0,4.22,0.0
215,2022-06-22 05:45:00+00:00,0.0,0.0,0.0,0.29,26.3,0.0,26.3,0.0,25.5,0.0,24.6,0.0,24.1,0.0,1.0,1.0,1.0,1.0,1.0,0.84,0.0,4.22,0.0
216,2022-06-22 06:00:00+00:00,0.0,0.0,0.0,0.21,26.2,0.0,26.2,0.0,25.4,0.0,24.6,0.0,24.1,0.0,1.0,1.0,1.0,1.0,1.0,0.84,0.0,4.22,0.0
217,2022-06-22 06:15:00+00:00,0.0,0.0,0.0,0.21,26.2,0.0,26.2,0.0,25.4,0.0,24.5,0.0,24.0,0.0,1.0,1.0,1.0,1.0,1.0,0.86,0.0,4.3,0.0
218,2022-06-22 06:30:00+00:00,0.0,0.0,0.0,0.21,26.2,0.0,26.2,0.0,25.4,0.0,24.5,0.0,24.0,0.0,1.0,1.0,1.0,1.0,1.0,0.86,0.0,4.3,0.0
219,2022-06-22 06:45:00+00:00,0.0,0.0,0.0,0.21,26.1,0.0,26.1,0.0,25.4,0.0,24.5,0.0,24.0,0.0,1.0,1.0,1.0,1.0,1.0,0.86,0.0,4.3,0.0
220,2022-06-22 07:00:00+00:00,0.0,0.0,0.0,0.29,26.1,0.0,26.1,0.0,25.4,0.0,24.4,0.0,23.9,0.0,1.0,1.0,1.0,1.0,1.0,0.87,0.0,4.35,0.0
221,2022-06-22 07:15:00+00:00,0.0,0.0,0.0,0.29,26.1,0.0,26.1,0.0,25.3,0.0,24.4,0.0,23.9,0.0,1.0,1.0,1.0,1.0,1.0,0.87,0.0,4.35,0.0
222,2022-06-22 07:30:00+00:00,0.0,0.0,0.0,0.29,26.1,0.0,26.1,0.0,25.3,0.0,24.4,0.0,23.9,0.0,1.0,1.0,1.0,1.0,1.0,0.87,0.0,4.37,0.0
223,2022-06-22 07:45:00+00:00,0.0,0.0,0.0,0.29,26.1,0.0,26.1,0.0,25.3,0.0,24.4,0.0,23.9,0.0,1.0,1.0,1.0,1.0,1.0,0.87,0.0,4.37,0.0
224,2022-06-22 08:00:00+00:00,0.0,0.0,0.0,0.38,26.0,0.0,26.0,0.0,25.3,0.0,24.3,0.0,23.8,0.0,1.0,1.0,1.0,1.0,1.0,0.73,0.0,3.63,1.5
225,2022-06-22 08:15:00+00:00,0.0,0.0,0.0,0.38,26.0,0.0,26.0,0.0,25.3,0.0,24.3,0.0,23.8,-0.0,1.0,1.0,1.0,1.0,1.0,0.74,0.0,3.7,1.5
226,2022-06-22 08:30:00+00:00,0.0,0.0,0.0,0.38,26.0,0.0,26.0,0.0,25.2,0.0,24.3,0.0,23.8,-0.0,1.0,1.0,1.0,1.0,1.0,0.74,0.0,3.7,1.5
227,2022-06-22 08:45:00+00:00,0.0,0.0,0.0,0.38,26.0,0.0,26.0,0.0,25.2,0.0,24.3,0.0,23.8,-0.0,1.0,1.0,1.0,1.0,1.0,0.75,0.0,3.73,1.5
228,2022-06-22 09:00:00+00:00,0.0,0.0,0.0,0.46,26.0,0.0,26.0,0.0,25.2,0.0,24.3,0.0,23.8,-0.0,1.0,1.0,1.0,1.0,1.0,0.75,0.0,3.73,1.5
229,2022-06-22 09:15:00+00:00,0.0,0.0,0.0,0.46,26.0,0.0,26.0,0.0,25.2,0.0,24.2,0.0,23.7,-0.0,1.0,1.0,1.0,1.0,1.0,0.75,0.0,3.73,1.7
230,2022-06-22 09:30:00+00:00,0.0,0.0,0.0,0.46,26.0,0.0,26.0,0.0,25.2,0.0,24.2,0.0,23.7,-0.0,1.0,1.0,1.0,1.0,1.0,0.75,0.0,3.75,1.7
231,2022-06-22 09:45:00+00:00,0.0,0.0,0.0,0.46,25.9,0.0,25.9,0.0,25.2,0.0,24.2,0.0,23.7,-0.0,1.0,1.0,1.0,1.0,1.0,0.75,0.0,3.75,1.7
232,2022-06-22 10:00:00+00:00,0.0,0.0,0.0,0.5,25.9,0.0,25.9,0.0,25.2,0.0,24.2,0.0,23.7,-0.0,1.0,1.0,1.0,1.0,1.0,0.76,0.0,3.8,1.7
233,2022-06-22 10:15:00+00:00,0.0,0.0,0.0,0.5,25.9,0.0,25.9,0.0,25.2,0.0,24.2,0.0,23.7,-0.0,1.0,1.0,1.0,1.0,1.0,0.76,0.0,3.8,1.7
234,2022-06-22 10:30:00+00:00,0.0,0.0,0.0,0.5,25.9,0.0,25.9,0.0,25.2,0.0,24.2,0.0,23.7,-0.0,1.0,1.0,1.0,1.0,1.0,0.76,0.0,3.8,1.7
235,2022-06-22 10:45:00+00:00,0.0,0.0,0.0,0.5,25.9,0.0,25.9,0.0,25.2,0.0,24.2,0.0,23.7,-0.0,1.0,1.0,1.0,1.0,1.0,0.76,0.0,3.8,1.7
236,2022-06-22 11:00:00+00:00,0.0,0.0,0.0,0.54,25.9,0.0,25.9,0.0,25.2,0.0,24.2,0.0,23.7,-0.0,1.0,1.0,1.0,1.0,1.0,0.76,0.0,3.8,1.7
237,2022-06-22 11:15:00+00:00,0.0,0.0,0.0,0.54,25.9,0.0,25.9,0.0,25.2,0.0,24.2,0.0,23.7,-0.0,1.0,1.0,1.0,1.0,1.0,0.76,0.0,3.8,1.7
238,2022-06-22 11:30:00+00:00,0.0,0.0,0.0,0.54,25.9,0.0,25.9,0.0,25.1,0.0,24.1,0.0,23.6,-0.0,1.0,1.0,1.0,1.0,1.0,0.76,0.0,3.8,1.9
239,2022-06-22 11:45:00+00:00,0.0,0.0,0.0,0.54,25.9,0.0,25.9,0.0,25.1,0.0,24.1,0.0,23.6,-0.0,1.0,1.0,1.0,1.0,1.0,0.77,0.0,3.85,1.9
240,2022-06-22 12:00:00+00:00,0.0,0.0,0.0,0.75,25.9,0.0,25.9,0.0,25.1,0.0,24.1,0.0,23.6,-0.0,1.0,1.0,1.0,1.0,1.0,0.77,0.0,3.85,1.9
241,2022-06-22 12:15:00+00:00,0.0,0.0,0.0,0.75,25.9,0.0,25.9,0.0,25.1,0.0,24.1,0.0,23.6,-0.0,1.0,1.0,1.0,1.0,1.0,0.77,0.0,3.85,1.9
242,2022-06-22 12:30:00+00:00,0.0,0.0,0.0,0.75,25.9,0.0,25.9,0.0,25.1,0.0,24.1,0.0,23.6,-0.0,1.0,1.0,1.0,1.0,1.0,0.77,0.0,3.85,1.9
243,2022-06-22 12:45:00+00:00,0.0,0.0,0.0,0.75,25.9,0.0,25.9,0.0,25.1,0.0,24.1,0.0,23.6,-0.0,1.0,1.0,1.0,1.0,1.0,0.77,0.0,3.85,1.9
244,2022-06-22 13:00:00+00:00,0.0,0.0,0.0,0.71,25.9,0.0,25.9,0.0,25.1,0.0,24.1,0.0,23.6,-0.0,1.0,1.0,1.0,1.0,1.0,0.77,0.0,3.85,1.9
245,2022-06-22 13:15:00+00:00,0.0,0.0,0.0,0.71,25.9,0.0,25.9,0.0,25.1,0.0,24.1,0.0,23.6,-0.0,1.0,1.0,1.0,1.0,1.0,0.77,0.0,3.85,1.9
246,2022-06-22 13:30:00+00:00,0.0,0.0,0.0,0.71,25.9,0.0,25.9,0.0,25.1,0.0,24.1,0.0,23.6,-0.0,1.0,1.0,1.0,1.0,1.0,0.77,0.0,3.85,1.9
247,2022-06-22 13:45:00+00:00,0.0,0.0,0.0,0.71,25.9,0.0,25.9,0.0,25.2,0.0,24.2,0.0,23.7,-0.0,1.0,1.0,1.0,1.0,1.0,0.77,0.0,3.85,1.7
248,2022-06-22 14:00:00+00:00,0.0,0.0,0.0,0.71,25.9,0.0,25.9,0.0,25.2,0.0,24.2,0.0,23.7,-0.0,1.0,1.0,1.0,1.0,1.0,0.76,0.0,3.8,1.7
249,2022-06-22 14:15:00+00:00,0.0,0.0,0.0,0.71,25.9,0.0,25.9,0.0,25.2,0.0,24.2,0.0,23.7,-0.0,1.0,1.0,1.0,1.0,1.0,0.76,0.0,3.8,1.7
250,2022-06-22 14:30:00+00:00,0.0,0.0,0.0,0.71,25.9,0.0,25.9,0.0,25.1,0.0,24.2,0.0,23.7,-0.0,1.0,1.0,1.0,1.0,1.0,0.76,0.0,3.8,1.7
251,2022-06-22 14:45:00+00:00,0.0,0.0,0.0,0.71,25.9,0.0,25.9,0.0,25.2,0.0,24.2,0.0,23.7,-0.0,1.0,1.0,1.0,1.0,1.0,0.77,0.0,3.83,1.7
252,2022-06-22 15:00:00+00:00,0.0,0.0,0.0,0.46,26.0,0.0,26.0,0.0,25.2,0.0,24.2,0.0,23.7,-0.0,1.0,1.0,1.0,1.0,1.0,0.76,0.0,3.8,1.7
253,2022-06-22 15:15:00+00:00,0.0,0.0,0.0,0.46,26.0,0.0,26.0,0.0,25.2,0.0,24.2,0.0,23.7,-0.0,1.0,1.0,1.0,1.0,1.0,0.75,0.0,3.75,1.7
254,2022-06-22 15:30:00+00:00,0.0,0.0,0.0,0.46,25.9,0.0,25.9,0.0,25.2,0.0,24.2,0.0,23.7,-0.0,1.0,1.0,1.0,1.0,1.0,0.75,0.0,3.75,1.7
255,2022-06-22 15:45:00+00:00,0.0,0.0,0.0,0.46,25.9,0.0,25.9,0.0,25.1,0.0,24.2,0.0,23.7,-0.0,1.0,1.0,1.0,1.0,1.0,0.76,0.0,3.8,1.7
256,2022-06-22 16:00:00+00:00,0.0,0.0,0.0,0.12,25.9,0.0,25.9,0.0,25.1,0.0,24.2,0.0,23.7,-0.0,1.0,1.0,1.0,1.0,1.0,0.77,0.0,3.83,1.7
257,2022-06-22 16:15:00+00:00,0.0,0.0,0.0,0.12,25.9,0.0,25.9,0.0,25.1,0.0,24.2,0.0,23.7,-0.0,1.0,1.0,1.0,1.0,1.0,0.77,0.0,3.83,1.7
258,2022-06-22 16:30:00+00:00,0.0,0.0,0.0,0.12,25.9,0.0,25.9,0.0,25.1,0.0,24.2,0.0,23.7,-0.0,1.0,1.0,1.0,1.0,1.0,0.77,0.0,3.83,1.7
259,2022-06-22 16:45:00+00:00,0.0,0.0,0.0,0.12,25.9,0.0,25.9,0.0,25.1,0.0,24.2,0.0,23.7,-0.0,1.0,1.0,1.0,1.0,1.0,0.77,0.0,3.83,1.7
260,2022-06-22 17:00:00+00:00,0.0,0.0,0.0,0.08,25.9,0.0,25.9,0.0,25.1,0.0,24.2,0.0,23.7,-0.0,1.0,1.0,1.0,1.0,1.0,0.9,0.0,4.53,0.0
261,2022-06-22 17:15:00+00:00,0.0,0.0,0.0,0.08,25.9,0.0,25.9,0.0,25.1,0.0,24.2,0.0,23.7,0.0,1.0,1.0,1.0,1.0,1.0,0.9,0.0,4.53,0.0
262,2022-06-22 17:30:00+00:00,0.0,0.0,0.0,0.08,25.9,0.0,25.9,0.0,25.1,0.0,24.1,0.0,23.7,0.0,1.0,1.0,1.0,1.0,1.0,0.9,0.0,4.53,0.0
263,2022-06-22 17:45:00+00:00,0.0,0.0,0.0,0.08,25.9,0.0,25.9,0.0,25.1,0.0,24.1,0.0,23.7,0.0,1.0,1.0,1.0,1.0,1.0,0.9,0.0,4.53,0.0
264,2022-06-22 18:00:00+00:00,0.0,0.0,0.0,0.08,25.8,0.0,25.8,0.0,25.1,0.0,24.1,0.0,23.7,0.0,1.0,1.0,1.0,1.0,1.0,0.9,0.0,4.53,0.0
265,2022-06-22 18:15:00+00:00,0.0,0.0,0.0,0.08,25.8,0.0,25.8,0.0,25.1,0.0,24.1,0.0,23.6,0.0,1.0,1.0,1.0,1.0,1.0,0.91,0.0,4.57,0.0
266,2022-06-22 18:30:00+00:00,0.0,0.0,0.0,0.08,25.8,0.0,25.8,0.0,25.0,0.0,24.1,0.0,23.6,0.0,1.0,1.0,1.0,1.0,1.0,0.91,0.0,4.57,0.0
267,2022-06-22 18:45:00+00:00,0.0,0.0,0.0,0.08,25.8,0.0,25.8,0.0,25.0,0.0,24.1,0.0,23.6,0.0,1.0,1.0,1.0,1.0,1.0,0.92,0.0,4.6,0.0
268,2022-06-22 19:00:00+00:00,0.0,0.0,0.0,0.17,25.8,0.0,25.8,0.0,25.0,0.0,24.0,0.0,23.6,0.0,1.0,1.0,1.0,1.0,1.0,0.92,0.0,4.6,0.0
269,2022-06-22 19:15:00+00:00,0.0,0.0,0.0,0.17,25.7,0.0,25.7,0.0,25.0,0.0,24.0,0.0,23.5,0.0,1.0,1.0,1.0,1.0,1.0,0.92,0.0,4.6,0.0
270,2022-06-22 19:30:00+00:00,0.0,0.0,0.0,0.17,25.7,0.0,25.7,0.0,25.0,0.0,24.0,0.0,23.5,0.0,1.0,1.0,1.0,1.0,1.0,0.93,0.0,4.65,0.0
271,2022-06-22 19:45:00+00:00,0.0,0.0,0.0,0.17,25.7,0.0,25.7,0.0,24.9,0.0,23.9,0.0,23.5,0.0,1.0,1.0,1.0,1.0,1.0,0.93,0.0,4.65,0.0
272,2022-06-22 20:00:00+00:00,0.0,0.0,0.0,0.38,25.6,0.0,25.6,0.0,24.9,0.0,23.9,0.0,23.4,0.0,1.0,1.0,1.0,1.0,1.0,0.93,0.0,4.65,0.0
273,2022-06-22 20:15:00+00:00,0.0,0.0,0.0,0.38,25.6,0.0,25.6,0.0,24.9,0.0,23.9,0.0,23.4,0.0,1.0,1.0,1.0,1.0,1.0,0.94,0.0,4.7,0.0
274,2022-06-22 20:30:00+00:00,0.0,0.0,0.0,0.38,25.6,0.0,25.6,0.0,24.8,0.0,23.8,0.0,23.4,0.0,1.0,1.0,1.0,1.0,1.0,0.94,0.0,4.7,0.0
275,2022-06-22 20:45:00+00:00,0.0,0.0,0.0,0.38,25.5,0.0,25.5,0.0,24.8,0.0,23.8,0.0,23.3,0.0,1.0,1.0,1.0,1.0,1.0,0.94,0.0,4.7,0.0
276,2022-06-22 21:00:00+00:00,0.0,0.0,0.0,0.62,25.5,0.0,25.5,0.0,24.8,0.0,23.8,0.0,23.3,0.0,1.0,1.0,1.0,1.0,1.0,0.95,0.0,4.75,0.0
277,2022-06-22 21:15:00+00:00,0.0,0.0,0.0,0.62,25.5,0.0,25.5,0.0,24.7,0.0,23.7,0.0,23.2,0.0,1.0,1.0,1.0,1.0,1.0,0.95,0.0,4.75,0.0
278,2022-06-22 21:30:00+00:00,0.0,0.0,0.0,0.62,25.4,0.0,25.4,0.0,24.7,0.0,23.7,0.0,23.2,0.0,1.0,1.0,1.0,1.0,1.0,0.95,0.0,4.75,0.0
279,2022-06-22 21:45:00+00:00,0.0,0.0,0.0,0.62,25.4,0.0,25.4,0.0,24.7,0.0,23.6,0.0,23.1,0.0,1.0,1.0,1.0,1.0,1.0,0.96,0.0,4.8,0.0
280,2022-06-22 22:00:00+00:00,0.0,0.0,0.0,0.83,25.3,0.0,25.3,0.0,24.6,0.0,23.6,0.0,23.1,0.0,1.0,1.0,1.0,1.0,1.0,0.96,0.0,4.8,0.0
281,2022-06-22 22:15:00+00:00,0.0,0.0,0.0,0.83,25.3,0.0,25.3,0.0,24.6,0.0,23.5,0.0,23.1,0.0,1.0,1.0,1.0,1.0,1.0,0.97,0.0,4.85,0.0
282,2022-06-22 22:30:00+00:00,0.0,0.0,0.0,0.83,25.3,0.0,25.3,0.0,24.6,0.0,23.5,0.0,23.0,0.0,1.0,1.0,1.0,1.0,1.0,0.97,0.0,4.85,0.0
283,2022-06-22 22:45:00+00:00,0.0,0.0,0.0,0.83,25.2,0.0,25.2,0.0,24.5,0.0,23.5,0.0,23.0,0.0,1.0,1.0,1.0,1.0,1.0,0.97,0.0,4.85,0.0
284,2022-06-22 23:00:00+00:00,0.0,0.0,0.0,0.83,25.2,0.0,25.2,0.0,24.5,0.0,23.4,0.0,22.9,0.0,1.0,1.0,1.0,1.0,1.0,0.98,0.0,4.9,0.0
285,2022-06-22 23:15:00+00:00,0.0,0.0,0.0,0.83,25.1,0.0,25.1,0.0,24.5,0.0,23.4,0.0,22.9,0.0,1.0,1.0,1.0,1.0,1.0,0.98,0.0,4.9,0.0
286,2022-06-22 23:30:00+00:00,0.0,0.0,0.0,0.83,25.1,0.0,25.1,0.0,24.4,0.0,23.3,0.0,22.8,0.0,1.0,1.0,1.0,1.0,1.0,0.99,0.0,4.95,0.0
287,2022-06-22 23:45:00+00:00,0.0,0.0,0.0,0.83,25.1,0.0,25.1,0.0,24.4,0.0,23.3,0.0,22.8,0.0,1.0,1.0,1.0,1.0,1.0,0.99,0.0,4.95,0.0
288,2022-06-23 00:00:00+00:00,0.0,0.0,0.0,1.0,25.0,0.0,25.0,0.0,24.4,0.0,23.2,0.0,22.7,0.0,1.0,1.0,1.0,1.0,1.0,0.99,0.0,4.95,0.0
289,2022-06-23 00:15:00+00:00,0.0,0.0,0.0,1.0,25.0,0.0,25.0,0.0,24.3,0.0,23.2,0.0,22.7,0.0,1.0,1.0,1.0,1.0,1.0,1.0,0.0,5.0,0.0
290,2022-06-23 00:30:00+00:00,0.0,0.0,0.0,1.0,25.0,0.0,25.0,0.0,24.3,0.0,23.1,0.0,22.6,0.0,1.0,1.0,1.0,1.0,1.0,1.0,0.0,5.0,0.0
291,2022-06-23 00:45:00+00:00,0.0,0.0,0.0,1.0,24.9,0.0,24.9,0.0,24.2,0.0,23.1,0.0,22.6,0.0,1.0,1.0,1.0,1.0,1.0,1.0,0.0,5.0,0.0
292,2022-06-23 01:00:00+00:00,0.0,0.0,0.0,1.0,24.9,0.0,24.9,0.0,24.2,0.0,23.0,0.0,22.5,0.0,1.0,1.0,1.0,1.0,1.0,1.0,0.0,5.0,0.0
293,2022-06-23 01:15:00+00:00,0.0,0.0,0.0,1.0,24.8,0.0,24.8,0.0,24.2,0.0,23.0,0.0,22.5,0.0,1.0,1.0,1.0,1.0,1.0,1.0,0.0,5.0,0.0
294,2022-06-23 01:30:00+00:00,0.0,0.0,0.0,1.0,24.8,0.0,24.8,0.0,24.1,0.0,23.0,0.0,22.4,0.0,1.0,1.0,1.0,1.0,1.0,1.0,0.0,5.0,0.0
295,2022-06-23 01:45:00+00:00,0.0,0.0,0.0,1.0,24.8,0.0,24.8,0.0,24.1,0.0,22.9,0.0,22.4,0.0,1.0,1.0,1.0,1.0,1.0,1.0,0.0,5.0,0.0
296,2022-06-23 02:00:00+00:00,0.0,0.0,0.0,0.92,24.7,0.0,24.7,0.0,24.1,0.0,22.9,0.0,22.3,0.0,1.0,1.0,1.0,1.0,1.0,1.0,0.0,5.0,0.0
297,2022-06-23 02:15:00+00:00,0.0,0.0,0.0,0.92,24.7,0.0,24.7,0.0,24.0,0.0,22.8,0.0,22.3,0.0,1.0,1.0,1.0,1.0,1.0,1.0,0.0,5.0,0.0
298,2022-06-23 02:30:00+00:00,0.0,0.0,0.0,0.92,24.6,0.0,24.6,0.0,24.0,0.0,22.8,0.0,22.2,0.0,1.0,1.0,1.0,1.0,1.0,1.0,0.0,5.0,0.0
299,2022-06-23 02:45:00+00:00,0.0,0.0,0.0,0.92,24.6,0.0,24.6,0.0,23.9,0.0,22.7,0.0,22.2,0.0,1.0,1.0,1.0,1.0,1.0,1.0,0.0,5.0,0.0
300,2022-06-23 03:00:00+00:00,0.0,0.0,0.0,0.88,24.5,0.0,24.5,0.0,23.9,0.0,22.7,0.0,22.1,0.0,1.0,1.0,1.0,1.0,1.0,1.0,0.0,5.0,0.0
301,2022-06-23 03:15:00+00:00,0.0,0.0,0.0,0.88,24.5,0.0,24.5,0.0,23.9,0.0,22.6,0.0,22.1,0.0,1.0,1.0,1.0,1.0,1.0,1.0,0.0,5.0,0.0
302,2022-06-23 03:30:00+00:00,0.0,0.0,0.0,0.88,24.5,0.0,24.5,0.0,23.8,0.0,22.6,0.0,22.0,0.0,1.0,1.0,1.0,1.0,1.0,1.0,0.0,5.0,0.0
303,2022-06-23 03:45:00+00:00,0.0,0.0,0.0,0.88,24.4,0.0,24.4,0.0,23.8,0.0,22.5,0.0,22.0,0.0,1.0,1.0,1.0,1.0,1.0,1.0,0.0,5.0,0.0
304,2022-06-23 04:00:00+00:00,0.0,0.0,0.0,0.58,24.4,0.0,24.4,0.0,23.8,0.0,22.5,0.0,21.9,0.0,1.0,1.0,1.0,1.0,1.0,1.0,0.0,5.0,0.0
305,2022-06-23 04:15:00+00:00,0.0,0.0,0.0,0.58,24.4,0.0,24.4,0.0,23.7,0.0,22.5,0.0,21.9,0.0,1.0,1.0,1.0,1.0,1.0,1.0,0.0,5.0,0.0
306,2022-06-23 04:30:00+00:00,0.0,0.0,0.0,0.58,24.3,0.0,24.3,0.0,23.7,0.0,22.4,0.0,21.9,0.0,1.0,1.0,1.0,1.0,1.0,1.0,0.0,5.0,0.0
307,2022-06-23 04:45:00+00:00,0.0,0.0,0.0,0.58,24.3,0.0,24.3,0.0,23.7,0.0,22.4,0.0,21.8,0.0,1.0,1.0,1.0,1.0,1.0,1.0,0.0,5.0,0.0
308,2022-06-23 05:00:00+00:00,0.0,0.0,0.0,0.21,24.3,0.0,24.3,0.0,23.7,0.0,22.4,0.0,21.8,0.0,1.0,1.0,1.0,1.0,1.0,1.0,0.0,5.0,0.0
309,2022-06-23 05:15:00+00:00,0.0,0.0,0.0,0.21,24.3,0.0,24.3,0.0,23.6,0.0,22.3,0.0,21.8,0.0,1.0,1.0,1.0,1.0,1.0,1.0,0.0,5.0,0.0
310,2022-06-23 05:30:00+00:00,0.0,0.0,0.0,0.21,24.3,0.0,24.3,0.0,23.6,0.0,22.3,0.0,21.8,0.0,1.0,1.0,1.0,1.0,1.0,1.0,0.0,5.0,0.0
311,2022-06-23 05:45:00+00:00,0.0,0.0,0.0,0.21,24.3,0.0,24.3,0.0,23.6,0.0,22.4,0.0,21.8,0.0,1.0,1.0,1.0,1.0,1.0,1.0,0.0,5.0,0.0
312,2022-06-23 06:00:00+00:00,0.0,0.0,0.0,0.12,24.3,0.0,24.3,0.0,23.7,0.0,22.4,0.0,21.8,0.0,1.0,1.0,1.0,1.0,1.0,1.0,0.0,5.0,0.0
313,2022-06-23 06:15:00+00:00,0.0,0.0,0.0,0.12,24.4,0.0,24.4,0.0,23.7,0.0,22.4,0.0,21.9,0.0,1.0,1.0,1.0,1.0,1.0,1.0,0.0,5.0,0.0
314,2022-06-23 06:30:00+00:00,0.0,0.0,0.0,0.12,24.4,0.0,24.4,0.0,23.8,0.0,22.5,0.0,21.9,0.0,1.0,1.0,1.0,1.0,1.0,1.0,0.0,5.0,0.0
315,2022-06-23 06:45:00+00:00,0.0,0.0,0.0,0.12,24.5,0.0,24.5,0.0,23.8,0.0,22.6,0.0,22.0,0.0,1.0,1.0,1.0,1.0,1.0,1.0,0.0,5.0,0.0
316,2022-06-23 07:00:00+00:00,0.0,0.0,0.0,0.29,24.6,0.0,24.6,0.0,23.9,0.0,22.6,0.0,22.1,0.0,1.0,1.0,1.0,1.0,1.0,1.0,0.0,5.0,0.0
317,2022-06-23 07:15:00+00:00,0.0,0.0,0.0,0.29,24.6,0.0,24.6,0.0,24.0,0.0,22.7,0.0,22.2,0.0,1.0,1.0,1.0,1.0,1.0,1.0,0.0,5.0,0.0
318,2022-06-23 07:30:00+00:00,0.0,0.0,0.0,0.29,24.7,0.0,24.7,0.0,24.0,0.0,22.8,0.0,22.3,0.0,1.0,1.0,1.0,1.0,1.0,1.0,0.0,5.0,0.0
319,2022-06-23 07:45:00+00:00,0.0,0.0,0.0,0.29,24.9,0.0,24.9,0.0,24.1,0.0,23.0,0.0,22.4,0.0,1.0,1.0,1.0,1.0,1.0,1.0,0.0,5.0,0.0
320,2022-06-23 08:00:00+00:00,0.0,0.0,0.0,0.38,25.0,0.0,25.0,0.0,24.2,0.0,23.1,0.0,22.6,0.0,1.0,1.0,1.0,1.0,1.0,0.92,0.0,4.6,4.5
321,2022-06-23 08:15:00+00:00,0.0,0.0,0.0,0.38,25.1,0.0,25.1,0.0,24.4,0.0,23.2,-0.0,22.7,-0.0,1.0,1.0,1.0,1.0,1.0,0.91,0.0,4.53,4.1
322,2022-06-23 08:30:00+00:00,0.0,0.0,0.0,0.38,25.2,0.0,25.2,0.0,24.4,0.0,23.3,-0.0,22.9,-0.0,1.0,1.0,1.0,1.0,1.0,0.89,0.0,4.43,3.8
323,2022-06-23 08:45:00+00:00,0.0,0.0,0.0,0.38,25.3,0.0,25.3,0.0,24.5,0.0,23.5,-0.0,23.0,-0.0,1.0,1.0,1.0,1.0,1.0,0.88,0.0,4.38,3.4
324,2022-06-23 09:00:00+00:00,0.0,0.0,0.0,0.42,25.4,0.0,25.4,0.0,24.6,0.0,23.6,-0.0,23.1,-0.0,1.0,1.0,1.0,1.0,1.0,0.86,0.0,4.3,3.1
325,2022-06-23 09:15:00+00:00,0.0,0.0,0.0,0.42,25.6,0.0,25.6,0.0,24.8,0.0,23.8,-0.0,23.3,-0.0,1.0,1.0,1.0,1.0,1.0,0.85,0.0,4.23,2.5
326,2022-06-23 09:30:00+00:00,0.0,0.0,0.0,0.42,25.7,0.0,25.7,0.0,24.8,0.0,23.9,-0.0,23.4,-0.0,1.0,1.0,1.0,1.0,1.0,0.82,0.0,4.08,2.3
327,2022-06-23 09:45:00+00:00,0.0,0.0,0.0,0.42,25.8,0.0,25.8,0.0,25.0,0.0,24.1,-0.0,23.6,-0.0,1.0,1.0,1.0,1.0,1.0,0.81,0.0,4.03,1.9
328,2022-06-23 10:00:00+00:00,0.0,0.0,0.0,0.5,26.0,0.0,26.0,0.0,25.1,0.0,24.2,0.0,23.8,-0.0,1.0,1.0,1.0,1.0,1.0,0.79,0.0,3.93,1.6
329,2022-06-23 10:15:00+00:00,0.0,0.0,0.0,0.5,26.1,0.0,26.1,0.0,25.2,0.0,24.4,0.0,24.0,-0.0,1.0,1.0,1.0,1.0,1.0,0.76,0.0,3.78,1.2
330,2022-06-23 10:30:00+00:00,0.0,0.0,0.0,0.5,26.3,0.0,26.3,0.0,25.4,0.0,24.5,0.0,24.1,-0.0,1.0,1.0,1.0,1.0,1.0,0.73,0.0,3.65,1.0
331,2022-06-23 10:45:00+00:00,0.0,0.0,0.0,0.5,26.4,0.0,26.4,0.0,25.5,0.0,24.7,0.0,24.3,0.0,0.9,0.9,1.0,1.0,1.0,0.7,0.04,3.48,0.6
332,2022-06-23 11:00:00+00:00,0.0,0.0,0.0,0.58,26.6,0.0,26.6,0.0,25.6,0.0,24.9,0.0,24.5,0.0,0.85,0.85,1.0,1.0,1.0,0.66,0.06,3.3,0.3
333,2022-06-23 11:15:00+00:00,0.0,0.0,0.0,0.58,26.7,0.0,26.7,0.0,25.8,0.0,25.0,0.0,24.7,0.0,0.75,0.75,1.0,1.0,1.0,0.62,0.1,3.08,0.1
334,2022-06-23 11:30:00+00:00,0.0,0.0,0.0,0.58,26.9,0.0,26.9,0.0,25.9,0.0,25.2,0.0,24.9,0.0,0.7,0.7,1.0,1.0,1.0,0.58,0.12,2.9,0.0
335,2022-06-23 11:45:00+00:00,0.0,0.0,0.0,0.58,27.0,0.0,27.0,0.0,26.0,0.0,25.4,0.0,25.0,0.0,0.6,0.6,1.0,1.0,1.0,0.54,0.16,2.68,0.0
336,2022-06-23 12:00:00+00:00,0.0,0.0,0.0,0.67,27.2,0.0,27.2,0.0,26.2,0.0,25.6,0.0,25.2,0.0,0.55,0.55,1.0,1.0,1.0,0.51,0.18,2.53,0.0
337,2022-06-23 12:15:00+00:00,0.0,0.0,0.0,0.67,27.3,0.0,27.3,0.0,26.3,0.0,25.7,0.0,25.4,0.0,0.45,0.45,0.95,1.0,1.0,0.46,0.23,2.28,0.0
338,2022-06-23 12:30:00+00:00,0.0,0.0,0.0,0.67,27.5,0.0,27.5,0.0,26.4,0.0,25.9,0.0,25.6,0.0,0.4,0.4,0.9,1.0,1.0,0.43,0.26,2.13,0.2
339,2022-06-23 12:45:00+00:00,0.0,0.0,0.0,0.67,27.5,0.0,27.5,0.0,26.4,0.0,26.0,0.0,25.7,0.0,0.3,0.3,0.85,1.0,1.0,0.38,0.31,1.9,0.2
340,2022-06-23 13:00:00+00:00,0.0,0.0,0.0,0.79,27.6,0.0,27.6,0.0,26.6,0.0,26.1,0.0,25.8,0.0,0.3,0.3,0.85,1.0,1.0,0.37,0.31,1.85,0.4
341,2022-06-23 13:15:00+00:00,1.56,778.7,0.28,0.79,27.6,940.0,27.6,940.0,26.5,790.8,26.1,716.2,25.9,671.4,0.25,0.25,0.75,1.0,1.0,0.34,0.35,1.7,0.4
342,2022-06-23 13:30:00+00:00,1.52,761.5,0.27,0.79,27.6,916.2,27.6,916.2,26.6,756.2,26.2,698.1,25.9,669.0,0.25,0.25,0.8,1.0,1.0,0.34,0.34,1.7,0.4
343,2022-06-23 13:45:00+00:00,1.6,799.9,0.28,0.79,27.5,962.1,27.5,962.1,26.5,804.4,26.2,741.3,25.9,694.0,0.25,0.25,0.75,0.95,1.0,0.33,0.36,1.65,0.2
344,2022-06-23 14:00:00+00:00,1.49,709.6,0.25,0.71,27.7,845.1,27.7,845.1,26.6,711.0,26.3,670.7,26.1,630.5,0.3,0.3,0.8,0.95,1.0,0.35,0.33,1.73,0.6
345,2022-06-23 14:15:00+00:00,1.67,797.3,0.28,0.71,27.7,952.4,27.7,952.4,26.7,768.6,26.4,718.5,26.2,685.0,0.2,0.2,0.75,0.9,1.0,0.31,0.39,1.53,0.6
346,2022-06-23 14:30:00+00:00,1.83,870.1,0.3,0.71,27.8,1016.9,27.8,1016.9,26.7,828.6,26.4,772.1,26.2,734.4,0.2,0.2,0.7,0.85,0.95,0.29,0.42,1.45,0.8
347,2022-06-23 14:45:00+00:00,1.91,910.1,0.31,0.71,27.8,1078.2,27.8,1078.2,26.7,854.4,26.5,793.4,26.3,752.7,0.15,0.15,0.7,0.85,0.95,0.28,0.44,1.4,0.8
348,2022-06-23 15:00:00+00:00,0.0,0.0,0.0,0.5,28.0,0.0,28.0,0.0,26.9,0.0,26.7,0.0,26.5,0.0,0.15,0.15,0.7,0.8,0.9,0.27,0.46,1.35,1.2
349,2022-06-23 15:15:00+00:00,0.0,0.0,0.0,0.5,28.0,0.0,28.0,0.0,27.0,0.0,26.7,0.0,26.6,0.0,0.05,0.05,0.6,0.7,0.8,0.22,0.56,1.1,1.2
350,2022-06-23 15:30:00+00:00,0.0,0.0,0.0,0.5,28.2,0.0,28.2,0.0,27.1,0.0,26.9,0.0,26.7,0.0,0.05,0.05,0.55,0.7,0.75,0.21,0.58,1.05,1.6
351,2022-06-23 15:45:00+00:00,0.0,0.0,0.0,0.5,28.2,0.0,28.2,0.0,27.1,0.0,27.0,0.0,26.8,0.0,0.0,0.0,0.5,0.6,0.7,0.18,0.64,0.9,1.6
352,2022-06-23 16:00:00+00:00,0.0,0.0,0.0,0.25,28.3,0.0,28.3,0.0,27.2,0.0,27.0,0.0,26.9,0.0,0.0,0.0,0.5,0.55,0.65,0.17,0.66,0.85,1.8
353,2022-06-23 16:15:00+00:00,0.0,0.0,0.0,0.25,28.4,0.0,28.4,0.0,27.3,0.0,27.2,0.0,27.0,0.0,0.0,0.0,0.45,0.55,0.6,0.16,0.68,0.8,2.0
354,2022-06-23 16:30:00+00:00,0.0,0.0,0.0,0.25,28.4,0.0,28.4,0.0,27.3,0.0,27.2,0.0,27.1,0.0,0.0,0.0,0.4,0.45,0.55,0.14,0.72,0.7,2.0
355,2022-06-23 16:45:00+00:00,0.0,0.0,0.0,0.25,28.4,0.0,28.4,0.0,27.3,0.0,27.2,0.0,27.1,0.0,0.0,0.0,0.4,0.45,0.5,0.14,0.73,0.68,2.0
356,2022-06-23 17:00:00+00:00,0.0,0.0,0.0,0.04,28.4,0.0,28.4,0.0,27.3,0.0,27.3,0.0,27.2,0.0,0.3,0.3,0.85,0.9,0.95,0.33,0.34,1.65,0.0
357,2022-06-23 17:15:00+00:00,0.0,0.0,0.0,0.04,28.5,0.0,28.5,0.0,27.4,0.0,27.4,0.0,27.3,0.0,0.3,0.3,0.85,0.85,0.9,0.32,0.36,1.6,0.0
358,2022-06-23 17:30:00+00:00,0.0,0.0,0.0,0.04,28.5,0.0,28.5,0.0,27.4,0.0,27.4,0.0,27.3,0.0,0.25,0.25,0.8,0.8,0.85,0.3,0.41,1.48,0.0
359,2022-06-23 17:45:00+00:00,0.0,0.0,0.0,0.04,28.5,0.0,28.5,0.0,27.4,0.0,27.4,0.0,27.3,0.0,0.25,0.25,0.8,0.8,0.85,0.3,0.41,1.48,0.0
360,2022-06-23 18:00:00+00:00,0.0,0.0,0.0,0.08,28.5,0.0,28.5,0.0,27.4,0.0,27.4,0.0,27.3,0.0,0.25,0.25,0.8,0.8,0.85,0.3,0.41,1.48,0.0
361,2022-06-23 18:15:00+00:00,0.0,0.0,0.0,0.08,28.5,0.0,28.5,0.0,27.5,0.0,27.5,0.0,27.4,0.0,0.25,0.25,0.8,0.8,0.85,0.3,0.41,1.48,0.0
362,2022-06-23 18:30:00+00:00,0.0,0.0,0.0,0.08,28.5,0.0,28.5,0.0,27.5,0.0,27.5,0.0,27.4,0.0,0.25,0.25,0.75,0.75,0.8,0.28,0.44,1.4,0.0
363,2022-06-23 18:45:00+00:00,0.0,0.0,0.0,0.08,28.5,0.0,28.5,0.0,27.5,0.0,27.5,0.0,27.4,0.0,0.25,0.25,0.75,0.75,0.8,0.28,0.44,1.4,0.0
364,2022-06-23 19:00:00+00:00,0.0,0.0,0.0,0.17,28.5,0.0,28.5,0.0,27.5,0.0,27.5,0.0,27.4,0.0,0.25,0.25,0.75,0.75,0.8,0.28,0.44,1.4,0.0
365,2022-06-23 19:15:00+00:00,0.0,0.0,0.0,0.17,28.5,0.0,28.5,0.0,27.5,0.0,27.5,0.0,27.4,0.0,0.25,0.25,0.75,0.75,0.8,0.28,0.44,1.4,0.0
366,2022-06-23 19:30:00+00:00,0.0,0.0,0.0,0.17,28.5,0.0,28.5,0.0,27.5,0.0,27.5,0.0,27.4,0.0,0.25,0.25,0.75,0.75,0.8,0.28,0.44,1.4,0.0
367,2022-06-23 19:45:00+00:00,0.0,0.0,0.0,0.17,28.5,0.0,28.5,0.0,27.4,0.0,27.5,0.0,27.4,0.0,0.25,0.25,0.75,0.75,0.8,0.28,0.44,1.4,0.0
368,2022-06-23 20:00:00+00:00,0.0,0.0,0.0,0.38,28.5,0.0,28.5,0.0,27.4,0.0,27.4,0.0,27.4,0.0,0.25,0.25,0.8,0.75,0.8,0.29,0.43,1.43,0.0
369,2022-06-23 20:15:00+00:00,0.0,0.0,0.0,0.38,28.4,0.0,28.4,0.0,27.4,0.0,27.4,0.0,27.3,0.0,0.25,0.25,0.8,0.8,0.8,0.29,0.42,1.45,0.0
370,2022-06-23 20:30:00+00:00,0.0,0.0,0.0,0.38,28.4,0.0,28.4,0.0,27.4,0.0,27.4,0.0,27.3,0.0,0.3,0.3,0.8,0.8,0.85,0.31,0.39,1.53,0.0
371,2022-06-23 20:45:00+00:00,0.0,0.0,0.0,0.38,28.4,0.0,28.4,0.0,27.4,0.0,27.3,0.0,27.3,0.0,0.3,0.3,0.8,0.8,0.85,0.31,0.39,1.53,0.0
372,2022-06-23 21:00:00+00:00,0.0,0.0,0.0,0.62,28.3,0.0,28.3,0.0,27.3,0.0,27.3,0.0,27.2,0.0,0.3,0.3,0.8,0.85,0.85,0.31,0.38,1.55,0.0
373,2022-06-23 21:15:00+00:00,0.0,0.0,0.0,0.62,28.3,0.0,28.3,0.0,27.3,0.0,27.3,0.0,27.1,0.0,0.35,0.35,0.85,0.85,0.9,0.33,0.34,1.65,0.0
374,2022-06-23 21:30:00+00:00,0.0,0.0,0.0,0.62,28.3,0.0,28.3,0.0,27.2,0.0,27.2,0.0,27.1,0.0,0.35,0.35,0.85,0.85,0.95,0.33,0.33,1.67,0.0
375,2022-06-23 21:45:00+00:00,0.0,0.0,0.0,0.62,28.2,0.0,28.2,0.0,27.2,0.0,27.1,0.0,27.0,0.0,0.35,0.35,0.9,0.9,0.95,0.34,0.31,1.72,0.0
376,2022-06-23 22:00:00+00:00,0.0,0.0,0.0,0.75,28.1,0.0,28.1,0.0,27.2,0.0,27.1,0.0,26.9,0.0,0.4,0.4,0.9,0.95,1.0,0.37,0.27,1.83,0.0
377,2022-06-23 22:15:00+00:00,0.0,0.0,0.0,0.75,28.1,0.0,28.1,0.0,27.1,0.0,27.0,0.0,26.9,0.0,0.45,0.45,0.9,0.95,1.0,0.38,0.25,1.9,0.0
378,2022-06-23 22:30:00+00:00,0.0,0.0,0.0,0.75,28.0,0.0,28.0,0.0,27.1,0.0,26.9,0.0,26.8,0.0,0.45,0.45,0.95,1.0,1.0,0.39,0.23,1.95,0.0
379,2022-06-23 22:45:00+00:00,0.0,0.0,0.0,0.75,28.0,0.0,28.0,0.0,27.0,0.0,26.9,0.0,26.7,0.0,0.5,0.5,0.95,1.0,1.0,0.41,0.21,2.05,0.0
380,2022-06-23 23:00:00+00:00,0.0,0.0,0.0,0.83,27.9,0.0,27.9,0.0,27.0,0.0,26.8,0.0,26.6,0.0,0.5,0.5,1.0,1.0,1.0,0.42,0.2,2.1,0.0
381,2022-06-23 23:15:00+00:00,0.0,0.0,0.0,0.83,27.9,0.0,27.9,0.0,26.9,0.0,26.7,0.0,26.5,0.0,0.55,0.55,1.0,1.0,1.0,0.44,0.18,2.2,0.0
382,2022-06-23 23:30:00+00:00,0.0,0.0,0.0,0.83,27.8,0.0,27.8,0.0,26.9,0.0,26.6,0.0,26.4,0.0,0.55,0.55,1.0,1.0,1.0,0.46,0.18,2.28,0.0
383,2022-06-23 23:45:00+00:00,0.0,0.0,0.0,0.83,27.8,0.0,27.8,0.0,26.8,0.0,26.6,0.0,26.4,0.0,0.6,0.6,1.0,1.0,1.0,0.48,0.16,2.38,0.0
384,2022-06-24 00:00:00+00:00,0.0,0.0,0.0,0.92,27.7,0.0,27.7,0.0,26.8,0.0,26.5,0.0,26.3,0.0,0.6,0.6,1.0,1.0,1.0,0.48,0.16,2.4,0.0
385,2022-06-24 00:15:00+00:00,0.0,0.0,0.0,0.92,27.7,0.0,27.7,0.0,26.7,0.0,26.4,0.0,26.2,0.0,0.65,0.65,1.0,1.0,1.0,0.5,0.14,2.5,0.0
386,2022-06-24 00:30:00+00:00,0.0,0.0,0.0,0.92,27.6,0.0,27.6,0.0,26.7,0.0,26.3,0.0,26.1,0.0,0.65,0.65,1.0,1.0,1.0,0.52,0.14,2.58,0.0
387,2022-06-24 00:45:00+00:00,0.0,0.0,0.0,0.92,27.6,0.0,27.6,0.0,26.6,0.0,26.3,0.0,26.0,0.0,0.7,0.7,1.0,1.0,1.0,0.53,0.12,2.67,0.0
388,2022-06-24 01:00:00+00:00,0.0,0.0,0.0,1.0,27.5,0.0,27.5,0.0,26.6,0.0,26.2,0.0,26.0,0.0,0.7,0.7,1.0,1.0,1.0,0.54,0.12,2.72,0.0
389,2022-06-24 01:15:00+00:00,0.0,0.0,0.0,1.0,27.4,0.0,27.4,0.0,26.5,0.0,26.1,0.0,25.9,0.0,0.75,0.75,1.0,1.0,1.0,0.56,0.1,2.8,0.0
390,2022-06-24 01:30:00+00:00,0.0,0.0,0.0,1.0,27.4,0.0,27.4,0.0,26.5,0.0,26.1,0.0,25.8,0.0,0.8,0.8,1.0,1.0,1.0,0.59,0.08,2.93,0.0
391,2022-06-24 01:45:00+00:00,0.0,0.0,0.0,1.0,27.3,0.0,27.3,0.0,26.4,0.0,26.0,0.0,25.7,0.0,0.8,0.8,1.0,1.0,1.0,0.59,0.08,2.95,0.0
392,2022-06-24 02:00:00+00:00,0.0,0.0,0.0,0.96,27.3,0.0,27.3,0.0,26.4,0.0,25.9,0.0,25.7,0.0,0.85,0.85,1.0,1.0,1.0,0.62,0.06,3.08,0.0
393,2022-06-24 02:15:00+00:00,0.0,0.0,0.0,0.96,27.2,0.0,27.2,0.0,26.3,0.0,25.9,0.0,25.6,0.0,0.85,0.85,1.0,1.0,1.0,0.62,0.06,3.1,0.0
394,2022-06-24 02:30:00+00:00,0.0,0.0,0.0,0.96,27.2,0.0,27.2,0.0,26.3,0.0,25.8,0.0,25.5,0.0,0.9,0.9,1.0,1.0,1.0,0.64,0.04,3.2,0.0
395,2022-06-24 02:45:00+00:00,0.0,0.0,0.0,0.96,27.1,0.0,27.1,0.0,26.2,0.0,25.7,0.0,25.4,0.0,0.9,0.9,1.0,1.0,1.0,0.65,0.04,3.25,0.0
396,2022-06-24 03:00:00+00:00,0.0,0.0,0.0,0.88,27.1,0.0,27.1,0.0,26.2,0.0,25.7,0.0,25.4,0.0,0.95,0.95,1.0,1.0,1.0,0.68,0.02,3.38,0.0
397,2022-06-24 03:15:00+00:00,0.0,0.0,0.0,0.88,27.0,0.0,27.0,0.0,26.1,0.0,25.6,0.0,25.3,0.0,0.95,0.95,1.0,1.0,1.0,0.68,0.02,3.38,0.0
398,2022-06-24 03:30:00+00:00,0.0,0.0,0.0,0.88,27.0,0.0,27.0,0.0,26.1,0.0,25.5,0.0,25.2,0.0,1.0,1.0,1.0,1.0,1.0,0.7,0.0,3.5,0.0
399,2022-06-24 03:45:00+00:00,0.0,0.0,0.0,0.88,26.9,0.0,26.9,0.0,26.0,0.0,25.4,0.0,25.1,0.0,1.0,1.0,1.0,1.0,1.0,0.71,0.0,3.55,0.0
400,2022-06-24 04:00:00+00:00,0.0,0.0,0.0,0.5,26.9,0.0,26.9,0.0,26.0,0.0,25.4,0.0,25.0,0.0,1.0,1.0,1.0,1.0,1.0,0.74,0.0,3.68,0.0
401,2022-06-24 04:15:00+00:00,0.0,0.0,0.0,0.5,26.8,0.0,26.8,0.0,25.9,0.0,25.3,0.0,25.0,0.0,1.0,1.0,1.0,1.0,1.0,0.74,0.0,3.7,0.0
402,2022-06-24 04:30:00+00:00,0.0,0.0,0.0,0.5,26.8,0.0,26.8,0.0,25.9,0.0,25.3,0.0,24.9,0.0,1.0,1.0,1.0,1.0,1.0,0.76,0.0,3.8,0.0
403,2022-06-24 04:45:00+00:00,0.0,0.0,0.0,0.5,26.8,0.0,26.8,0.0,25.9,0.0,25.2,0.0,24.9,0.0,1.0,1.0,1.0,1.0,1.0,0.76,0.0,3.8,0.0
404,2022-06-24 05:00:00+00:00,0.0,0.0,0.0,0.29,26.7,0.0,26.7,0.0,25.9,0.0,25.2,0.0,24.8,0.0,1.0,1.0,1.0,1.0,1.0,0.76,0.0,3.82,0.0
405,2022-06-24 05:15:00+00:00,0.0,0.0,0.0,0.29,26.7,0.0,26.7,0.0,25.9,0.0,25.2,0.0,24.8,0.0,1.0,1.0,1.0,1.0,1.0,0.78,0.0,3.88,0.0
406,2022-06-24 05:30:00+00:00,0.0,0.0,0.0,0.29,26.7,0.0,26.7,0.0,25.8,0.0,25.1,0.0,24.8,0.0,1.0,1.0,1.0,1.0,1.0,0.78,0.0,3.88,0.0
407,2022-06-24 05:45:00+00:00,0.0,0.0,0.0,0.29,26.7,0.0,26.7,0.0,25.8,0.0,25.1,0.0,24.8,0.0,1.0,1.0,1.0,1.0,1.0,0.78,0.0,3.92,0.0
408,2022-06-24 06:00:00+00:00,0.0,0.0,0.0,0.12,26.7,0.0,26.7,0.0,25.9,0.0,25.1,0.0,24.8,0.0,1.0,1.0,1.0,1.0,1.0,0.78,0.0,3.92,0.0
409,2022-06-24 06:15:00+00:00,0.0,0.0,0.0,0.12,26.8,0.0,26.8,0.0,25.9,0.0,25.2,0.0,24.8,0.0,1.0,1.0,1.0,1.0,1.0,0.78,0.0,3.9,0.0
410,2022-06-24 06:30:00+00:00,0.0,0.0,0.0,0.12,26.8,0.0,26.8,0.0,25.9,0.0,25.2,0.0,24.8,0.0,1.0,1.0,1.0,1.0,1.0,0.76,0.0,3.82,0.0
411,2022-06-24 06:45:00+00:00,0.0,0.0,0.0,0.12,26.8,0.0,26.8,0.0,25.9,0.0,25.2,0.0,24.8,0.0,1.0,1.0,1.0,1.0,1.0,0.76,0.0,3.82,0.0
412,2022-06-24 07:00:00+00:00,0.0,0.0,0.0,0.17,26.8,0.0,26.8,0.0,25.9,0.0,25.1,0.0,24.8,0.0,1.0,1.0,1.0,1.0,1.0,0.76,0.0,3.82,0.0
413,2022-06-24 07:15:00+00:00,0.0,0.0,0.0,0.17,26.8,0.0,26.8,0.0,25.9,0.0,25.2,0.0,24.8,0.0,1.0,1.0,1.0,1.0,1.0,0.77,0.0,3.85,0.0
414,2022-06-24 07:30:00+00:00,0.0,0.0,0.0,0.17,26.9,0.0,26.9,0.0,26.0,0.0,25.2,0.0,24.8,0.0,1.0,1.0,1.0,1.0,1.0,0.76,0.0,3.82,0.0
415,2022-06-24 07:45:00+00:00,0.0,0.0,0.0,0.17,26.9,0.0,26.9,0.0,26.0,0.0,25.3,0.0,24.9,0.0,1.0,1.0,1.0,1.0,1.0,0.75,0.0,3.75,0.0
416,2022-06-24 08:00:00+00:00,0.0,0.0,0.0,0.33,27.0,0.0,27.0,0.0,26.1,0.0,25.3,0.0,24.9,0.0,0.6,0.6,1.0,1.0,1.0,0.53,0.16,2.63,0.0
417,2022-06-24 08:15:00+00:00,0.0,0.0,0.0,0.33,27.0,0.0,27.0,0.0,26.1,0.0,25.3,0.0,25.0,0.0,0.55,0.55,1.0,1.0,1.0,0.51,0.18,2.55,0.0
418,2022-06-24 08:30:00+00:00,0.0,0.0,0.0,0.33,27.2,0.0,27.2,0.0,26.2,0.0,25.5,0.0,25.1,0.0,0.55,0.55,1.0,1.0,1.0,0.51,0.18,2.53,0.0
419,2022-06-24 08:45:00+00:00,0.0,0.0,0.0,0.33,27.3,0.0,27.3,0.0,26.3,0.0,25.6,0.0,25.2,0.0,0.45,0.45,0.95,1.0,1.0,0.47,0.23,2.33,0.0
420,2022-06-24 09:00:00+00:00,0.0,0.0,0.0,0.42,27.4,0.0,27.4,0.0,26.4,0.0,25.7,0.0,25.3,0.0,0.4,0.4,0.9,1.0,1.0,0.44,0.26,2.2,0.0
421,2022-06-24 09:15:00+00:00,0.0,0.0,0.0,0.42,27.5,0.0,27.5,0.0,26.5,0.0,25.8,0.0,25.4,0.0,0.35,0.35,0.85,1.0,1.0,0.42,0.29,2.08,0.2
422,2022-06-24 09:30:00+00:00,0.0,0.0,0.0,0.42,27.6,0.0,27.6,0.0,26.5,0.0,25.9,0.0,25.5,0.0,0.3,0.3,0.8,1.0,1.0,0.39,0.32,1.95,0.4
423,2022-06-24 09:45:00+00:00,0.0,0.0,0.0,0.42,27.8,0.0,27.8,0.0,26.7,0.0,26.1,0.0,25.7,0.0,0.25,0.25,0.8,1.0,1.0,0.37,0.34,1.85,0.8
424,2022-06-24 10:00:00+00:00,0.0,0.0,0.0,0.54,27.8,0.0,27.8,0.0,26.7,0.0,26.1,0.0,25.8,0.0,0.15,0.15,0.7,1.0,1.0,0.32,0.4,1.6,0.8
425,2022-06-24 10:15:00+00:00,0.0,0.0,0.0,0.54,28.0,0.0,28.0,0.0,26.9,0.0,26.3,0.0,25.9,0.0,0.15,0.15,0.7,1.0,1.0,0.32,0.4,1.58,1.2
426,2022-06-24 10:30:00+00:00,1.38,612.8,0.26,0.54,27.8,893.2,27.8,893.2,26.8,707.8,26.2,606.7,25.9,539.3,0.05,0.05,0.6,0.9,1.0,0.27,0.48,1.35,0.8
427,2022-06-24 10:45:00+00:00,1.35,600.4,0.25,0.54,27.8,840.7,27.8,840.7,26.8,693.2,26.2,604.7,25.9,560.5,0.15,0.15,0.65,0.95,1.0,0.3,0.42,1.5,0.8
428,2022-06-24 11:00:00+00:00,1.49,679.2,0.28,0.67,27.8,940.4,27.8,940.4,26.7,775.4,26.2,676.4,25.9,626.9,0.15,0.15,0.65,0.95,1.0,0.3,0.42,1.5,0.8
429,2022-06-24 11:15:00+00:00,1.47,666.1,0.27,0.67,27.7,921.9,27.7,921.9,26.6,747.1,26.1,667.6,25.8,619.9,0.15,0.15,0.7,0.95,1.0,0.31,0.41,1.53,0.6
430,2022-06-24 11:30:00+00:00,0.0,0.0,0.0,0.67,28.0,0.0,28.0,0.0,26.9,0.0,26.4,0.0,26.1,0.0,0.2,0.2,0.75,1.0,1.0,0.33,0.37,1.65,1.2
431,2022-06-24 11:45:00+00:00,0.0,0.0,0.0,0.67,28.0,0.0,28.0,0.0,26.9,0.0,26.4,0.0,26.1,0.0,0.05,0.05,0.6,0.85,1.0,0.26,0.49,1.28,1.2
432,2022-06-24 12:00:00+00:00,0.0,0.0,0.0,0.71,28.1,0.0,28.1,0.0,27.0,0.0,26.5,0.0,26.2,0.0,0.05,0.05,0.6,0.85,1.0,0.26,0.49,1.28,1.4
433,2022-06-24 12:15:00+00:00,0.0,0.0,0.0,0.71,28.1,0.0,28.1,0.0,27.0,0.0,26.5,0.0,26.2,0.0,0.0,0.0,0.55,0.8,0.95,0.23,0.54,1.15,1.4
434,2022-06-24 12:30:00+00:00,2.02,938.9,0.38,0.71,27.8,1319.2,27.8,1319.2,26.8,1003.8,26.4,860.4,26.1,774.3,0.0,0.0,0.55,0.8,0.95,0.23,0.54,1.15,0.8
435,2022-06-24 12:45:00+00:00,1.64,760.7,0.31,0.71,28.0,1034.8,28.0,1034.8,26.9,839.6,26.5,761.5,26.2,702.9,0.15,0.15,0.65,0.85,1.0,0.28,0.44,1.4,1.2
436,2022-06-24 13:00:00+00:00,2.12,999.7,0.4,0.79,27.9,1356.4,27.9,1356.4,26.9,1045.6,26.5,932.5,26.2,847.8,0.05,0.05,0.6,0.8,0.95,0.25,0.51,1.23,1.0
437,2022-06-24 13:15:00+00:00,2.04,960.5,0.39,0.79,27.9,1283.7,27.9,1283.7,26.9,1021.7,26.5,917.0,26.2,838.4,0.1,0.1,0.6,0.8,0.95,0.26,0.49,1.28,1.0
438,2022-06-24 13:30:00+00:00,2.06,967.2,0.39,0.79,27.8,1286.5,27.8,1286.5,26.8,1023.9,26.4,918.9,26.2,840.1,0.1,0.1,0.6,0.8,0.95,0.26,0.49,1.28,0.8
439,2022-06-24 13:45:00+00:00,1.9,894.5,0.36,0.79,27.8,1175.1,27.8,1175.1,26.8,949.1,26.4,858.7,26.2,813.5,0.15,0.15,0.65,0.85,0.95,0.28,0.45,1.38,0.8
440,2022-06-24 14:00:00+00:00,1.66,753.8,0.3,0.67,27.7,1009.3,27.7,1009.3,26.7,815.2,26.4,737.6,26.1,698.8,0.15,0.15,0.65,0.85,0.95,0.28,0.45,1.38,0.6
441,2022-06-24 14:15:00+00:00,1.5,680.8,0.27,0.67,27.6,910.6,27.6,910.6,26.7,745.1,26.3,695.4,26.1,645.7,0.2,0.2,0.7,0.85,1.0,0.3,0.41,1.48,0.4
442,2022-06-24 14:30:00+00:00,1.37,624.0,0.25,0.67,27.6,833.6,27.6,833.6,26.7,702.0,26.3,643.5,26.1,614.2,0.25,0.25,0.7,0.9,1.0,0.31,0.38,1.55,0.4
443,2022-06-24 14:45:00+00:00,1.39,632.1,0.25,0.67,27.7,837.3,27.7,837.3,26.7,705.1,26.4,646.3,26.1,616.9,0.25,0.25,0.7,0.9,1.0,0.31,0.38,1.55,0.6
444,2022-06-24 15:00:00+00:00,0.0,0.0,0.0,0.38,27.9,0.0,27.9,0.0,26.9,0.0,26.5,0.0,26.3,0.0,0.2,0.2,0.7,0.85,1.0,0.3,0.41,1.48,1.0
445,2022-06-24 15:15:00+00:00,0.0,0.0,0.0,0.38,27.9,0.0,27.9,0.0,26.9,0.0,26.5,0.0,26.3,0.0,0.1,0.1,0.6,0.8,0.9,0.25,0.5,1.25,1.0
446,2022-06-24 15:30:00+00:00,0.0,0.0,0.0,0.38,27.9,0.0,27.9,0.0,26.9,0.0,26.5,0.0,26.3,0.0,0.1,0.1,0.6,0.8,0.9,0.25,0.5,1.25,1.0
447,2022-06-24 15:45:00+00:00,0.0,0.0,0.0,0.38,27.9,0.0,27.9,0.0,26.9,0.0,26.5,0.0,26.3,0.0,0.1,0.1,0.6,0.8,0.9,0.25,0.5,1.25,1.0
448,2022-06-24 16:00:00+00:00,0.0,0.0,0.0,0.21,27.9,0.0,27.9,0.0,26.9,0.0,26.5,0.0,26.3,0.0,0.1,0.1,0.6,0.8,0.9,0.25,0.5,1.25,1.0
449,2022-06-24 16:15:00+00:00,0.0,0.0,0.0,0.21,27.8,0.0,27.8,0.0,26.8,0.0,26.5,0.0,26.2,0.0,0.1,0.1,0.6,0.8,0.9,0.25,0.5,1.25,0.8
450,2022-06-24 16:30:00+00:00,0.0,0.0,0.0,0.21,27.8,0.0,27.8,0.0,26.8,0.0,26.4,0.0,26.2,0.0,0.15,0.15,0.65,0.8,0.95,0.27,0.46,1.35,0.8
451,2022-06-24 16:45:00+00:00,0.0,0.0,0.0,0.21,27.7,0.0,27.7,0.0,26.7,0.0,26.3,0.0,26.1,0.0,0.15,0.15,0.65,0.85,0.95,0.28,0.45,1.38,0.6
452,2022-06-24 17:00:00+00:00,0.0,0.0,0.0,0.04,27.6,0.0,27.6,0.0,26.7,0.0,26.2,0.0,26.0,0.0,0.65,0.65,1.0,1.0,1.0,0.52,0.14,2.62,0.0
453,2022-06-24 17:15:00+00:00,0.0,0.0,0.0,0.04,27.6,0.0,27.6,0.0,26.6,0.0,26.2,0.0,25.9,0.0,0.7,0.7,1.0,1.0,1.0,0.54,0.12,2.72,0.0
454,2022-06-24 17:30:00+00:00,0.0,0.0,0.0,0.04,27.5,0.0,27.5,0.0,26.6,0.0,26.1,0.0,25.8,0.0,0.7,0.7,1.0,1.0,1.0,0.55,0.12,2.77,0.0
455,2022-06-24 17:45:00+00:00,0.0,0.0,0.0,0.04,27.5,0.0,27.5,0.0,26.5,0.0,26.0,0.0,25.8,0.0,0.75,0.75,1.0,1.0,1.0,0.57,0.1,2.87,0.0
456,2022-06-24 18:00:00+00:00,0.0,0.0,0.0,0.08,27.4,0.0,27.4,0.0,26.5,0.0,26.0,0.0,25.7,0.0,0.75,0.75,1.0,1.0,1.0,0.58,0.1,2.92,0.0
457,2022-06-24 18:15:00+00:00,0.0,0.0,0.0,0.08,27.4,0.0,27.4,0.0,26.4,0.0,25.9,0.0,25.6,0.0,0.8,0.8,1.0,1.0,1.0,0.6,0.08,3.0,0.0
458,2022-06-24 18:30:00+00:00,0.0,0.0,0.0,0.08,27.3,0.0,27.3,0.0,26.4,0.0,25.8,0.0,25.5,0.0,0.8,0.8,1.0,1.0,1.0,0.62,0.08,3.08,0.0
459,2022-06-24 18:45:00+00:00,0.0,0.0,0.0,0.08,27.3,0.0,27.3,0.0,26.3,0.0,25.8,0.0,25.5,0.0,0.85,0.85,1.0,1.0,1.0,0.64,0.06,3.18,0.0
460,2022-06-24 19:00:00+00:00,0.0,0.0,0.0,0.25,27.2,0.0,27.2,0.0,26.3,0.0,25.7,0.0,25.4,0.0,0.85,0.85,1.0,1.0,1.0,0.64,0.06,3.2,0.0
461,2022-06-24 19:15:00+00:00,0.0,0.0,0.0,0.25,27.2,0.0,27.2,0.0,26.2,0.0,25.6,0.0,25.3,0.0,0.9,0.9,1.0,1.0,1.0,0.66,0.04,3.3,0.0
462,2022-06-24 19:30:00+00:00,0.0,0.0,0.0,0.25,27.1,0.0,27.1,0.0,26.2,0.0,25.6,0.0,25.2,0.0,0.9,0.9,1.0,1.0,1.0,0.68,0.04,3.38,0.0
463,2022-06-24 19:45:00+00:00,0.0,0.0,0.0,0.25,27.1,0.0,27.1,0.0,26.1,0.0,25.5,0.0,25.2,0.0,0.95,0.95,1.0,1.0,1.0,0.69,0.02,3.45,0.0
464,2022-06-24 20:00:00+00:00,0.0,0.0,0.0,0.46,27.0,0.0,27.0,0.0,26.1,0.0,25.4,0.0,25.1,0.0,0.95,0.95,1.0,1.0,1.0,0.7,0.02,3.5,0.0
465,2022-06-24 20:15:00+00:00,0.0,0.0,0.0,0.46,27.0,0.0,27.0,0.0,26.0,0.0,25.4,0.0,25.0,0.0,1.0,1.0,1.0,1.0,1.0,0.72,0.0,3.6,0.0
466,2022-06-24 20:30:00+00:00,0.0,0.0,0.0,0.46,26.9,0.0,26.9,0.0,26.0,0.0,25.3,0.0,24.9,0.0,1.0,1.0,1.0,1.0,1.0,0.73,0.0,3.65,0.0
467,2022-06-24 20:45:00+00:00,0.0,0.0,0.0,0.46,26.9,0.0,26.9,0.0,25.9,0.0,25.2,0.0,24.9,0.0,1.0,1.0,1.0,1.0,1.0,0.75,0.0,3.73,0.0
468,2022-06-24 21:00:00+00:00,0.0,0.0,0.0,0.58,26.8,0.0,26.8,0.0,25.9,0.0,25.2,0.0,24.8,0.0,1.0,1.0,1.0,1.0,1.0,0.76,0.0,3.78,0.0
469,2022-06-24 21:15:00+00:00,0.0,0.0,0.0,0.58,26.8,0.0,26.8,0.0,25.9,0.0,25.1,0.0,24.7,0.0,1.0,1.0,1.0,1.0,1.0,0.76,0.0,3.82,0.0
470,2022-06-24 21:30:00+00:00,0.0,0.0,0.0,0.58,26.7,0.0,26.7,0.0,25.8,0.0,25.1,0.0,24.7,0.0,1.0,1.0,1.0,1.0,1.0,0.77,0.0,3.85,0.0
471,2022-06-24 21:45:00+00:00,0.0,0.0,0.0,0.58,26.7,0.0,26.7,0.0,25.8,0.0,25.0,0.0,24.6,0.0,1.0,1.0,1.0,1.0,1.0,0.78,0.0,3.92,0.0
472,2022-06-24 22:00:00+00:00,0.0,0.0,0.0,0.79,26.6,0.0,26.6,0.0,25.7,0.0,24.9,0.0,24.5,0.0,1.0,1.0,1.0,1.0,1.0,0.79,0.0,3.95,0.0
473,2022-06-24 22:15:00+00:00,0.0,0.0,0.0,0.79,26.6,0.0,26.6,0.0,25.7,0.0,24.9,0.0,24.5,0.0,1.0,1.0,1.0,1.0,1.0,0.8,0.0,4.02,0.0
474,2022-06-24 22:30:00+00:00,0.0,0.0,0.0,0.79,26.5,0.0,26.5,0.0,25.6,0.0,24.8,0.0,24.4,0.0,1.0,1.0,1.0,1.0,1.0,0.8,0.0,4.02,0.0
475,2022-06-24 22:45:00+00:00,0.0,0.0,0.0,0.79,26.5,0.0,26.5,0.0,25.6,0.0,24.8,0.0,24.3,0.0,1.0,1.0,1.0,1.0,1.0,0.82,0.0,4.1,0.0
476,2022-06-24 23:00:00+00:00,0.0,0.0,0.0,0.83,26.4,0.0,26.4,0.0,25.5,0.0,24.7,0.0,24.3,0.0,1.0,1.0,1.0,1.0,1.0,0.82,0.0,4.1,0.0
477,2022-06-24 23:15:00+00:00,0.0,0.0,0.0,0.83,26.3,0.0,26.3,0.0,25.5,0.0,24.6,0.0,24.2,0.0,1.0,1.0,1.0,1.0,1.0,0.84,0.0,4.18,0.0
478,2022-06-24 23:30:00+00:00,0.0,0.0,0.0,0.83,26.3,0.0,26.3,0.0,25.4,0.0,24.5,0.0,24.1,0.0,1.0,1.0,1.0,1.0,1.0,0.84,0.0,4.22,0.0
479,2022-06-24 23:45:00+00:00,0.0,0.0,0.0,0.83,26.2,0.0,26.2,0.0,25.4,0.0,24.5,0.0,24.0,0.0,1.0,1.0,1.0,1.0,1.0,0.85,0.0,4.25,0.0
480,2022-06-25 00:00:00+00:00,0.0,0.0,0.0,0.92,26.2,0.0,26.2,0.0,25.3,0.0,24.4,0.0,23.9,0.0,1.0,1.0,1.0,1.0,1.0,0.86,0.0,4.3,0.0
481,2022-06-25 00:15:00+00:00,0.0,0.0,0.0,0.92,26.1,0.0,26.1,0.0,25.3,0.0,24.3,0.0,23.9,0.0,1.0,1.0,1.0,1.0,1.0,0.86,0.0,4.32,0.0
482,2022-06-25 00:30:00+00:00,0.0,0.0,0.0,0.92,26.0,0.0,26.0,0.0,25.2,0.0,24.2,0.0,23.8,0.0,1.0,1.0,1.0,1.0,1.0,0.87,0.0,4.37,0.0
483,2022-06-25 00:45:00+00:00,0.0,0.0,0.0,0.92,26.0,0.0,26.0,0.0,25.1,0.0,24.2,0.0,23.7,0.0,1.0,1.0,1.0,1.0,1.0,0.89,0.0,4.45,0.0
484,2022-06-25 01:00:00+00:00,0.0,0.0,0.0,1.0,25.9,0.0,25.9,0.0,25.1,0.0,24.1,0.0,23.6,0.0,1.0,1.0,1.0,1.0,1.0,0.89,0.0,4.47,0.0
485,2022-06-25 01:15:00+00:00,0.0,0.0,0.0,1.0,25.8,0.0,25.8,0.0,25.0,0.0,24.0,0.0,23.5,0.0,1.0,1.0,1.0,1.0,1.0,0.9,0.0,4.53,0.0
486,2022-06-25 01:30:00+00:00,0.0,0.0,0.0,1.0,25.8,0.0,25.8,0.0,25.0,0.0,23.9,0.0,23.4,0.0,1.0,1.0,1.0,1.0,1.0,0.92,0.0,4.6,0.0
487,2022-06-25 01:45:00+00:00,0.0,0.0,0.0,1.0,25.7,0.0,25.7,0.0,24.9,0.0,23.8,0.0,23.3,0.0,1.0,1.0,1.0,1.0,1.0,0.92,0.0,4.6,0.0
488,2022-06-25 02:00:00+00:00,0.0,0.0,0.0,0.96,25.7,0.0,25.7,0.0,24.8,0.0,23.8,0.0,23.2,0.0,1.0,1.0,1.0,1.0,1.0,0.93,0.0,4.65,0.0
489,2022-06-25 02:15:00+00:00,0.0,0.0,0.0,0.96,25.6,0.0,25.6,0.0,24.8,0.0,23.7,0.0,23.1,0.0,1.0,1.0,1.0,1.0,1.0,0.93,0.0,4.65,0.0
490,2022-06-25 02:30:00+00:00,0.0,0.0,0.0,0.96,25.5,0.0,25.5,0.0,24.7,0.0,23.6,0.0,23.1,0.0,1.0,1.0,1.0,1.0,1.0,0.94,0.0,4.7,0.0
491,2022-06-25 02:45:00+00:00,0.0,0.0,0.0,0.96,25.5,0.0,25.5,0.0,24.6,0.0,23.5,0.0,23.0,0.0,1.0,1.0,1.0,1.0,1.0,0.95,0.0,4.75,0.0
492,2022-06-25 03:00:00+00:00,0.0,0.0,0.0,0.88,25.4,0.0,25.4,0.0,24.6,0.0,23.4,0.0,22.9,0.0,1.0,1.0,1.0,1.0,1.0,0.95,0.0,4.75,0.0
493,2022-06-25 03:15:00+00:00,0.0,0.0,0.0,0.88,25.3,0.0,25.3,0.0,24.5,0.0,23.3,0.0,22.8,0.0,1.0,1.0,1.0,1.0,1.0,0.96,0.0,4.8,0.0
494,2022-06-25 03:30:00+00:00,0.0,0.0,0.0,0.88,25.2,0.0,25.2,0.0,24.5,0.0,23.2,0.0,22.7,0.0,1.0,1.0,1.0,1.0,1.0,0.97,0.0,4.85,0.0
495,2022-06-25 03:45:00+00:00,0.0,0.0,0.0,0.88,25.2,0.0,25.2,0.0,24.4,0.0,23.2,0.0,22.6,0.0,1.0,1.0,1.0,1.0,1.0,0.98,0.0,4.9,0.0
496,2022-06-25 04:00:00+00:00,0.0,0.0,0.0,0.5,25.1,0.0,25.1,0.0,24.3,0.0,23.1,0.0,22.5,0.0,1.0,1.0,1.0,1.0,1.0,0.98,0.0,4.9,0.0
497,2022-06-25 04:15:00+00:00,0.0,0.0,0.0,0.5,25.1,0.0,25.1,0.0,24.3,0.0,23.0,0.0,22.4,0.0,1.0,1.0,1.0,1.0,1.0,0.99,0.0,4.95,0.0
498,2022-06-25 04:30:00+00:00,0.0,0.0,0.0,0.5,25.0,0.0,25.0,0.0,24.2,0.0,23.0,0.0,22.4,0.0,1.0,1.0,1.0,1.0,1.0,0.99,0.0,4.95,0.0
499,2022-06-25 04:45:00+00:00,0.0,0.0,0.0,0.5,25.0,0.0,25.0,0.0,24.2,0.0,22.9,0.0,22.3,0.0,1.0,1.0,1.0,1.0,1.0,1.0,0.0,5.0,0.0
500,2022-06-25 05:00:00+00:00,0.0,0.0,0.0,0.25,25.0,0.0,25.0,0.0,24.2,0.0,22.9,0.0,22.3,0.0,1.0,1.0,1.0,1.0,1.0,1.0,0.0,5.0,0.0
501,2022-06-25 05:15:00+00:00,0.0,0.0,0.0,0.25,25.0,0.0,25.0,0.0,24.2,0.0,22.9,0.0,22.2,0.0,1.0,1.0,1.0,1.0,1.0,1.0,0.0,5.0,0.0
502,2022-06-25 05:30:00+00:00,0.0,0.0,0.0,0.25,25.0,0.0,25.0,0.0,24.2,0.0,22.9,0.0,22.2,0.0,1.0,1.0,1.0,1.0,1.0,1.0,0.0,5.0,0.0
503,2022-06-25 05:45:00+00:00,0.0,0.0,0.0,0.25,25.0,0.0,25.0,0.0,24.2,0.0,22.9,0.0,22.2,0.0,1.0,1.0,1.0,1.0,1.0,1.0,0.0,5.0,0.0
504,2022-06-25 06:00:00+00:00,0.0,0.0,0.0,0.17,25.0,0.0,25.0,0.0,24.2,0.0,22.9,0.0,22.3,0.0,1.0,1.0,1.0,1.0,1.0,1.0,0.0,5.0,0.0
505,2022-06-25 06:15:00+00:00,0.0,0.0,0.0,0.17,25.0,0.0,25.0,0.0,24.2,0.0,22.9,0.0,22.3,0.0,1.0,1.0,1.0,1.0,1.0,1.0,0.0,5.0,0.0
506,2022-06-25 06:30:00+00:00,0.0,0.0,0.0,0.17,25.1,0.0,25.1,0.0,24.3,0.0,22.9,0.0,22.3,0.0,1.0,1.0,1.0,1.0,1.0,1.0,0.0,5.0,0.0
507,2022-06-25 06:45:00+00:00,0.0,0.0,0.0,0.17,25.1,0.0,25.1,0.0,24.3,0.0,23.0,0.0,22.4,0.0,1.0,1.0,1.0,1.0,1.0,0.99,0.0,4.95,0.0
508,2022-06-25 07:00:00+00:00,0.0,0.0,0.0,0.33,25.2,0.0,25.2,0.0,24.3,0.0,23.0,0.0,22.4,0.0,1.0,1.0,1.0,1.0,1.0,0.99,0.0,4.95,0.0
509,2022-06-25 07:15:00+00:00,0.0,0.0,0.0,0.33,25.2,0.0,25.2,0.0,24.4,0.0,23.1,0.0,22.5,0.0,1.0,1.0,1.0,1.0,1.0,0.98,0.0,4.9,0.0
510,2022-06-25 07:30:00+00:00,0.0,0.0,0.0,0.33,25.3,0.0,25.3,0.0,24.5,0.0,23.2,0.0,22.6,0.0,1.0,1.0,1.0,1.0,1.0,0.98,0.0,4.9,0.0
511,2022-06-25 07:45:00+00:00,0.0,0.0,0.0,0.33,25.3,0.0,25.3,0.0,24.5,0.0,23.2,0.0,22.6,0.0,1.0,1.0,1.0,1.0,1.0,0.97,0.0,4.85,0.0
512,2022-06-25 08:00:00+00:00,0.0,0.0,0.0,0.42,25.4,0.0,25.4,0.0,24.6,0.0,23.3,0.0,22.7,0.0,1.0,1.0,1.0,1.0,1.0,0.86,0.0,4.3,3.8
513,2022-06-25 08:15:00+00:00,0.0,0.0,0.0,0.42,25.5,0.0,25.5,0.0,24.6,0.0,23.4,-0.0,22.8,-0.0,1.0,1.0,1.0,1.0,1.0,0.85,0.0,4.23,3.6
514,2022-06-25 08:30:00+00:00,0.0,0.0,0.0,0.42,25.6,0.0,25.6,0.0,24.7,0.0,23.5,-0.0,22.9,-0.0,1.0,1.0,1.0,1.0,1.0,0.84,0.0,4.18,3.3
515,2022-06-25 08:45:00+00:00,0.0,0.0,0.0,0.42,25.8,0.0,25.8,0.0,24.8,0.0,23.6,-0.0,23.1,-0.0,1.0,1.0,1.0,1.0,1.0,0.82,0.0,4.1,2.9
516,2022-06-25 09:00:00+00:00,0.0,0.0,0.0,0.58,25.8,0.0,25.8,0.0,24.9,0.0,23.7,-0.0,23.2,-0.0,1.0,1.0,1.0,1.0,1.0,0.8,0.0,3.98,2.7
517,2022-06-25 09:15:00+00:00,0.0,0.0,0.0,0.58,25.8,0.0,25.8,0.0,24.9,0.0,23.7,-0.0,23.2,-0.0,1.0,1.0,1.0,1.0,1.0,0.79,0.0,3.95,2.7
518,2022-06-25 09:30:00+00:00,0.0,0.0,0.0,0.58,25.9,0.0,25.9,0.0,25.0,0.0,23.9,-0.0,23.3,-0.0,1.0,1.0,1.0,1.0,1.0,0.79,0.0,3.95,2.4
519,2022-06-25 09:45:00+00:00,0.0,0.0,0.0,0.58,26.0,0.0,26.0,0.0,25.0,0.0,23.9,-0.0,23.4,-0.0,1.0,1.0,1.0,1.0,1.0,0.78,0.0,3.88,2.3
520,2022-06-25 10:00:00+00:00,0.0,0.0,0.0,0.62,26.1,0.0,26.1,0.0,25.2,0.0,24.1,-0.0,23.5,-0.0,1.0,1.0,1.0,1.0,1.0,0.77,0.0,3.83,2.0
521,2022-06-25 10:15:00+00:00,0.0,0.0,0.0,0.62,26.2,0.0,26.2,0.0,25.2,0.0,24.1,0.0,23.6,-0.0,1.0,1.0,1.0,1.0,1.0,0.75,0.0,3.73,1.9
522,2022-06-25 10:30:00+00:00,0.0,0.0,0.0,0.62,26.4,0.0,26.4,0.0,25.3,0.0,24.3,0.0,23.8,-0.0,0.95,0.95,1.0,1.0,1.0,0.74,0.02,3.68,1.5
523,2022-06-25 10:45:00+00:00,0.0,0.0,0.0,0.62,26.6,0.0,26.6,0.0,25.5,0.0,24.5,0.0,24.0,-0.0,0.85,0.85,1.0,1.0,1.0,0.7,0.06,3.5,1.1
524,2022-06-25 11:00:00+00:00,0.0,0.0,0.0,0.75,26.6,0.0,26.6,0.0,25.5,0.0,24.6,0.0,24.1,-0.0,0.75,0.75,1.0,1.0,1.0,0.66,0.1,3.3,0.9
525,2022-06-25 11:15:00+00:00,0.0,0.0,0.0,0.75,26.7,0.0,26.7,0.0,25.6,0.0,24.7,0.0,24.2,0.0,0.75,0.75,1.0,1.0,1.0,0.66,0.1,3.28,0.7
526,2022-06-25 11:30:00+00:00,0.0,0.0,0.0,0.75,26.6,0.0,26.6,0.0,25.6,0.0,24.6,0.0,24.2,0.0,0.7,0.7,1.0,1.0,1.0,0.63,0.12,3.15,0.8
527,2022-06-25 11:45:00+00:00,0.0,0.0,0.0,0.75,26.7,0.0,26.7,0.0,25.6,0.0,24.7,0.0,24.2,0.0,0.75,0.75,1.0,1.0,1.0,0.65,0.1,3.23,0.7
528,2022-06-25 12:00:00+00:00,0.0,0.0,0.0,0.83,26.9,0.0,26.9,0.0,25.8,0.0,24.9,0.0,24.5,0.0,0.7,0.7,1.0,1.0,1.0,0.63,0.12,3.15,0.3
529,2022-06-25 12:15:00+00:00,0.0,0.0,0.0,0.83,26.9,0.0,26.9,0.0,25.8,0.0,24.9,0.0,24.5,0.0,0.6,0.6,1.0,1.0,1.0,0.58,0.16,2.88,0.3
530,2022-06-25 12:30:00+00:00,0.0,0.0,0.0,0.83,26.9,0.0,26.9,0.0,25.8,0.0,25.0,0.0,24.5,0.0,0.6,0.6,1.0,1.0,1.0,0.58,0.16,2.88,0.3
531,2022-06-25 12:45:00+00:00,0.0,0.0,0.0,0.83,27.0,0.0,27.0,0.0,25.9,0.0,25.1,0.0,24.6,0.0,0.6,0.6,1.0,1.0,1.0,0.57,0.16,2.85,0.2
532,2022-06-25 13:00:00+00:00,0.0,0.0,0.0,0.83,27.0,0.0,27.0,0.0,25.9,0.0,25.1,0.0,24.7,0.0,0.55,0.55,1.0,1.0,1.0,0.55,0.18,2.73,0.1
533,2022-06-25 13:15:00+00:00,0.0,0.0,0.0,0.83,27.1,0.0,27.1,0.0,26.0,0.0,25.2,0.0,24.8,0.0,0.55,0.55,1.0,1.0,1.0,0.54,0.18,2.7,0.0
534,2022-06-25 13:30:00+00:00,0.0,0.0,0.0,0.83,27.3,0.0,27.3,0.0,26.2,0.0,25.4,0.0,25.0,0.0,0.5,0.5,1.0,1.0,1.0,0.52,0.2,2.58,0.0
535,2022-06-25 13:45:00+00:00,0.0,0.0,0.0,0.83,27.3,0.0,27.3,0.0,26.2,0.0,25.4,0.0,25.0,0.0,0.4,0.4,0.95,1.0,1.0,0.47,0.25,2.33,0.0
536,2022-06-25 14:00:00+00:00,0.0,0.0,0.0,0.75,27.4,0.0,27.4,0.0,26.2,0.0,25.5,0.0,25.1,0.0,0.4,0.4,0.95,1.0,1.0,0.47,0.25,2.33,0.0
537,2022-06-25 14:15:00+00:00,0.0,0.0,0.0,0.75,27.4,0.0,27.4,0.0,26.3,0.0,25.6,0.0,25.2,0.0,0.35,0.35,0.95,1.0,1.0,0.45,0.27,2.23,0.0
538,2022-06-25 14:30:00+00:00,0.0,0.0,0.0,0.75,27.4,0.0,27.4,0.0,26.3,0.0,25.6,0.0,25.2,0.0,0.35,0.35,0.9,1.0,1.0,0.43,0.28,2.15,0.0
539,2022-06-25 14:45:00+00:00,0.0,0.0,0.0,0.75,27.5,0.0,27.5,0.0,26.3,0.0,25.7,0.0,25.3,0.0,0.35,0.35,0.9,1.0,1.0,0.43,0.28,2.15,0.2
540,2022-06-25 15:00:00+00:00,0.0,0.0,0.0,0.42,27.5,0.0,27.5,0.0,26.4,0.0,25.7,0.0,25.3,0.0,0.3,0.3,0.9,1.0,1.0,0.41,0.3,2.05,0.2
541,2022-06-25 15:15:00+00:00,0.0,0.0,0.0,0.42,27.6,0.0,27.6,0.0,26.5,0.0,25.9,0.0,25.5,0.0,0.3,0.3,0.85,1.0,1.0,0.41,0.31,2.03,0.4
542,2022-06-25 15:30:00+00:00,0.0,0.0,0.0,0.42,27.8,0.0,27.8,0.0,26.6,0.0,26.0,0.0,25.6,0.0,0.25,0.25,0.8,1.0,1.0,0.37,0.34,1.85,0.8
543,2022-06-25 15:45:00+00:00,0.0,0.0,0.0,0.42,27.8,0.0,27.8,0.0,26.7,0.0,26.1,0.0,25.7,0.0,0.15,0.15,0.75,1.0,1.0,0.34,0.39,1.68,0.8
544,2022-06-25 16:00:00+00:00,0.0,0.0,0.0,0.08,27.8,0.0,27.8,0.0,26.7,0.0,26.1,0.0,25.8,0.0,0.15,0.15,0.7,1.0,1.0,0.32,0.4,1.6,0.8
545,2022-06-25 16:15:00+00:00,0.0,0.0,0.0,0.08,28.0,0.0,28.0,0.0,26.8,0.0,26.2,0.0,25.9,0.0,0.15,0.15,0.7,1.0,1.0,0.32,0.4,1.58,1.2
546,2022-06-25 16:30:00+00:00,0.0,0.0,0.0,0.08,28.0,0.0,28.0,0.0,26.8,0.0,26.3,0.0,25.9,0.0,0.05,0.05,0.65,0.95,1.0,0.28,0.46,1.4,1.2
547,2022-06-25 16:45:00+00:00,0.0,0.0,0.0,0.08,28.0,0.0,28.0,0.0,26.9,0.0,26.4,0.0,26.0,0.0,0.05,0.05,0.65,0.9,1.0,0.28,0.47,1.38,1.2
548,2022-06-25 17:00:00+00:00,0.0,0.0,0.0,0.17,28.1,0.0,28.1,0.0,26.9,0.0,26.4,0.0,26.1,0.0,0.5,0.5,1.0,1.0,1.0,0.49,0.2,2.43,0.0
549,2022-06-25 17:15:00+00:00,0.0,0.0,0.0,0.17,28.1,0.0,28.1,0.0,26.9,0.0,26.4,0.0,26.1,0.0,0.45,0.45,1.0,1.0,1.0,0.47,0.22,2.35,0.0
550,2022-06-25 17:30:00+00:00,0.0,0.0,0.0,0.17,28.1,0.0,28.1,0.0,26.9,0.0,26.4,0.0,26.1,0.0,0.45,0.45,1.0,1.0,1.0,0.47,0.22,2.35,0.0
551,2022-06-25 17:45:00+00:00,0.0,0.0,0.0,0.17,28.1,0.0,28.1,0.0,26.9,0.0,26.5,0.0,26.2,0.0,0.45,0.45,1.0,1.0,1.0,0.47,0.22,2.35,0.0
552,2022-06-25 18:00:00+00:00,0.0,0.0,0.0,0.04,28.1,0.0,28.1,0.0,26.9,0.0,26.5,0.0,26.2,0.0,0.45,0.45,1.0,1.0,1.0,0.46,0.22,2.3,0.0
553,2022-06-25 18:15:00+00:00,0.0,0.0,0.0,0.04,28.1,0.0,28.1,0.0,26.9,0.0,26.5,0.0,26.2,0.0,0.45,0.45,1.0,1.0,1.0,0.46,0.22,2.3,0.0
554,2022-06-25 18:30:00+00:00,0.0,0.0,0.0,0.04,28.1,0.0,28.1,0.0,26.9,0.0,26.5,0.0,26.2,0.0,0.45,0.45,1.0,1.0,1.0,0.46,0.22,2.3,0.0
555,2022-06-25 18:45:00+00:00,0.0,0.0,0.0,0.04,28.1,0.0,28.1,0.0,26.9,0.0,26.5,0.0,26.2,0.0,0.45,0.45,1.0,1.0,1.0,0.46,0.22,2.3,0.0
556,2022-06-25 19:00:00+00:00,0.0,0.0,0.0,0.25,28.0,0.0,28.0,0.0,26.9,0.0,26.5,0.0,26.2,0.0,0.45,0.45,1.0,1.0,1.0,0.46,0.22,2.3,0.0
557,2022-06-25 19:15:00+00:00,0.0,0.0,0.0,0.25,28.0,0.0,28.0,0.0,26.9,0.0,26.5,0.0,26.2,0.0,0.5,0.5,1.0,1.0,1.0,0.47,0.2,2.35,0.0
558,2022-06-25 19:30:00+00:00,0.0,0.0,0.0,0.25,28.0,0.0,28.0,0.0,26.9,0.0,26.4,0.0,26.1,0.0,0.5,0.5,1.0,1.0,1.0,0.47,0.2,2.35,0.0
559,2022-06-25 19:45:00+00:00,0.0,0.0,0.0,0.25,27.9,0.0,27.9,0.0,26.8,0.0,26.4,0.0,26.1,0.0,0.5,0.5,1.0,1.0,1.0,0.48,0.2,2.4,0.0
560,2022-06-25 20:00:00+00:00,0.0,0.0,0.0,0.29,27.9,0.0,27.9,0.0,26.8,0.0,26.3,0.0,26.0,0.0,0.55,0.55,1.0,1.0,1.0,0.5,0.18,2.48,0.0
561,2022-06-25 20:15:00+00:00,0.0,0.0,0.0,0.29,27.9,0.0,27.9,0.0,26.8,0.0,26.3,0.0,26.0,0.0,0.55,0.55,1.0,1.0,1.0,0.51,0.18,2.53,0.0
562,2022-06-25 20:30:00+00:00,0.0,0.0,0.0,0.29,27.8,0.0,27.8,0.0,26.7,0.0,26.2,0.0,25.9,0.0,0.55,0.55,1.0,1.0,1.0,0.51,0.18,2.53,0.0
563,2022-06-25 20:45:00+00:00,0.0,0.0,0.0,0.29,27.8,0.0,27.8,0.0,26.7,0.0,26.2,0.0,25.9,0.0,0.6,0.6,1.0,1.0,1.0,0.53,0.16,2.65,0.0
564,2022-06-25 21:00:00+00:00,0.0,0.0,0.0,0.5,27.7,0.0,27.7,0.0,26.6,0.0,26.1,0.0,25.8,0.0,0.6,0.6,1.0,1.0,1.0,0.53,0.16,2.65,0.0
565,2022-06-25 21:15:00+00:00,0.0,0.0,0.0,0.5,27.7,0.0,27.7,0.0,26.6,0.0,26.1,0.0,25.8,0.0,0.65,0.65,1.0,1.0,1.0,0.55,0.14,2.77,0.0
566,2022-06-25 21:30:00+00:00,0.0,0.0,0.0,0.5,27.6,0.0,27.6,0.0,26.5,0.0,26.0,0.0,25.7,0.0,0.65,0.65,1.0,1.0,1.0,0.55,0.14,2.77,0.0
567,2022-06-25 21:45:00+00:00,0.0,0.0,0.0,0.5,27.6,0.0,27.6,0.0,26.5,0.0,25.9,0.0,25.6,0.0,0.7,0.7,1.0,1.0,1.0,0.58,0.12,2.9,0.0
568,2022-06-25 22:00:00+00:00,0.0,0.0,0.0,0.58,27.5,0.0,27.5,0.0,26.5,0.0,25.9,0.0,25.5,0.0,0.7,0.7,1.0,1.0,1.0,0.59,0.12,2.95,0.0
569,2022-06-25 22:15:00+00:00,0.0,0.0,0.0,0.58,27.5,0.0,27.5,0.0,26.4,0.0,25.8,0.0,25.5,0.0,0.75,0.75,1.0,1.0,1.0,0.61,0.1,3.03,0.0
570,2022-06-25 22:30:00+00:00,0.0,0.0,0.0,0.58,27.4,0.0,27.4,0.0,26.4,0.0,25.8,0.0,25.4,0.0,0.75,0.75,1.0,1.0,1.0,0.62,0.1,3.08,0.0
571,2022-06-25 22:45:00+00:00,0.0,0.0,0.0,0.58,27.4,0.0,27.4,0.0,26.3,0.0,25.7,0.0,25.3,0.0,0.8,0.8,1.0,1.0,1.0,0.63,0.08,3.15,0.0
572,2022-06-25 23:00:00+00:00,0.0,0.0,0.0,0.67,27.3,0.0,27.3,0.0,26.3,0.0,25.6,0.0,25.3,0.0,0.8,0.8,1.0,1.0,1.0,0.65,0.08,3.23,0.0
573,2022-06-25 23:15:00+00:00,0.0,0.0,0.0,0.67,27.3,0.0,27.3,0.0,26.2,0.0,25.6,0.0,25.2,0.0,0.85,0.85,1.0,1.0,1.0,0.66,0.06,3.3,0.0
574,2022-06-25 23:30:00+00:00,0.0,0.0,0.0,0.67,27.3,0.0,27.3,0.0,26.2,0.0,25.6,0.0,25.2,0.0,0.85,0.85,1.0,1.0,1.0,0.67,0.06,3.35,0.0
575,2022-06-25 23:45:00+00:00,0.0,0.0,0.0,0.67,27.2,0.0,27.2,0.0,26.2,0.0,25.5,0.0,25.1,0.0,0.85,0.85,1.0,1.0,1.0,0.67,0.06,3.35,0.0
576,2022-06-26 00:00:00+00:00,0.0,0.0,0.0,0.29,27.2,0.0,27.2,0.0,26.1,0.0,25.4,0.0,25.1,0.0,0.9,0.9,1.0,1.0,1.0,0.69,0.04,3.45,0.0
577,2022-06-26 00:15:00+00:00,0.0,0.0,0.0,0.29,27.1,0.0,27.1,0.0,26.1,0.0,25.4,0.0,25.0,0.0,0.9,0.9,1.0,1.0,1.0,0.7,0.04,3.5,0.0
578,2022-06-26 00:30:00+00:00,0.0,0.0,0.0,0.29,27.1,0.0,27.1,0.0,26.1,0.0,25.4,0.0,25.0,0.0,0.95,0.95,1.0,1.0,1.0,0.71,0.02,3.57,0.0
579,2022-06-26 00:45:00+00:00,0.0,0.0,0.0,0.29,27.1,0.0,27.1,0.0,26.1,0.0,25.3,0.0,24.9,0.0,0.95,0.95,1.0,1.0,1.0,0.71,0.02,3.57,0.0
580,2022-06-26 01:00:00+00:00,0.0,0.0,0.0,0.5,27.0,0.0,27.0,0.0,26.0,0.0,25.3,0.0,24.9,0.0,0.95,0.95,1.0,1.0,1.0,0.72,0.02,3.6,0.0
581,2022-06-26 01:15:00+00:00,0.0,0.0,0.0,0.5,27.0,0.0,27.0,0.0,26.0,0.0,25.2,0.0,24.8,0.0,1.0,1.0,1.0,1.0,1.0,0.74,0.0,3.68,0.0
582,2022-06-26 01:30:00+00:00,0.0,0.0,0.0,0.5,26.9,0.0,26.9,0.0,25.9,0.0,25.2,0.0,24.8,0.0,1.0,1.0,1.0,1.0,1.0,0.74,0.0,3.7,0.0
583,2022-06-26 01:45:00+00:00,0.0,0.0,0.0,0.5,26.9,0.0,26.9,0.0,25.9,0.0,25.1,0.0,24.7,0.0,1.0,1.0,1.0,1.0,1.0,0.76,0.0,3.78,0.0
584,2022-06-26 02:00:00+00:00,0.0,0.0,0.0,0.62,26.8,0.0,26.8,0.0,25.9,0.0,25.1,0.0,24.7,0.0,1.0,1.0,1.0,1.0,1.0,0.76,0.0,3.8,0.0
585,2022-06-26 02:15:00+00:00,0.0,0.0,0.0,0.62,26.8,0.0,26.8,0.0,25.8,0.0,25.0,0.0,24.6,0.0,1.0,1.0,1.0,1.0,1.0,0.77,0.0,3.85,0.0
586,2022-06-26 02:30:00+00:00,0.0,0.0,0.0,0.62,26.8,0.0,26.8,0.0,25.8,0.0,25.0,0.0,24.5,0.0,1.0,1.0,1.0,1.0,1.0,0.78,0.0,3.9,0.0
587,2022-06-26 02:45:00+00:00,0.0,0.0,0.0,0.62,26.7,0.0,26.7,0.0,25.7,0.0,24.9,0.0,24.5,0.0,1.0,1.0,1.0,1.0,1.0,0.78,0.0,3.9,0.0
588,2022-06-26 03:00:00+00:00,0.0,0.0,0.0,0.67,26.7,0.0,26.7,0.0,25.7,0.0,24.9,0.0,24.4,0.0,1.0,1.0,1.0,1.0,1.0,0.8,0.0,3.98,0.0
589,2022-06-26 03:15:00+00:00,0.0,0.0,0.0,0.67,26.6,0.0,26.6,0.0,25.7,0.0,24.8,0.0,24.4,0.0,1.0,1.0,1.0,1.0,1.0,0.8,0.0,3.98,0.0
590,2022-06-26 03:30:00+00:00,0.0,0.0,0.0,0.67,26.6,0.0,26.6,0.0,25.6,0.0,24.7,0.0,24.3,0.0,1.0,1.0,1.0,1.0,1.0,0.8,0.0,4.02,0.0
591,2022-06-26 03:45:00+00:00,0.0,0.0,0.0,0.67,26.5,0.0,26.5,0.0,25.6,0.0,24.7,0.0,24.3,0.0,1.0,1.0,1.0,1.0,1.0,0.81,0.0,4.05,0.0
592,2022-06-26 04:00:00+00:00,0.0,0.0,0.0,0.38,26.5,0.0,26.5,0.0,25.5,0.0,24.6,0.0,24.2,0.0,1.0,1.0,1.0,1.0,1.0,0.82,0.0,4.1,0.0
593,2022-06-26 04:15:00+00:00,0.0,0.0,0.0,0.38,26.4,0.0,26.4,0.0,25.5,0.0,24.6,0.0,24.1,0.0,1.0,1.0,1.0,1.0,1.0,0.82,0.0,4.12,0.0
594,2022-06-26 04:30:00+00:00,0.0,0.0,0.0,0.38,26.4,0.0,26.4,0.0,25.4,0.0,24.5,0.0,24.1,0.0,1.0,1.0,1.0,1.0,1.0,0.84,0.0,4.18,0.0
595,2022-06-26 04:45:00+00:00,0.0,0.0,0.0,0.38,26.4,0.0,26.4,0.0,25.4,0.0,24.5,0.0,24.0,0.0,1.0,1.0,1.0,1.0,1.0,0.84,0.0,4.2,0.0
596,2022-06-26 05:00:00+00:00,0.0,0.0,0.0,0.46,26.4,0.0,26.4,0.0,25.4,0.0,24.5,0.0,24.0,0.0,1.0,1.0,1.0,1.0,1.0,0.84,0.0,4.2,0.0
597,2022-06-26 05:15:00+00:00,0.0,0.0,0.0,0.46,26.4,0.0,26.4,0.0,25.4,0.0,24.5,0.0,24.0,0.0,1.0,1.0,1.0,1.0,1.0,0.84,0.0,4.2,0.0
598,2022-06-26 05:30:00+00:00,0.0,0.0,0.0,0.46,26.4,0.0,26.4,0.0,25.4,0.0,24.5,0.0,24.0,0.0,1.0,1.0,1.0,1.0,1.0,0.84,0.0,4.2,0.0
599,2022-06-26 05:45:00+00:00,0.0,0.0,0.0,0.46,26.4,0.0,26.4,0.0,25.4,0.0,24.5,0.0,24.0,0.0,1.0,1.0,1.0,1.0,1.0,0.84,0.0,4.2,0.0
600,2022-06-26 06:00:00+00:00,0.0,0.0,0.0,0.38,26.4,0.0,26.4,0.0,25.4,0.0,24.5,0.0,24.0,0.0,1.0,1.0,1.0,1.0,1.0,0.84,0.0,4.2,0.0
601,2022-06-26 06:15:00+00:00,0.0,0.0,0.0,0.38,26.4,0.0,26.4,0.0,25.5,0.0,24.5,0.0,24.0,0.0,1.0,1.0,1.0,1.0,1.0,0.84,0.0,4.2,0.0
602,2022-06-26 06:30:00+00:00,0.0,0.0,0.0,0.38,26.5,0.0,26.5,0.0,25.5,0.0,24.5,0.0,24.1,0.0,1.0,1.0,1.0,1.0,1.0,0.84,0.0,4.18,0.0
603,2022-06-26 06:45:00+00:00,0.0,0.0,0.0,0.38,26.5,0.0,26.5,0.0,25.5,0.0,24.6,0.0,24.1,0.0,1.0,1.0,1.0,1.0,1.0,0.82,0.0,4.12,0.0
604,2022-06-26 07:00:00+00:00,0.0,0.0,0.0,0.46,26.6,0.0,26.6,0.0,25.6,0.0,24.6,0.0,24.2,0.0,1.0,1.0,1.0,1.0,1.0,0.82,0.0,4.12,0.0
605,2022-06-26 07:15:00+00:00,0.0,0.0,0.0,0.46,26.6,0.0,26.6,0.0,25.6,0.0,24.7,0.0,24.2,0.0,1.0,1.0,1.0,1.0,1.0,0.81,0.0,4.05,0.0
606,2022-06-26 07:30:00+00:00,0.0,0.0,0.0,0.46,26.7,0.0,26.7,0.0,25.7,0.0,24.8,0.0,24.3,0.0,1.0,1.0,1.0,1.0,1.0,0.81,0.0,4.05,0.0
607,2022-06-26 07:45:00+00:00,0.0,0.0,0.0,0.46,26.8,0.0,26.8,0.0,25.8,0.0,24.8,0.0,24.4,0.0,1.0,1.0,1.0,1.0,1.0,0.8,0.0,3.98,0.0
608,2022-06-26 08:00:00+00:00,0.0,0.0,0.0,0.62,26.9,0.0,26.9,0.0,25.8,0.0,24.9,0.0,24.5,0.0,0.65,0.65,1.0,1.0,1.0,0.6,0.14,2.98,0.3
609,2022-06-26 08:15:00+00:00,0.0,0.0,0.0,0.62,27.0,0.0,27.0,0.0,25.9,0.0,25.0,0.0,24.6,0.0,0.6,0.6,1.0,1.0,1.0,0.58,0.16,2.88,0.2
610,2022-06-26 08:30:00+00:00,0.0,0.0,0.0,0.62,27.0,0.0,27.0,0.0,26.0,0.0,25.1,0.0,24.7,0.0,0.55,0.55,1.0,1.0,1.0,0.55,0.18,2.75,0.1
611,2022-06-26 08:45:00+00:00,0.0,0.0,0.0,0.62,27.1,0.0,27.1,0.0,26.1,0.0,25.2,0.0,24.8,0.0,0.55,0.55,1.0,1.0,1.0,0.54,0.18,2.68,0.0
612,2022-06-26 09:00:00+00:00,0.0,0.0,0.0,0.71,27.3,0.0,27.3,0.0,26.2,0.0,25.3,0.0,24.9,0.0,0.5,0.5,1.0,1.0,1.0,0.51,0.2,2.55,0.0
613,2022-06-26 09:15:00+00:00,0.0,0.0,0.0,0.71,27.4,0.0,27.4,0.0,26.3,0.0,25.5,0.0,25.0,0.0,0.4,0.4,0.95,1.0,1.0,0.48,0.25,2.38,0.0
614,2022-06-26 09:30:00+00:00,0.0,0.0,0.0,0.71,27.5,0.0,27.5,0.0,26.4,0.0,25.6,0.0,25.2,0.0,0.35,0.35,0.9,1.0,1.0,0.45,0.28,2.23,0.2
615,2022-06-26 09:45:00+00:00,0.0,0.0,0.0,0.71,27.6,0.0,27.6,0.0,26.4,0.0,25.7,0.0,25.3,0.0,0.3,0.3,0.85,1.0,1.0,0.42,0.31,2.08,0.4
616,2022-06-26 10:00:00+00:00,1.16,655.8,0.26,0.79,27.5,875.8,27.5,875.8,26.4,733.8,25.6,650.9,25.2,603.6,0.25,0.25,0.85,1.0,1.0,0.4,0.33,1.98,0.2
617,2022-06-26 10:15:00+00:00,1.1,618.2,0.25,0.79,27.4,829.5,27.4,829.5,26.3,711.0,25.6,624.8,25.3,581.7,0.3,0.3,0.85,1.0,1.0,0.42,0.31,2.08,0.0
618,2022-06-26 10:30:00+00:00,1.1,621.3,0.25,0.79,27.4,821.9,27.4,821.9,26.3,706.0,25.6,632.2,25.3,600.6,0.35,0.35,0.9,1.0,1.0,0.43,0.28,2.13,0.0
619,2022-06-26 10:45:00+00:00,1.09,616.5,0.25,0.79,27.4,819.7,27.4,819.7,26.3,704.1,25.6,630.6,25.3,599.0,0.35,0.35,0.9,1.0,1.0,0.43,0.28,2.13,0.0
620,2022-06-26 11:00:00+00:00,0.0,0.0,0.0,0.88,27.6,0.0,27.6,0.0,26.4,0.0,25.8,0.0,25.4,0.0,0.35,0.35,0.9,1.0,1.0,0.43,0.28,2.13,0.4
621,2022-06-26 11:15:00+00:00,0.0,0.0,0.0,0.88,27.8,0.0,27.8,0.0,26.6,0.0,26.0,0.0,25.6,0.0,0.25,0.25,0.85,1.0,1.0,0.39,0.33,1.93,0.8
622,2022-06-26 11:30:00+00:00,0.0,0.0,0.0,0.88,27.8,0.0,27.8,0.0,26.7,0.0,26.0,0.0,25.6,0.0,0.15,0.15,0.75,1.0,1.0,0.34,0.39,1.68,0.8
623,2022-06-26 11:45:00+00:00,0.0,0.0,0.0,0.88,27.9,0.0,27.9,0.0,26.7,0.0,26.1,0.0,25.7,0.0,0.15,0.15,0.7,1.0,1.0,0.33,0.4,1.65,1.0
624,2022-06-26 12:00:00+00:00,1.67,1013.3,0.4,0.96,27.6,1346.0,27.6,1346.0,26.5,1076.8,25.9,942.2,25.6,852.5,0.1,0.1,0.7,1.0,1.0,0.31,0.42,1.55,0.4
625,2022-06-26 12:15:00+00:00,1.33,808.7,0.33,0.96,27.6,1066.3,27.6,1066.3,26.5,893.8,26.0,799.7,25.6,752.7,0.25,0.25,0.8,1.0,1.0,0.37,0.34,1.83,0.4
626,2022-06-26 12:30:00+00:00,1.37,828.2,0.33,0.96,27.7,1073.0,27.7,1073.0,26.6,896.9,26.0,816.8,25.7,752.7,0.25,0.25,0.8,1.0,1.0,0.36,0.34,1.8,0.6
627,2022-06-26 12:45:00+00:00,1.49,902.6,0.36,0.96,27.6,1172.3,27.6,1172.3,26.5,970.8,26.0,860.9,25.7,806.0,0.2,0.2,0.75,1.0,1.0,0.34,0.37,1.7,0.4
628,2022-06-26 13:00:00+00:00,1.43,877.9,0.34,1.0,27.6,1117.9,27.6,1117.9,26.5,931.6,26.0,846.9,25.7,796.1,0.25,0.25,0.8,1.0,1.0,0.36,0.34,1.78,0.4
629,2022-06-26 13:15:00+00:00,1.44,884.8,0.34,1.0,27.7,1120.2,27.7,1120.2,26.6,933.5,26.1,848.6,25.8,797.7,0.25,0.25,0.8,1.0,1.0,0.36,0.34,1.78,0.6
630,2022-06-26 13:30:00+00:00,1.55,956.3,0.37,1.0,27.6,1219.5,27.6,1219.5,26.5,1003.1,26.0,904.8,25.8,845.8,0.2,0.2,0.75,1.0,1.0,0.33,0.37,1.65,0.4
631,2022-06-26 13:45:00+00:00,1.41,870.7,0.34,1.0,27.5,1114.2,27.5,1114.2,26.5,925.6,26.0,839.9,25.7,805.6,0.25,0.25,0.8,1.0,1.0,0.35,0.34,1.75,0.2
632,2022-06-26 14:00:00+00:00,1.33,804.2,0.31,0.96,27.6,1010.0,27.6,1010.0,26.5,859.2,26.1,783.9,25.8,738.6,0.3,0.3,0.8,1.0,1.0,0.37,0.32,1.83,0.4
633,2022-06-26 14:15:00+00:00,1.42,861.1,0.33,0.96,27.6,1080.8,27.6,1080.8,26.5,895.0,26.1,827.5,25.9,776.8,0.25,0.25,0.8,1.0,1.0,0.35,0.34,1.73,0.4
634,2022-06-26 14:30:00+00:00,1.42,858.6,0.33,0.96,27.5,1078.8,27.5,1078.8,26.5,890.4,26.0,821.9,25.8,787.7,0.25,0.25,0.8,1.0,1.0,0.34,0.34,1.7,0.2
635,2022-06-26 14:45:00+00:00,1.34,809.1,0.31,0.96,27.6,1010.3,27.6,1010.3,26.5,857.2,26.1,780.7,25.8,750.1,0.3,0.3,0.8,1.0,1.0,0.36,0.32,1.8,0.4
636,2022-06-26 15:00:00+00:00,1.3,744.6,0.28,0.83,27.5,946.1,27.5,946.1,26.5,783.5,26.1,724.3,25.9,680.0,0.25,0.25,0.8,1.0,1.0,0.35,0.34,1.73,0.2
637,2022-06-26 15:15:00+00:00,1.23,705.7,0.27,0.83,27.5,883.2,27.5,883.2,26.5,745.2,26.1,690.0,25.9,662.4,0.3,0.3,0.8,1.0,1.0,0.35,0.32,1.75,0.2
638,2022-06-26 15:30:00+00:00,1.24,707.0,0.27,0.83,27.5,883.7,27.5,883.7,26.5,745.6,26.1,690.4,25.9,662.7,0.3,0.3,0.8,1.0,1.0,0.35,0.32,1.75,0.2
639,2022-06-26 15:45:00+00:00,1.25,716.5,0.27,0.83,27.6,886.4,27.6,886.4,26.5,747.9,26.1,692.5,25.9,664.8,0.3,0.3,0.8,1.0,1.0,0.35,0.32,1.75,0.4
640,2022-06-26 16:00:00+00:00,0.0,0.0,0.0,0.29,27.7,0.0,27.7,0.0,26.7,0.0,26.3,0.0,26.1,0.0,0.25,0.25,0.8,1.0,1.0,0.34,0.34,1.7,0.6
641,2022-06-26 16:15:00+00:00,0.0,0.0,0.0,0.29,27.8,0.0,27.8,0.0,26.7,0.0,26.4,0.0,26.2,0.0,0.2,0.2,0.7,0.9,1.0,0.3,0.4,1.5,0.8
642,2022-06-26 16:30:00+00:00,0.0,0.0,0.0,0.29,27.9,0.0,27.9,0.0,26.8,0.0,26.4,0.0,26.3,0.0,0.15,0.15,0.7,0.85,0.95,0.28,0.44,1.4,1.0
643,2022-06-26 16:45:00+00:00,0.0,0.0,0.0,0.29,27.9,0.0,27.9,0.0,26.8,0.0,26.5,0.0,26.3,0.0,0.1,0.1,0.65,0.85,0.9,0.26,0.48,1.3,1.0
644,2022-06-26 17:00:00+00:00,0.0,0.0,0.0,0.12,28.0,0.0,28.0,0.0,26.9,0.0,26.6,0.0,26.4,0.0,0.55,0.55,1.0,1.0,1.0,0.48,0.18,2.4,0.0
645,2022-06-26 17:15:00+00:00,0.0,0.0,0.0,0.12,28.0,0.0,28.0,0.0,26.9,0.0,26.6,0.0,26.4,0.0,0.5,0.5,1.0,1.0,1.0,0.46,0.2,2.28,0.0
646,2022-06-26 17:30:00+00:00,0.0,0.0,0.0,0.12,28.0,0.0,28.0,0.0,26.9,0.0,26.6,0.0,26.5,0.0,0.5,0.5,1.0,1.0,1.0,0.46,0.2,2.28,0.0
647,2022-06-26 17:45:00+00:00,0.0,0.0,0.0,0.12,28.0,0.0,28.0,0.0,26.9,0.0,26.7,0.0,26.5,0.0,0.5,0.5,1.0,1.0,1.0,0.45,0.2,2.25,0.0
648,2022-06-26 18:00:00+00:00,0.0,0.0,0.0,0.04,28.0,0.0,28.0,0.0,26.9,0.0,26.7,0.0,26.5,0.0,0.5,0.5,1.0,1.0,1.0,0.45,0.2,2.23,0.0
649,2022-06-26 18:15:00+00:00,0.0,0.0,0.0,0.04,28.0,0.0,28.0,0.0,26.9,0.0,26.7,0.0,26.5,0.0,0.5,0.5,1.0,1.0,1.0,0.45,0.2,2.23,0.0
650,2022-06-26 18:30:00+00:00,0.0,0.0,0.0,0.04,28.0,0.0,28.0,0.0,26.9,0.0,26.7,0.0,26.5,0.0,0.5,0.5,1.0,1.0,1.0,0.45,0.2,2.23,0.0
651,2022-06-26 18:45:00+00:00,0.0,0.0,0.0,0.04,28.0,0.0,28.0,0.0,26.9,0.0,26.7,0.0,26.5,0.0,0.5,0.5,1.0,1.0,1.0,0.45,0.2,2.23,0.0
652,2022-06-26 19:00:00+00:00,0.0,0.0,0.0,0.08,27.9,0.0,27.9,0.0,26.9,0.0,26.6,0.0,26.5,0.0,0.5,0.5,1.0,1.0,1.0,0.45,0.2,2.23,0.0
653,2022-06-26 19:15:00+00:00,0.0,0.0,0.0,0.08,27.9,0.0,27.9,0.0,26.9,0.0,26.6,0.0,26.4,0.0,0.55,0.55,1.0,1.0,1.0,0.46,0.18,2.3,0.0
654,2022-06-26 19:30:00+00:00,0.0,0.0,0.0,0.08,27.9,0.0,27.9,0.0,26.9,0.0,26.6,0.0,26.4,0.0,0.55,0.55,1.0,1.0,1.0,0.47,0.18,2.33,0.0
655,2022-06-26 19:45:00+00:00,0.0,0.0,0.0,0.08,27.9,0.0,27.9,0.0,26.8,0.0,26.5,0.0,26.4,0.0,0.55,0.55,1.0,1.0,1.0,0.47,0.18,2.33,0.0
656,2022-06-26 20:00:00+00:00,0.0,0.0,0.0,0.17,27.8,0.0,27.8,0.0,26.8,0.0,26.5,0.0,26.3,0.0,0.55,0.55,1.0,1.0,1.0,0.48,0.18,2.38,0.0
657,2022-06-26 20:15:00+00:00,0.0,0.0,0.0,0.17,27.8,0.0,27.8,0.0,26.8,0.0,26.5,0.0,26.3,0.0,0.6,0.6,1.0,1.0,1.0,0.49,0.16,2.45,0.0
658,2022-06-26 20:30:00+00:00,0.0,0.0,0.0,0.17,27.8,0.0,27.8,0.0,26.7,0.0,26.4,0.0,26.2,0.0,0.6,0.6,1.0,1.0,1.0,0.49,0.16,2.45,0.0
659,2022-06-26 20:45:00+00:00,0.0,0.0,0.0,0.17,27.7,0.0,27.7,0.0,26.7,0.0,26.4,0.0,26.2,0.0,0.6,0.6,1.0,1.0,1.0,0.51,0.16,2.53,0.0
660,2022-06-26 21:00:00+00:00,0.0,0.0,0.0,0.21,27.7,0.0,27.7,0.0,26.7,0.0,26.4,0.0,26.2,0.0,0.65,0.65,1.0,1.0,1.0,0.52,0.14,2.58,0.0
661,2022-06-26 21:15:00+00:00,0.0,0.0,0.0,0.21,27.7,0.0,27.7,0.0,26.7,0.0,26.3,0.0,26.1,0.0,0.65,0.65,1.0,1.0,1.0,0.52,0.14,2.58,0.0
662,2022-06-26 21:30:00+00:00,0.0,0.0,0.0,0.21,27.6,0.0,27.6,0.0,26.6,0.0,26.3,0.0,26.1,0.0,0.65,0.65,1.0,1.0,1.0,0.52,0.14,2.62,0.0
663,2022-06-26 21:45:00+00:00,0.0,0.0,0.0,0.21,27.6,0.0,27.6,0.0,26.6,0.0,26.2,0.0,26.0,0.0,0.7,0.7,1.0,1.0,1.0,0.54,0.12,2.7,0.0
664,2022-06-26 22:00:00+00:00,0.0,0.0,0.0,0.54,27.5,0.0,27.5,0.0,26.5,0.0,26.2,0.0,25.9,0.0,0.7,0.7,1.0,1.0,1.0,0.55,0.12,2.75,0.0
665,2022-06-26 22:15:00+00:00,0.0,0.0,0.0,0.54,27.5,0.0,27.5,0.0,26.5,0.0,26.1,0.0,25.9,0.0,0.75,0.75,1.0,1.0,1.0,0.57,0.1,2.85,0.0
666,2022-06-26 22:30:00+00:00,0.0,0.0,0.0,0.54,27.4,0.0,27.4,0.0,26.4,0.0,26.0,0.0,25.8,0.0,0.75,0.75,1.0,1.0,1.0,0.57,0.1,2.88,0.0
667,2022-06-26 22:45:00+00:00,0.0,0.0,0.0,0.54,27.4,0.0,27.4,0.0,26.4,0.0,26.0,0.0,25.7,0.0,0.8,0.8,1.0,1.0,1.0,0.6,0.08,3.0,0.0
668,2022-06-26 23:00:00+00:00,0.0,0.0,0.0,0.79,27.3,0.0,27.3,0.0,26.4,0.0,25.9,0.0,25.7,0.0,0.8,0.8,1.0,1.0,1.0,0.61,0.08,3.03,0.0
669,2022-06-26 23:15:00+00:00,0.0,0.0,0.0,0.79,27.3,0.0,27.3,0.0,26.3,0.0,25.8,0.0,25.6,0.0,0.85,0.85,1.0,1.0,1.0,0.62,0.06,3.1,0.0
670,2022-06-26 23:30:00+00:00,0.0,0.0,0.0,0.79,27.2,0.0,27.2,0.0,26.3,0.0,25.8,0.0,25.5,0.0,0.85,0.85,1.0,1.0,1.0,0.63,0.06,3.17,0.0
671,2022-06-26 23:45:00+00:00,0.0,0.0,0.0,0.79,27.2,0.0,27.2,0.0,26.2,0.0,25.7,0.0,25.4,0.0,0.9,0.9,1.0,1.0,1.0,0.65,0.04,3.25,0.0
