,timestamp,costs_[cent],heat_pump_electrical_power_[watt],heat_pump_modulation_degree,room_1_air_temperature_[degree_celsius],room_1_heat_flow_[watt],room_2_air_temperature_[degree_celsius],room_2_heat_flow_[watt],room_3_air_temperature_[degree_celsius],room_3_heat_flow_[watt],room_4_air_temperature_[degree_celsius],room_4_heat_flow_[watt],room_5_air_temperature_[degree_celsius],room_5_heat_flow_[watt],thermal_discomfort_[kelvin]
0,2022-06-20 00:00:00+00:00,0.0,0.0,0.0,26.1,0.0,26.1,0.0,26.1,-0.0,26.1,0.0,26.1,0.0,0.0
1,2022-06-20 00:15:00+00:00,0.0,0.0,0.0,26.03,0.0,26.03,0.0,26.03,0.0,26.02,0.0,26.01,-0.0,0.0
2,2022-06-20 00:30:00+00:00,0.0,0.0,0.0,25.99,0.0,25.99,0.0,25.99,0.0,25.96,-0.0,25.95,-0.0,0.0
3,2022-06-20 00:45:00+00:00,0.0,0.0,0.0,25.96,0.0,25.96,0.0,25.96,-0.0,25.92,-0.0,25.9,0.0,0.0
4,2022-06-20 01:00:00+00:00,0.0,0.0,0.0,25.93,-0.0,25.93,-0.0,25.93,0.0,25.87,-0.0,25.84,0.0,0.0
5,2022-06-20 01:15:00+00:00,-0.0,-0.0,-0.0,25.9,0.0,25.9,0.0,25.9,0.0,25.82,0.0,25.79,0.0,0.0
6,2022-06-20 01:30:00+00:00,0.0,0.0,0.0,25.86,-0.0,25.86,-0.0,25.86,0.0,25.77,-0.0,25.73,0.0,0.0
7,2022-06-20 01:45:00+00:00,0.0,0.0,0.0,25.83,-0.0,25.83,-0.0,25.83,-0.0,25.72,-0.0,25.67,0.0,0.0
8,2022-06-20 02:00:00+00:00,0.0,0.0,0.0,25.79,-0.0,25.79,-0.0,25.79,0.0,25.67,0.0,25.61,0.0,0.0
9,2022-06-20 02:15:00+00:00,0.0,0.0,0.0,25.75,0.0,25.75,0.0,25.75,-0.0,25.62,0.0,25.55,0.0,0.0
10,2022-06-20 02:30:00+00:00,0.0,0.0,0.0,25.72,-0.0,25.72,-0.0,25.72,0.0,25.56,-0.0,25.49,0.0,0.0
11,2022-06-20 02:45:00+00:00,0.0,0.0,0.0,25.69,0.0,25.69,0.0,25.68,-0.0,25.52,0.0,25.44,-0.0,0.0
12,2022-06-20 03:00:00+00:00,0.0,0.0,0.0,25.67,0.0,25.67,0.0,25.67,-0.0,25.49,0.0,25.4,0.0,0.0
13,2022-06-20 03:15:00+00:00,0.0,0.0,0.0,25.64,-0.0,25.64,0.0,25.64,0.0,25.45,-0.0,25.36,0.0,0.0
14,2022-06-20 03:30:00+00:00,0.0,0.0,0.0,25.61,0.0,25.61,0.0,25.61,0.0,25.4,-0.0,25.31,0.0,0.0
15,2022-06-20 03:45:00+00:00,0.0,0.0,0.0,25.58,0.0,25.58,-0.0,25.58,-0.0,25.36,-0.0,25.26,0.0,0.0
16,2022-06-20 04:00:00+00:00,0.0,0.0,0.0,25.55,0.0,25.55,0.0,25.54,0.0,25.31,-0.0,25.2,0.0,0.0
17,2022-06-20 04:15:00+00:00,0.0,0.0,0.0,25.52,-0.0,25.52,0.0,25.51,0.0,25.27,-0.0,25.15,0.0,0.0
18,2022-06-20 04:30:00+00:00,0.0,0.0,0.0,25.5,-0.0,25.5,0.0,25.49,-0.0,25.23,0.0,25.11,0.0,0.0
19,2022-06-20 04:45:00+00:00,0.0,0.0,0.0,25.48,-0.0,25.48,0.0,25.47,-0.0,25.2,0.0,25.07,0.0,0.0
20,2022-06-20 05:00:00+00:00,-0.0,-0.0,-0.0,25.46,-0.0,25.46,0.0,25.45,0.0,25.16,0.0,25.03,0.0,0.0
21,2022-06-20 05:15:00+00:00,0.0,0.0,0.0,25.44,0.0,25.44,0.0,25.43,0.0,25.13,-0.0,24.99,0.0,0.0
22,2022-06-20 05:30:00+00:00,0.0,0.0,0.0,25.42,0.0,25.42,-0.0,25.41,0.0,25.1,-0.0,24.95,0.0,0.0
23,2022-06-20 05:45:00+00:00,0.0,0.0,0.0,25.41,0.0,25.41,-0.0,25.39,0.0,25.07,-0.0,24.92,-0.0,0.0
24,2022-06-20 06:00:00+00:00,0.0,0.0,0.0,25.4,-0.0,25.4,-0.0,25.38,0.0,25.05,-0.0,24.89,0.0,0.0
25,2022-06-20 06:15:00+00:00,0.0,0.0,0.0,25.4,0.0,25.4,0.0,25.37,-0.0,25.03,-0.0,24.88,0.0,0.0
26,2022-06-20 06:30:00+00:00,0.0,0.0,0.0,25.41,-0.0,25.41,0.0,25.37,-0.0,25.03,0.0,24.86,0.0,0.0
27,2022-06-20 06:45:00+00:00,0.0,0.0,0.0,25.43,0.0,25.43,0.0,25.39,-0.0,25.04,0.0,24.87,0.0,0.0
28,2022-06-20 07:00:00+00:00,0.0,0.0,0.0,25.46,0.0,25.46,0.0,25.41,-0.0,25.05,0.0,24.88,0.0,0.0
29,2022-06-20 07:15:00+00:00,0.0,0.0,0.0,25.51,-0.0,25.51,-0.0,25.45,-0.0,25.09,0.0,24.92,0.0,0.0
30,2022-06-20 07:30:00+00:00,0.0,0.0,0.0,25.56,-0.0,25.56,0.0,25.49,0.0,25.13,0.0,24.96,0.0,0.0
31,2022-06-20 07:45:00+00:00,0.0,0.0,0.0,25.66,0.0,25.66,-0.0,25.56,-0.0,25.21,0.0,25.04,0.0,0.0
32,2022-06-20 08:00:00+00:00,0.0,0.0,0.0,25.68,0.0,25.68,-0.0,25.58,-0.0,25.23,0.0,25.06,0.0,0.0
33,2022-06-20 08:15:00+00:00,0.0,0.0,0.0,25.66,-0.0,25.66,0.0,25.57,0.0,25.23,0.0,25.06,-0.0,0.0
34,2022-06-20 08:30:00+00:00,0.0,0.0,0.0,25.76,0.0,25.76,0.0,25.64,0.0,25.31,-0.0,25.14,0.0,0.0
35,2022-06-20 08:45:00+00:00,0.0,0.0,0.0,25.74,0.0,25.74,-0.0,25.63,0.0,25.3,-0.0,25.13,-0.0,0.0
36,2022-06-20 09:00:00+00:00,0.0,0.0,0.0,25.82,-0.0,25.82,-0.0,25.69,0.0,25.37,-0.0,25.2,-0.0,0.0
37,2022-06-20 09:15:00+00:00,0.0,0.0,0.0,25.98,0.0,25.98,0.0,25.82,0.0,25.51,0.0,25.33,-0.0,0.0
38,2022-06-20 09:30:00+00:00,0.0,0.0,0.0,26.02,-0.0,26.02,0.0,25.85,0.0,25.55,0.0,25.38,-0.0,0.0
39,2022-06-20 09:45:00+00:00,0.0,0.0,0.0,26.04,0.0,26.04,0.0,25.87,0.0,25.58,0.0,25.41,-0.0,0.0
40,2022-06-20 10:00:00+00:00,0.0,0.0,0.0,26.09,0.0,26.09,-0.0,25.91,0.0,25.63,0.0,25.47,0.0,0.0
41,2022-06-20 10:15:00+00:00,0.0,0.0,0.0,26.16,0.0,26.16,-0.0,25.97,-0.0,25.7,0.0,25.54,0.0,0.0
42,2022-06-20 10:30:00+00:00,0.0,0.0,0.0,26.21,0.0,26.21,-0.0,26.0,0.0,25.75,0.0,25.59,0.0,0.0
43,2022-06-20 10:45:00+00:00,0.0,0.0,0.0,26.29,0.0,26.29,-0.0,26.08,0.0,25.83,0.0,25.68,0.0,0.0
44,2022-06-20 11:00:00+00:00,0.0,0.0,0.0,26.38,0.0,26.38,-0.0,26.15,0.0,25.92,0.0,25.76,0.0,0.0
45,2022-06-20 11:15:00+00:00,0.0,0.0,0.0,26.44,-0.0,26.44,-0.0,26.2,0.0,25.99,0.0,25.84,0.0,0.0
46,2022-06-20 11:30:00+00:00,0.0,0.0,0.0,26.43,-0.0,26.43,-0.0,26.19,-0.0,25.98,0.0,25.83,0.0,0.0
47,2022-06-20 11:45:00+00:00,0.0,0.0,0.0,26.41,0.0,26.41,0.0,26.17,0.0,25.97,-0.0,25.82,0.0,0.0
48,2022-06-20 12:00:00+00:00,0.0,0.0,0.0,26.41,0.0,26.41,0.0,26.17,-0.0,25.97,-0.0,25.82,-0.0,0.0
49,2022-06-20 12:15:00+00:00,0.0,0.0,0.0,26.44,-0.0,26.44,0.0,26.19,-0.0,25.99,0.0,25.85,0.0,0.0
50,2022-06-20 12:30:00+00:00,0.0,0.0,0.0,26.47,0.0,26.47,-0.0,26.21,0.0,26.01,0.0,25.86,-0.0,0.0
51,2022-06-20 12:45:00+00:00,0.0,0.0,0.0,26.55,-0.0,26.55,0.0,26.27,0.0,26.07,0.0,25.92,0.0,0.0
52,2022-06-20 13:00:00+00:00,0.0,0.0,0.0,26.55,-0.0,26.55,0.0,26.27,0.0,26.06,0.0,25.91,0.0,0.0
53,2022-06-20 13:15:00+00:00,0.0,0.0,0.0,26.6,-0.0,26.6,0.0,26.31,0.0,26.1,0.0,25.94,0.0,0.0
54,2022-06-20 13:30:00+00:00,0.0,0.0,0.0,26.56,0.0,26.56,-0.0,26.27,-0.0,26.06,0.0,25.89,-0.0,0.0
55,2022-06-20 13:45:00+00:00,0.0,0.0,0.0,26.51,-0.0,26.51,0.0,26.22,-0.0,26.01,0.0,25.84,-0.0,0.0
56,2022-06-20 14:00:00+00:00,0.0,0.0,0.0,26.49,-0.0,26.49,-0.0,26.2,0.0,25.98,-0.0,25.81,0.0,0.0
57,2022-06-20 14:15:00+00:00,0.0,0.0,0.0,26.52,-0.0,26.52,0.0,26.22,-0.0,25.99,0.0,25.81,0.0,0.0
58,2022-06-20 14:30:00+00:00,0.0,0.0,0.0,26.59,-0.0,26.59,-0.0,26.27,0.0,26.04,0.0,25.86,0.0,0.0
59,2022-06-20 14:45:00+00:00,0.0,0.0,0.0,26.75,0.0,26.75,0.0,26.41,-0.0,26.17,0.0,25.99,0.0,0.0
60,2022-06-20 15:00:00+00:00,0.0,0.0,0.0,26.83,0.0,26.83,0.0,26.47,0.0,26.23,0.0,26.05,-0.0,0.0
61,2022-06-20 15:15:00+00:00,0.0,0.0,0.0,26.88,-0.0,26.88,0.0,26.51,-0.0,26.28,0.0,26.09,0.0,0.0
62,2022-06-20 15:30:00+00:00,0.0,0.0,0.0,26.93,-0.0,26.93,0.0,26.54,0.0,26.32,0.0,26.14,-0.0,0.0
63,2022-06-20 15:45:00+00:00,0.0,0.0,0.0,26.97,-0.0,26.97,0.0,26.58,-0.0,26.36,0.0,26.17,0.0,0.0
64,2022-06-20 16:00:00+00:00,0.0,0.0,0.0,27.01,0.0,27.01,-0.0,26.6,0.0,26.39,-0.0,26.2,0.0,0.0
65,2022-06-20 16:15:00+00:00,0.0,0.0,0.0,27.04,-0.0,27.04,0.0,26.62,0.0,26.42,0.0,26.22,0.0,0.0
66,2022-06-20 16:30:00+00:00,0.0,0.0,0.0,27.04,-0.0,27.04,-0.0,26.62,-0.0,26.41,0.0,26.22,0.0,0.0
67,2022-06-20 16:45:00+00:00,0.0,0.0,0.0,27.07,0.0,27.07,-0.0,26.64,-0.0,26.44,0.0,26.24,0.0,0.0
68,2022-06-20 17:00:00+00:00,0.0,0.0,0.0,27.04,-0.0,27.04,-0.0,26.61,0.0,26.4,0.0,26.2,0.0,0.0
69,2022-06-20 17:15:00+00:00,0.0,0.0,0.0,26.98,0.0,26.98,-0.0,26.56,0.0,26.34,-0.0,26.14,0.0,0.0
70,2022-06-20 17:30:00+00:00,0.0,0.0,0.0,26.97,0.0,26.97,-0.0,26.54,0.0,26.32,-0.0,26.11,0.0,0.0
71,2022-06-20 17:45:00+00:00,0.0,0.0,0.0,26.99,0.0,26.99,-0.0,26.56,0.0,26.33,0.0,26.11,0.0,0.0
72,2022-06-20 18:00:00+00:00,0.0,0.0,0.0,26.97,-0.0,26.97,-0.0,26.54,0.0,26.29,0.0,26.07,0.0,0.0
73,2022-06-20 18:15:00+00:00,0.0,0.0,0.0,26.95,0.0,26.95,-0.0,26.52,-0.0,26.26,0.0,26.03,0.0,0.0
74,2022-06-20 18:30:00+00:00,0.0,0.0,0.0,26.92,-0.0,26.92,-0.0,26.49,0.0,26.22,0.0,25.99,-0.0,0.0
75,2022-06-20 18:45:00+00:00,0.0,0.0,0.0,26.88,0.0,26.88,0.0,26.45,0.0,26.16,-0.0,25.93,0.0,0.0
76,2022-06-20 19:00:00+00:00,0.0,0.0,0.0,26.83,0.0,26.83,-0.0,26.4,-0.0,26.11,0.0,25.86,-0.0,0.0
77,2022-06-20 19:15:00+00:00,0.0,0.0,0.0,26.78,0.0,26.78,0.0,26.36,-0.0,26.04,-0.0,25.79,-0.0,0.0
78,2022-06-20 19:30:00+00:00,0.0,0.0,0.0,26.73,0.0,26.73,0.0,26.31,0.0,25.98,0.0,25.72,0.0,0.0
79,2022-06-20 19:45:00+00:00,0.0,0.0,0.0,26.68,-0.0,26.68,-0.0,26.26,-0.0,25.91,0.0,25.64,0.0,0.0
80,2022-06-20 20:00:00+00:00,0.0,0.0,0.0,26.63,-0.0,26.63,0.0,26.2,0.0,25.83,-0.0,25.56,0.0,0.0
81,2022-06-20 20:15:00+00:00,0.0,0.0,0.0,26.57,0.0,26.57,-0.0,26.15,-0.0,25.76,-0.0,25.48,0.0,0.0
82,2022-06-20 20:30:00+00:00,0.0,0.0,0.0,26.51,0.0,26.51,0.0,26.09,0.0,25.68,0.0,25.39,-0.0,0.0
83,2022-06-20 20:45:00+00:00,0.0,0.0,0.0,26.45,0.0,26.45,0.0,26.04,-0.0,25.6,-0.0,25.3,0.0,0.0
84,2022-06-20 21:00:00+00:00,0.0,0.0,0.0,26.39,0.0,26.39,0.0,25.98,0.0,25.51,-0.0,25.2,0.0,0.0
85,2022-06-20 21:15:00+00:00,0.0,0.0,0.0,26.32,0.0,26.32,-0.0,25.91,0.0,25.43,-0.0,25.11,0.0,0.0
86,2022-06-20 21:30:00+00:00,0.0,0.0,0.0,26.26,0.0,26.26,0.0,25.85,-0.0,25.34,0.0,25.0,0.0,0.0
87,2022-06-20 21:45:00+00:00,0.0,0.0,0.0,26.19,-0.0,26.19,-0.0,25.78,0.0,25.24,0.0,24.9,-0.0,0.0
88,2022-06-20 22:00:00+00:00,0.0,0.0,0.0,26.12,-0.0,26.12,-0.0,25.71,0.0,25.14,0.0,24.79,0.0,0.0
89,2022-06-20 22:15:00+00:00,0.0,0.0,0.0,26.04,-0.0,26.04,0.0,25.64,0.0,25.04,0.0,24.68,0.0,0.0
90,2022-06-20 22:30:00+00:00,0.0,0.0,0.0,25.97,0.0,25.97,0.0,25.57,-0.0,24.95,0.0,24.57,0.0,0.0
91,2022-06-20 22:45:00+00:00,0.0,0.0,0.0,25.89,0.0,25.89,-0.0,25.5,0.0,24.84,0.0,24.45,0.0,0.0
92,2022-06-20 23:00:00+00:00,0.0,0.0,0.0,25.82,0.0,25.82,0.0,25.43,-0.0,24.74,0.0,24.34,0.0,0.0
93,2022-06-20 23:15:00+00:00,0.0,0.0,0.0,25.75,-0.0,25.75,0.0,25.36,0.0,24.65,-0.0,24.24,0.0,0.0
94,2022-06-20 23:30:00+00:00,0.0,0.0,0.0,25.68,-0.0,25.68,0.0,25.29,-0.0,24.55,0.0,24.13,0.0,0.0
95,2022-06-20 23:45:00+00:00,0.0,0.0,0.0,25.61,-0.0,25.61,-0.0,25.22,0.0,24.45,0.0,24.01,0.0,0.0
96,2022-06-21 00:00:00+00:00,0.0,0.0,0.0,25.53,0.0,25.53,0.0,25.14,-0.0,24.35,0.0,23.9,0.0,0.0
97,2022-06-21 00:15:00+00:00,0.0,0.0,0.0,25.45,-0.0,25.45,0.0,25.07,-0.0,24.24,0.0,23.78,0.0,0.0
98,2022-06-21 00:30:00+00:00,0.0,0.0,0.0,25.37,-0.0,25.37,-0.0,24.99,0.0,24.13,0.0,23.66,0.0,0.0
99,2022-06-21 00:45:00+00:00,0.0,0.0,0.0,25.29,0.0,25.29,-0.0,24.91,0.0,24.02,-0.0,23.54,0.0,0.0
100,2022-06-21 01:00:00+00:00,0.0,0.0,0.0,25.21,-0.0,25.21,0.0,24.83,0.0,23.91,0.0,23.42,0.0,0.0
101,2022-06-21 01:15:00+00:00,0.0,0.0,0.0,25.13,0.0,25.13,-0.0,24.75,0.0,23.81,-0.0,23.3,0.0,0.0
102,2022-06-21 01:30:00+00:00,0.0,0.0,0.0,25.06,0.0,25.06,-0.0,24.68,-0.0,23.71,0.0,23.19,0.0,0.0
103,2022-06-21 01:45:00+00:00,0.0,0.0,0.0,24.99,0.0,24.99,0.0,24.61,-0.0,23.61,-0.0,23.08,0.0,0.0
104,2022-06-21 02:00:00+00:00,0.0,0.0,0.0,24.92,-0.0,24.92,0.0,24.54,0.0,23.51,0.0,22.97,-0.0,0.0
105,2022-06-21 02:15:00+00:00,0.0,0.0,0.0,24.85,0.0,24.85,0.0,24.48,0.0,23.42,0.0,22.87,0.0,0.0
106,2022-06-21 02:30:00+00:00,0.0,0.0,0.0,24.77,0.0,24.77,-0.0,24.4,-0.0,23.31,0.0,22.75,0.0,0.0
107,2022-06-21 02:45:00+00:00,0.0,0.0,0.0,24.69,0.0,24.69,0.0,24.32,0.0,23.21,-0.0,22.64,0.0,0.0
108,2022-06-21 03:00:00+00:00,0.0,0.0,0.0,24.62,0.0,24.62,-0.0,24.25,0.0,23.11,0.0,22.53,0.0,0.0
109,2022-06-21 03:15:00+00:00,0.0,0.0,0.0,24.54,0.0,24.54,0.0,24.18,0.0,23.01,0.0,22.43,0.0,0.0
110,2022-06-21 03:30:00+00:00,0.0,0.0,0.0,24.47,0.0,24.47,0.0,24.11,0.0,22.92,0.0,22.32,0.0,0.0
111,2022-06-21 03:45:00+00:00,0.0,0.0,0.0,24.4,-0.0,24.4,-0.0,24.04,0.0,22.82,-0.0,22.21,0.0,0.0
112,2022-06-21 04:00:00+00:00,0.0,0.0,0.0,24.33,0.0,24.33,0.0,23.97,-0.0,22.72,0.0,22.11,0.0,0.0
113,2022-06-21 04:15:00+00:00,0.0,0.0,0.0,24.26,0.0,24.26,-0.0,23.9,-0.0,22.63,0.0,22.01,0.0,0.0
114,2022-06-21 04:30:00+00:00,0.0,0.0,0.0,24.22,0.0,24.22,0.0,23.85,0.0,22.56,0.0,21.93,0.0,0.0
115,2022-06-21 04:45:00+00:00,0.0,0.0,0.0,24.18,-0.0,24.18,-0.0,23.82,0.0,22.5,0.0,21.86,-0.0,0.0
116,2022-06-21 05:00:00+00:00,0.0,0.0,0.0,24.15,0.0,24.15,0.0,23.78,0.0,22.46,-0.0,21.81,0.0,0.0
117,2022-06-21 05:15:00+00:00,0.0,0.0,0.0,24.1,0.0,24.1,0.0,23.74,0.0,22.4,-0.0,21.74,0.0,0.0
118,2022-06-21 05:30:00+00:00,0.0,0.0,0.0,24.07,-0.0,24.07,-0.0,23.7,-0.0,22.34,-0.0,21.69,-0.0,0.0
119,2022-06-21 05:45:00+00:00,0.0,0.0,0.0,24.08,-0.0,24.08,-0.0,23.7,-0.0,22.33,0.0,21.67,0.0,0.0
120,2022-06-21 06:00:00+00:00,0.0,0.0,0.0,24.08,-0.0,24.08,0.0,23.7,-0.0,22.32,0.0,21.66,0.0,0.0
121,2022-06-21 06:15:00+00:00,0.0,0.0,0.0,24.09,0.0,24.09,-0.0,23.7,0.0,22.32,0.0,21.65,0.0,0.0
122,2022-06-21 06:30:00+00:00,0.0,0.0,0.0,24.11,0.0,24.11,0.0,23.71,-0.0,22.33,0.0,21.66,0.0,0.0
123,2022-06-21 06:45:00+00:00,0.0,0.0,0.0,24.14,-0.0,24.14,-0.0,23.73,0.0,22.35,-0.0,21.68,0.0,0.0
124,2022-06-21 07:00:00+00:00,0.0,0.0,0.0,24.18,0.0,24.18,0.0,23.76,-0.0,22.38,0.0,21.72,0.0,0.0
125,2022-06-21 07:15:00+00:00,0.0,0.0,0.0,24.22,-0.0,24.22,0.0,23.79,0.0,22.42,-0.0,21.76,0.0,0.0
126,2022-06-21 07:30:00+00:00,0.0,0.0,0.0,24.15,-0.0,24.15,0.0,23.73,-0.0,22.36,0.0,21.7,0.0,0.0
127,2022-06-21 07:45:00+00:00,0.0,0.0,0.0,24.13,-0.0,24.13,0.0,23.71,-0.0,22.34,0.0,21.68,0.0,0.0
128,2022-06-21 08:00:00+00:00,0.0,0.0,0.0,24.19,-0.0,24.19,0.0,23.75,-0.0,22.39,-0.0,21.73,0.0,2.7
129,2022-06-21 08:15:00+00:00,0.0,0.0,0.0,24.3,0.0,24.3,0.0,23.84,-0.0,22.48,0.0,21.83,0.0,2.29
130,2022-06-21 08:30:00+00:00,0.0,0.0,0.0,24.4,0.0,24.4,0.0,23.92,-0.0,22.57,0.0,21.92,0.0,1.91
131,2022-06-21 08:45:00+00:00,0.0,0.0,0.0,24.47,-0.0,24.47,-0.0,23.98,0.0,22.65,0.0,22.0,0.0,1.61
132,2022-06-21 09:00:00+00:00,0.0,0.0,0.0,24.43,0.0,24.43,0.0,23.95,-0.0,22.62,-0.0,21.99,0.0,1.73
133,2022-06-21 09:15:00+00:00,0.0,0.0,0.0,24.47,0.0,24.47,-0.0,23.98,0.0,22.67,0.0,22.04,0.0,1.55
134,2022-06-21 09:30:00+00:00,0.0,0.0,0.0,24.51,-0.0,24.51,-0.0,24.01,0.0,22.72,0.0,22.09,0.0,1.38
135,2022-06-21 09:45:00+00:00,-0.0,-0.0,-0.0,24.57,0.0,24.57,-0.0,24.06,0.0,22.78,0.0,22.15,0.0,1.13
136,2022-06-21 10:00:00+00:00,-0.0,-0.0,-0.0,24.76,0.0,24.76,0.0,24.22,-0.0,22.96,0.0,22.34,0.0,0.54
137,2022-06-21 10:15:00+00:00,-0.0,-0.0,-0.0,24.89,-0.0,24.89,0.0,24.33,-0.0,23.09,0.0,22.48,0.0,0.32
138,2022-06-21 10:30:00+00:00,-0.0,-0.0,-0.0,24.99,0.0,24.99,0.0,24.41,0.0,23.19,-0.0,22.59,0.0,0.21
139,2022-06-21 10:45:00+00:00,-0.0,-0.0,-0.0,25.1,0.0,25.1,0.0,24.5,0.0,23.32,0.0,22.73,0.0,0.07
140,2022-06-21 11:00:00+00:00,0.8,459.04,0.2,25.23,-2433.46,25.23,0.0,24.62,0.0,23.46,0.0,22.88,-0.0,0.0
141,2022-06-21 11:15:00+00:00,0.0,0.0,0.0,24.82,0.0,25.36,0.0,24.73,0.0,23.6,-0.0,23.03,-0.0,0.0
142,2022-06-21 11:30:00+00:00,0.0,0.0,0.0,25.23,0.0,25.48,0.0,24.82,-0.0,23.73,0.0,23.16,-0.0,0.0
143,2022-06-21 11:45:00+00:00,0.0,0.0,0.0,25.4,0.0,25.61,-0.0,24.94,0.0,23.87,0.0,23.32,-0.0,0.0
144,2022-06-21 12:00:00+00:00,0.0,0.0,0.0,25.55,-0.0,25.75,-0.0,25.05,0.0,24.02,0.0,23.48,-0.0,0.78
145,2022-06-21 12:15:00+00:00,0.0,0.0,0.0,25.68,0.0,25.88,-0.0,25.17,-0.0,24.17,0.0,23.63,-0.0,0.63
146,2022-06-21 12:30:00+00:00,0.0,0.0,0.0,25.8,-0.0,26.01,-0.0,25.27,0.0,24.31,0.0,23.79,0.0,0.49
147,2022-06-21 12:45:00+00:00,0.0,0.0,0.0,25.87,-0.0,26.08,0.0,25.33,0.0,24.4,-0.0,23.89,0.0,0.4
148,2022-06-21 13:00:00+00:00,-0.0,-0.0,-0.0,25.94,0.0,26.14,-0.0,25.39,0.0,24.49,-0.0,23.99,0.0,0.0
149,2022-06-21 13:15:00+00:00,0.0,0.0,0.0,26.1,0.0,26.3,-0.0,25.52,-0.0,24.65,-0.0,24.16,0.0,0.0
150,2022-06-21 13:30:00+00:00,-0.0,-0.0,-0.0,26.23,-0.0,26.43,0.0,25.64,-0.0,24.8,-0.0,24.31,0.0,0.0
151,2022-06-21 13:45:00+00:00,0.0,0.0,0.0,26.29,0.0,26.49,0.0,25.69,0.0,24.88,-0.0,24.41,0.0,0.0
152,2022-06-21 14:00:00+00:00,0.0,0.0,0.0,26.45,-0.0,26.64,0.0,25.82,0.0,25.05,0.0,24.59,0.0,0.0
153,2022-06-21 14:15:00+00:00,0.0,0.0,0.0,26.54,-0.0,26.74,0.0,25.91,-0.0,25.16,0.0,24.71,0.0,0.0
154,2022-06-21 14:30:00+00:00,0.0,0.0,0.0,26.65,0.0,26.85,0.0,26.0,-0.0,25.28,0.0,24.84,0.0,0.0
155,2022-06-21 14:45:00+00:00,0.0,0.0,0.0,26.75,-0.0,26.95,0.0,26.09,-0.0,25.4,0.0,24.97,0.0,0.0
156,2022-06-21 15:00:00+00:00,0.0,0.0,0.0,26.85,0.0,27.04,0.0,26.18,0.0,25.52,-0.0,25.1,0.0,0.0
157,2022-06-21 15:15:00+00:00,0.0,0.0,0.0,26.94,0.0,27.13,0.0,26.25,-0.0,25.62,0.0,25.21,-0.0,0.0
158,2022-06-21 15:30:00+00:00,0.0,0.0,0.0,27.03,0.0,27.22,0.0,26.33,0.0,25.73,0.0,25.33,-0.0,0.0
159,2022-06-21 15:45:00+00:00,0.0,0.0,0.0,27.11,0.0,27.3,-0.0,26.4,-0.0,25.83,0.0,25.44,-0.0,0.0
160,2022-06-21 16:00:00+00:00,0.0,0.0,0.0,27.19,-0.0,27.38,-0.0,26.47,0.0,25.92,0.0,25.55,0.0,0.0
161,2022-06-21 16:15:00+00:00,0.0,0.0,0.0,27.26,0.0,27.44,0.0,26.54,-0.0,26.01,-0.0,25.64,0.0,0.0
162,2022-06-21 16:30:00+00:00,0.0,0.0,0.0,27.32,-0.0,27.51,0.0,26.6,-0.0,26.1,0.0,25.74,0.0,0.0
163,2022-06-21 16:45:00+00:00,0.0,0.0,0.0,27.38,0.0,27.56,0.0,26.65,0.0,26.17,-0.0,25.82,0.0,0.0
164,2022-06-21 17:00:00+00:00,0.0,0.0,0.0,27.43,-0.0,27.62,0.0,26.7,-0.0,26.25,0.0,25.91,-0.0,0.0
165,2022-06-21 17:15:00+00:00,0.0,0.0,0.0,27.45,0.0,27.63,-0.0,26.72,0.0,26.28,0.0,25.95,0.0,0.0
166,2022-06-21 17:30:00+00:00,0.0,0.0,0.0,27.48,-0.0,27.66,0.0,26.75,0.0,26.33,-0.0,26.01,0.0,0.0
167,2022-06-21 17:45:00+00:00,0.0,0.0,0.0,27.5,0.0,27.68,0.0,26.77,-0.0,26.37,-0.0,26.05,0.0,0.0
168,2022-06-21 18:00:00+00:00,0.0,0.0,0.0,27.51,0.0,27.69,0.0,26.78,0.0,26.39,-0.0,26.08,0.0,0.0
169,2022-06-21 18:15:00+00:00,0.0,0.0,0.0,27.52,0.0,27.7,0.0,26.8,-0.0,26.42,0.0,26.11,0.0,0.0
170,2022-06-21 18:30:00+00:00,0.0,0.0,0.0,27.53,0.0,27.7,0.0,26.8,-0.0,26.43,-0.0,26.13,0.0,0.0
171,2022-06-21 18:45:00+00:00,0.0,0.0,0.0,27.52,-0.0,27.7,0.0,26.8,0.0,26.44,-0.0,26.14,0.0,0.0
172,2022-06-21 19:00:00+00:00,0.0,0.0,0.0,27.51,-0.0,27.69,-0.0,26.8,-0.0,26.44,-0.0,26.15,0.0,0.0
173,2022-06-21 19:15:00+00:00,0.0,0.0,0.0,27.51,-0.0,27.68,-0.0,26.79,0.0,26.44,0.0,26.15,0.0,0.0
174,2022-06-21 19:30:00+00:00,0.0,0.0,0.0,27.5,0.0,27.67,0.0,26.79,0.0,26.43,-0.0,26.15,0.0,0.0
175,2022-06-21 19:45:00+00:00,0.0,0.0,0.0,27.48,0.0,27.65,0.0,26.77,0.0,26.42,-0.0,26.13,0.0,0.0
176,2022-06-21 20:00:00+00:00,0.0,0.0,0.0,27.46,0.0,27.63,-0.0,26.76,0.0,26.4,-0.0,26.12,-0.0,0.0
177,2022-06-21 20:15:00+00:00,0.0,0.0,0.0,27.44,0.0,27.61,0.0,26.74,0.0,26.38,-0.0,26.09,0.0,0.0
178,2022-06-21 20:30:00+00:00,0.0,0.0,0.0,27.41,0.0,27.58,0.0,26.72,0.0,26.35,-0.0,26.07,0.0,0.0
179,2022-06-21 20:45:00+00:00,0.0,0.0,0.0,27.39,-0.0,27.56,0.0,26.7,-0.0,26.33,-0.0,26.04,0.0,0.0
180,2022-06-21 21:00:00+00:00,0.0,0.0,0.0,27.36,0.0,27.53,-0.0,26.67,0.0,26.29,-0.0,26.0,0.0,0.0
181,2022-06-21 21:15:00+00:00,-0.0,-0.0,-0.0,27.33,0.0,27.5,-0.0,26.65,0.0,26.26,0.0,25.97,0.0,0.0
182,2022-06-21 21:30:00+00:00,0.0,0.0,0.0,27.31,-0.0,27.48,0.0,26.63,0.0,26.24,-0.0,25.94,0.0,0.0
183,2022-06-21 21:45:00+00:00,0.0,0.0,0.0,27.29,0.0,27.45,0.0,26.61,0.0,26.21,-0.0,25.92,0.0,0.0
184,2022-06-21 22:00:00+00:00,-0.0,-0.0,-0.0,27.26,-0.0,27.43,0.0,26.59,-0.0,26.18,0.0,25.88,0.0,0.0
185,2022-06-21 22:15:00+00:00,0.0,0.0,0.0,27.23,0.0,27.4,0.0,26.56,-0.0,26.15,-0.0,25.85,0.0,0.0
186,2022-06-21 22:30:00+00:00,0.0,0.0,0.0,27.21,0.0,27.37,0.0,26.54,-0.0,26.12,0.0,25.82,0.0,0.0
187,2022-06-21 22:45:00+00:00,0.0,0.0,0.0,27.18,0.0,27.34,0.0,26.51,0.0,26.08,-0.0,25.78,0.0,0.0
188,2022-06-21 23:00:00+00:00,0.0,0.0,0.0,27.14,-0.0,27.31,0.0,26.48,-0.0,26.04,0.0,25.74,0.0,0.0
189,2022-06-21 23:15:00+00:00,0.0,0.0,0.0,27.11,-0.0,27.27,0.0,26.45,-0.0,26.0,0.0,25.69,0.0,0.0
190,2022-06-21 23:30:00+00:00,-0.0,-0.0,-0.0,27.08,0.0,27.24,0.0,26.42,0.0,25.96,0.0,25.65,0.0,0.0
191,2022-06-21 23:45:00+00:00,0.0,0.0,0.0,27.04,0.0,27.2,0.0,26.39,0.0,25.91,0.0,25.6,-0.0,0.0
192,2022-06-22 00:00:00+00:00,0.0,0.0,0.0,27.0,-0.0,27.15,-0.0,26.35,-0.0,25.86,0.0,25.54,0.0,0.0
193,2022-06-22 00:15:00+00:00,0.0,0.0,0.0,26.96,-0.0,27.12,0.0,26.32,-0.0,25.82,-0.0,25.5,0.0,0.0
194,2022-06-22 00:30:00+00:00,0.0,0.0,0.0,26.93,-0.0,27.09,0.0,26.29,0.0,25.78,0.0,25.46,0.0,0.0
195,2022-06-22 00:45:00+00:00,0.0,0.0,0.0,26.9,0.0,27.05,-0.0,26.26,0.0,25.74,-0.0,25.41,0.0,0.0
196,2022-06-22 01:00:00+00:00,0.0,0.0,0.0,26.85,0.0,27.01,0.0,26.22,-0.0,25.69,0.0,25.35,0.0,0.0
197,2022-06-22 01:15:00+00:00,0.0,0.0,0.0,26.81,0.0,26.97,-0.0,26.18,-0.0,25.63,0.0,25.29,0.0,0.0
198,2022-06-22 01:30:00+00:00,0.0,0.0,0.0,26.77,0.0,26.92,-0.0,26.14,-0.0,25.58,0.0,25.23,0.0,0.0
199,2022-06-22 01:45:00+00:00,0.0,0.0,0.0,26.72,0.0,26.87,-0.0,26.1,0.0,25.52,-0.0,25.17,0.0,0.0
200,2022-06-22 02:00:00+00:00,0.0,0.0,0.0,26.68,-0.0,26.83,0.0,26.06,-0.0,25.47,0.0,25.11,0.0,0.0
201,2022-06-22 02:15:00+00:00,0.0,0.0,0.0,26.64,-0.0,26.79,0.0,26.02,-0.0,25.42,0.0,25.05,0.0,0.0
202,2022-06-22 02:30:00+00:00,0.0,0.0,0.0,26.59,0.0,26.74,-0.0,25.98,-0.0,25.36,0.0,24.99,0.0,0.0
203,2022-06-22 02:45:00+00:00,0.0,0.0,0.0,26.55,0.0,26.7,-0.0,25.94,0.0,25.3,0.0,24.93,-0.0,0.0
204,2022-06-22 03:00:00+00:00,0.0,0.0,0.0,26.5,0.0,26.65,-0.0,25.89,-0.0,25.24,0.0,24.86,-0.0,0.0
205,2022-06-22 03:15:00+00:00,0.0,0.0,0.0,26.44,0.0,26.59,0.0,25.84,-0.0,25.17,0.0,24.79,0.0,0.0
206,2022-06-22 03:30:00+00:00,0.0,0.0,0.0,26.39,-0.0,26.54,0.0,25.79,-0.0,25.11,0.0,24.72,-0.0,0.0
207,2022-06-22 03:45:00+00:00,0.0,0.0,0.0,26.35,0.0,26.49,0.0,25.75,-0.0,25.05,-0.0,24.65,0.0,0.0
208,2022-06-22 04:00:00+00:00,0.0,0.0,0.0,26.3,-0.0,26.45,-0.0,25.71,-0.0,24.99,0.0,24.59,0.0,0.0
209,2022-06-22 04:15:00+00:00,0.0,0.0,0.0,26.26,0.0,26.41,-0.0,25.67,0.0,24.94,0.0,24.53,-0.0,0.0
210,2022-06-22 04:30:00+00:00,0.0,0.0,0.0,26.22,0.0,26.37,0.0,25.63,-0.0,24.88,0.0,24.47,0.0,0.0
211,2022-06-22 04:45:00+00:00,0.0,0.0,0.0,26.18,-0.0,26.33,0.0,25.59,-0.0,24.83,0.0,24.41,0.0,0.0
212,2022-06-22 05:00:00+00:00,0.0,0.0,0.0,26.15,-0.0,26.29,0.0,25.56,-0.0,24.78,0.0,24.35,0.0,0.0
213,2022-06-22 05:15:00+00:00,0.0,0.0,0.0,26.12,0.0,26.26,-0.0,25.53,-0.0,24.74,0.0,24.31,0.0,0.0
214,2022-06-22 05:30:00+00:00,0.0,0.0,0.0,26.09,-0.0,26.23,-0.0,25.5,0.0,24.7,0.0,24.26,0.0,0.0
215,2022-06-22 05:45:00+00:00,0.0,0.0,0.0,26.06,0.0,26.2,0.0,25.47,-0.0,24.66,-0.0,24.22,0.0,0.0
216,2022-06-22 06:00:00+00:00,0.0,0.0,0.0,26.03,0.0,26.17,-0.0,25.44,0.0,24.62,0.0,24.18,0.0,0.0
217,2022-06-22 06:15:00+00:00,0.0,0.0,0.0,25.99,-0.0,26.13,0.0,25.41,0.0,24.57,0.0,24.13,0.0,0.0
218,2022-06-22 06:30:00+00:00,0.0,0.0,0.0,25.97,-0.0,26.1,0.0,25.38,-0.0,24.54,0.0,24.09,0.0,0.0
219,2022-06-22 06:45:00+00:00,0.0,0.0,0.0,25.94,-0.0,26.08,-0.0,25.36,0.0,24.51,0.0,24.06,0.0,0.0
220,2022-06-22 07:00:00+00:00,0.0,0.0,0.0,25.92,-0.0,26.06,0.0,25.34,0.0,24.48,0.0,24.03,0.0,0.0
221,2022-06-22 07:15:00+00:00,0.0,0.0,0.0,25.9,-0.0,26.04,0.0,25.32,0.0,24.45,0.0,24.0,0.0,0.0
222,2022-06-22 07:30:00+00:00,0.0,0.0,0.0,25.87,0.0,26.01,-0.0,25.29,-0.0,24.42,0.0,23.96,0.0,0.0
223,2022-06-22 07:45:00+00:00,0.0,0.0,0.0,25.86,0.0,25.99,0.0,25.28,-0.0,24.39,-0.0,23.93,0.0,0.0
224,2022-06-22 08:00:00+00:00,0.0,0.0,0.0,25.83,-0.0,25.97,0.0,25.25,-0.0,24.36,0.0,23.9,0.0,0.0
225,2022-06-22 08:15:00+00:00,0.0,0.0,0.0,25.81,0.0,25.94,-0.0,25.23,0.0,24.33,-0.0,23.87,0.0,0.0
226,2022-06-22 08:30:00+00:00,-0.0,-0.0,-0.0,25.79,-0.0,25.92,0.0,25.21,0.0,24.3,0.0,23.83,-0.0,0.0
227,2022-06-22 08:45:00+00:00,0.0,0.0,0.0,25.78,0.0,25.91,-0.0,25.2,0.0,24.29,-0.0,23.82,0.0,0.0
228,2022-06-22 09:00:00+00:00,0.0,0.0,0.0,25.77,-0.0,25.9,-0.0,25.19,0.0,24.27,-0.0,23.8,0.0,0.0
229,2022-06-22 09:15:00+00:00,0.0,0.0,0.0,25.75,0.0,25.89,-0.0,25.17,0.0,24.25,-0.0,23.78,0.0,0.0
230,2022-06-22 09:30:00+00:00,0.0,0.0,0.0,25.74,0.0,25.87,-0.0,25.16,-0.0,24.24,-0.0,23.77,0.0,0.0
231,2022-06-22 09:45:00+00:00,0.0,0.0,0.0,25.73,0.0,25.86,0.0,25.15,-0.0,24.22,-0.0,23.75,0.0,0.0
232,2022-06-22 10:00:00+00:00,0.0,0.0,0.0,25.71,0.0,25.84,0.0,25.13,0.0,24.2,-0.0,23.73,0.0,0.0
233,2022-06-22 10:15:00+00:00,0.0,0.0,0.0,25.7,0.0,25.83,0.0,25.12,0.0,24.18,-0.0,23.71,-0.0,0.0
234,2022-06-22 10:30:00+00:00,0.0,0.0,0.0,25.69,0.0,25.82,0.0,25.11,0.0,24.16,-0.0,23.69,0.0,0.0
235,2022-06-22 10:45:00+00:00,0.0,0.0,0.0,25.69,0.0,25.82,0.0,25.1,-0.0,24.16,-0.0,23.68,0.0,0.0
236,2022-06-22 11:00:00+00:00,0.0,0.0,0.0,25.71,0.0,25.83,0.0,25.11,-0.0,24.16,-0.0,23.69,-0.0,0.0
237,2022-06-22 11:15:00+00:00,0.0,0.0,0.0,25.71,0.0,25.83,0.0,25.11,-0.0,24.16,0.0,23.68,-0.0,0.0
238,2022-06-22 11:30:00+00:00,0.0,0.0,0.0,25.69,0.0,25.81,0.0,25.09,0.0,24.14,0.0,23.66,-0.0,0.0
239,2022-06-22 11:45:00+00:00,0.0,0.0,0.0,25.67,-0.0,25.79,-0.0,25.08,0.0,24.12,0.0,23.65,0.0,0.0
240,2022-06-22 12:00:00+00:00,0.0,0.0,0.0,25.66,0.0,25.78,-0.0,25.06,-0.0,24.11,0.0,23.63,-0.0,0.69
241,2022-06-22 12:15:00+00:00,0.0,0.0,0.0,25.65,0.0,25.77,-0.0,25.06,0.0,24.1,-0.0,23.62,-0.0,0.7
242,2022-06-22 12:30:00+00:00,0.0,0.0,0.0,25.64,-0.0,25.76,-0.0,25.04,0.0,24.09,0.0,23.61,-0.0,0.71
243,2022-06-22 12:45:00+00:00,0.0,0.0,0.0,25.64,-0.0,25.76,0.0,25.04,-0.0,24.08,0.0,23.6,-0.0,0.72
244,2022-06-22 13:00:00+00:00,0.0,0.0,0.0,25.65,0.0,25.77,-0.0,25.05,0.0,24.09,-0.0,23.61,0.0,0.0
245,2022-06-22 13:15:00+00:00,0.0,0.0,0.0,25.67,0.0,25.79,0.0,25.06,0.0,24.1,-0.0,23.62,0.0,0.0
246,2022-06-22 13:30:00+00:00,0.0,0.0,0.0,25.66,0.0,25.78,0.0,25.06,-0.0,24.1,-0.0,23.62,0.0,0.0
247,2022-06-22 13:45:00+00:00,0.0,0.0,0.0,25.67,0.0,25.79,0.0,25.06,0.0,24.11,-0.0,23.63,0.0,0.0
248,2022-06-22 14:00:00+00:00,0.0,0.0,0.0,25.69,0.0,25.81,0.0,25.07,0.0,24.12,-0.0,23.65,0.0,0.0
249,2022-06-22 14:15:00+00:00,0.0,0.0,0.0,25.7,0.0,25.82,0.0,25.08,-0.0,24.13,-0.0,23.66,-0.0,0.0
250,2022-06-22 14:30:00+00:00,0.0,0.0,0.0,25.69,-0.0,25.81,-0.0,25.08,0.0,24.13,-0.0,23.66,0.0,0.0
251,2022-06-22 14:45:00+00:00,0.0,0.0,0.0,25.68,-0.0,25.79,-0.0,25.06,0.0,24.12,-0.0,23.65,0.0,0.0
252,2022-06-22 15:00:00+00:00,0.0,0.0,0.0,25.69,-0.0,25.8,0.0,25.07,0.0,24.13,-0.0,23.66,0.0,0.0
253,2022-06-22 15:15:00+00:00,0.0,0.0,0.0,25.71,0.0,25.83,0.0,25.09,0.0,24.15,-0.0,23.69,-0.0,0.0
254,2022-06-22 15:30:00+00:00,0.0,0.0,0.0,25.71,0.0,25.82,-0.0,25.09,0.0,24.15,-0.0,23.69,0.0,0.0
255,2022-06-22 15:45:00+00:00,0.0,0.0,0.0,25.7,0.0,25.81,0.0,25.08,0.0,24.14,-0.0,23.68,-0.0,0.0
256,2022-06-22 16:00:00+00:00,0.0,0.0,0.0,25.68,0.0,25.79,-0.0,25.06,-0.0,24.13,0.0,23.67,0.0,0.0
257,2022-06-22 16:15:00+00:00,-0.0,-0.0,-0.0,25.66,0.0,25.78,0.0,25.05,-0.0,24.12,-0.0,23.66,0.0,0.0
258,2022-06-22 16:30:00+00:00,0.0,0.0,0.0,25.67,0.0,25.78,0.0,25.05,0.0,24.12,-0.0,23.67,-0.0,0.0
259,2022-06-22 16:45:00+00:00,0.0,0.0,0.0,25.68,-0.0,25.79,-0.0,25.06,0.0,24.13,0.0,23.68,0.0,0.0
260,2022-06-22 17:00:00+00:00,-0.0,-0.0,-0.0,25.67,0.0,25.78,-0.0,25.05,-0.0,24.12,0.0,23.67,-0.0,0.0
261,2022-06-22 17:15:00+00:00,0.0,0.0,0.0,25.66,-0.0,25.77,0.0,25.04,-0.0,24.12,0.0,23.66,0.0,0.0
262,2022-06-22 17:30:00+00:00,0.0,0.0,0.0,25.65,-0.0,25.76,-0.0,25.03,-0.0,24.1,0.0,23.65,0.0,0.0
263,2022-06-22 17:45:00+00:00,0.0,0.0,0.0,25.64,0.0,25.74,-0.0,25.02,-0.0,24.09,0.0,23.64,0.0,0.0
264,2022-06-22 18:00:00+00:00,0.0,0.0,0.0,25.62,0.0,25.73,0.0,25.0,-0.0,24.08,0.0,23.63,0.0,0.0
265,2022-06-22 18:15:00+00:00,0.0,0.0,0.0,25.6,0.0,25.71,-0.0,24.99,0.0,24.06,-0.0,23.62,0.0,0.0
266,2022-06-22 18:30:00+00:00,0.0,0.0,0.0,25.58,0.0,25.69,0.0,24.97,0.0,24.05,-0.0,23.6,0.0,0.0
267,2022-06-22 18:45:00+00:00,-0.0,-0.0,-0.0,25.57,0.0,25.67,0.0,24.96,0.0,24.03,0.0,23.58,0.0,0.0
268,2022-06-22 19:00:00+00:00,0.0,0.0,0.0,25.55,-0.0,25.65,0.0,24.94,-0.0,24.01,-0.0,23.56,0.0,0.0
269,2022-06-22 19:15:00+00:00,0.0,0.0,0.0,25.52,0.0,25.63,0.0,24.92,-0.0,23.99,0.0,23.54,0.0,0.0
270,2022-06-22 19:30:00+00:00,0.0,0.0,0.0,25.5,0.0,25.6,-0.0,24.9,-0.0,23.96,0.0,23.52,0.0,0.0
271,2022-06-22 19:45:00+00:00,0.0,0.0,0.0,25.47,0.0,25.57,-0.0,24.87,-0.0,23.93,0.0,23.49,0.0,0.0
272,2022-06-22 20:00:00+00:00,0.0,0.0,0.0,25.43,0.0,25.54,-0.0,24.84,0.0,23.9,-0.0,23.45,-0.0,0.0
273,2022-06-22 20:15:00+00:00,0.0,0.0,0.0,25.4,-0.0,25.5,-0.0,24.81,0.0,23.86,0.0,23.41,-0.0,0.0
274,2022-06-22 20:30:00+00:00,0.0,0.0,0.0,25.37,0.0,25.47,0.0,24.78,-0.0,23.83,0.0,23.38,0.0,0.0
275,2022-06-22 20:45:00+00:00,0.0,0.0,0.0,25.33,-0.0,25.44,-0.0,24.75,-0.0,23.79,0.0,23.34,0.0,0.0
276,2022-06-22 21:00:00+00:00,0.0,0.0,0.0,25.3,0.0,25.4,-0.0,24.72,-0.0,23.75,0.0,23.3,-0.0,0.0
277,2022-06-22 21:15:00+00:00,0.0,0.0,0.0,25.27,-0.0,25.37,-0.0,24.69,-0.0,23.71,0.0,23.26,0.0,0.0
278,2022-06-22 21:30:00+00:00,0.0,0.0,0.0,25.23,0.0,25.33,0.0,24.65,0.0,23.67,0.0,23.21,-0.0,0.0
279,2022-06-22 21:45:00+00:00,0.0,0.0,0.0,25.19,0.0,25.29,0.0,24.62,-0.0,23.63,0.0,23.17,-0.0,0.0
280,2022-06-22 22:00:00+00:00,0.0,0.0,0.0,25.16,0.0,25.26,-0.0,24.59,-0.0,23.59,0.0,23.13,0.0,0.0
281,2022-06-22 22:15:00+00:00,0.0,0.0,0.0,25.12,-0.0,25.22,-0.0,24.55,0.0,23.54,0.0,23.08,0.0,0.0
282,2022-06-22 22:30:00+00:00,-0.0,-0.0,-0.0,25.08,0.0,25.18,0.0,24.52,0.0,23.5,0.0,23.04,0.0,0.0
283,2022-06-22 22:45:00+00:00,0.0,0.0,0.0,25.05,0.0,25.15,0.0,24.49,-0.0,23.47,0.0,23.0,0.0,0.0
284,2022-06-22 23:00:00+00:00,0.0,0.0,0.0,25.02,-0.0,25.11,0.0,24.46,-0.0,23.43,-0.0,22.96,0.0,0.0
285,2022-06-22 23:15:00+00:00,0.0,0.0,0.0,24.98,-0.0,25.07,-0.0,24.42,0.0,23.38,0.0,22.91,0.0,0.0
286,2022-06-22 23:30:00+00:00,0.0,0.0,0.0,24.94,-0.0,25.04,0.0,24.39,-0.0,23.34,0.0,22.87,0.0,0.0
287,2022-06-22 23:45:00+00:00,-0.0,-0.0,-0.0,24.9,0.0,25.0,0.0,24.35,-0.0,23.3,0.0,22.82,0.0,0.0
288,2022-06-23 00:00:00+00:00,-0.0,-0.0,-0.0,24.87,0.0,24.96,0.0,24.32,0.0,23.26,0.0,22.78,0.0,0.0
289,2022-06-23 00:15:00+00:00,-0.0,-0.0,-0.0,24.83,0.0,24.93,0.0,24.29,0.0,23.22,0.0,22.74,0.0,0.0
290,2022-06-23 00:30:00+00:00,0.0,0.0,0.0,24.79,0.0,24.89,0.0,24.25,-0.0,23.17,0.0,22.69,0.0,0.0
291,2022-06-23 00:45:00+00:00,0.0,0.0,0.0,24.75,0.0,24.85,0.0,24.21,0.0,23.12,-0.0,22.64,0.0,0.0
292,2022-06-23 01:00:00+00:00,0.0,0.0,0.0,24.71,-0.0,24.81,0.0,24.18,-0.0,23.08,0.0,22.59,0.0,0.0
293,2022-06-23 01:15:00+00:00,0.0,0.0,0.0,24.67,0.0,24.77,0.0,24.14,-0.0,23.03,0.0,22.54,0.0,0.0
294,2022-06-23 01:30:00+00:00,0.0,0.0,0.0,24.64,0.0,24.73,-0.0,24.1,-0.0,22.99,0.0,22.5,-0.0,0.0
295,2022-06-23 01:45:00+00:00,0.0,0.0,0.0,24.6,-0.0,24.69,0.0,24.07,-0.0,22.94,0.0,22.45,0.0,0.0
296,2022-06-23 02:00:00+00:00,0.0,0.0,0.0,24.56,-0.0,24.65,0.0,24.04,-0.0,22.9,0.0,22.41,-0.0,0.0
297,2022-06-23 02:15:00+00:00,0.0,0.0,0.0,24.53,0.0,24.62,0.0,24.0,0.0,22.86,0.0,22.36,0.0,0.0
298,2022-06-23 02:30:00+00:00,0.0,0.0,0.0,24.48,0.0,24.57,0.0,23.96,0.0,22.81,-0.0,22.31,0.0,0.0
299,2022-06-23 02:45:00+00:00,0.0,0.0,0.0,24.44,0.0,24.53,0.0,23.92,-0.0,22.77,-0.0,22.26,0.0,0.0
300,2022-06-23 03:00:00+00:00,0.0,0.0,0.0,24.4,0.0,24.49,0.0,23.89,0.0,22.72,0.0,22.21,0.0,0.0
301,2022-06-23 03:15:00+00:00,-0.0,-0.0,-0.0,24.36,-0.0,24.45,0.0,23.85,-0.0,22.67,0.0,22.16,0.0,0.0
302,2022-06-23 03:30:00+00:00,-0.0,-0.0,-0.0,24.32,0.0,24.41,0.0,23.81,-0.0,22.62,0.0,22.11,0.0,0.0
303,2022-06-23 03:45:00+00:00,0.0,0.0,0.0,24.28,0.0,24.37,-0.0,23.78,0.0,22.58,0.0,22.07,0.0,0.0
304,2022-06-23 04:00:00+00:00,0.0,0.0,0.0,24.25,-0.0,24.33,0.0,23.74,0.0,22.54,0.0,22.02,-0.0,0.0
305,2022-06-23 04:15:00+00:00,0.0,0.0,0.0,24.21,0.0,24.3,0.0,23.71,0.0,22.49,0.0,21.98,0.0,0.0
306,2022-06-23 04:30:00+00:00,0.0,0.0,0.0,24.18,0.0,24.26,0.0,23.67,0.0,22.45,-0.0,21.93,0.0,0.0
307,2022-06-23 04:45:00+00:00,0.0,0.0,0.0,24.15,-0.0,24.23,0.0,23.65,0.0,22.42,-0.0,21.9,0.0,0.0
308,2022-06-23 05:00:00+00:00,0.0,0.0,0.0,24.13,0.0,24.21,-0.0,23.62,-0.0,22.39,0.0,21.86,0.0,0.0
309,2022-06-23 05:15:00+00:00,0.0,0.0,0.0,24.1,0.0,24.19,0.0,23.6,-0.0,22.36,0.0,21.83,0.0,0.0
310,2022-06-23 05:30:00+00:00,0.0,0.0,0.0,24.09,-0.0,24.18,0.0,23.59,0.0,22.34,-0.0,21.82,0.0,0.0
311,2022-06-23 05:45:00+00:00,0.0,0.0,0.0,24.09,0.0,24.17,0.0,23.58,0.0,22.33,0.0,21.81,0.0,0.0
312,2022-06-23 06:00:00+00:00,0.0,0.0,0.0,24.11,0.0,24.19,0.0,23.59,-0.0,22.35,0.0,21.82,0.0,0.0
313,2022-06-23 06:15:00+00:00,0.0,0.0,0.0,24.13,0.0,24.22,-0.0,23.62,0.0,22.37,0.0,21.84,0.0,0.0
314,2022-06-23 06:30:00+00:00,0.0,0.0,0.0,24.18,0.0,24.26,-0.0,23.65,0.0,22.41,0.0,21.89,0.0,0.0
315,2022-06-23 06:45:00+00:00,0.0,0.0,0.0,24.23,0.0,24.32,0.0,23.7,-0.0,22.47,-0.0,21.95,0.0,0.0
316,2022-06-23 07:00:00+00:00,0.0,0.0,0.0,24.3,0.0,24.38,0.0,23.75,-0.0,22.54,0.0,22.02,0.0,0.0
317,2022-06-23 07:15:00+00:00,0.0,0.0,0.0,24.37,0.0,24.45,0.0,23.81,0.0,22.61,0.0,22.11,0.0,0.0
318,2022-06-23 07:30:00+00:00,0.0,0.0,0.0,24.45,0.0,24.53,0.0,23.88,-0.0,22.7,0.0,22.2,0.0,0.0
319,2022-06-23 07:45:00+00:00,0.0,0.0,0.0,24.53,-0.0,24.61,0.0,23.95,0.0,22.79,0.0,22.3,0.0,0.0
320,2022-06-23 08:00:00+00:00,0.0,0.0,0.0,24.63,0.0,24.71,-0.0,24.04,0.0,22.9,0.0,22.41,0.0,0.64
321,2022-06-23 08:15:00+00:00,0.0,0.0,0.0,24.75,-0.0,24.83,0.0,24.14,-0.0,23.02,0.0,22.54,0.0,0.31
322,2022-06-23 08:30:00+00:00,0.0,0.0,0.0,24.86,0.0,24.93,-0.0,24.23,0.0,23.14,0.0,22.67,-0.0,0.13
323,2022-06-23 08:45:00+00:00,0.0,0.0,0.0,24.96,-0.0,25.04,0.0,24.32,-0.0,23.25,0.0,22.79,0.0,0.01
324,2022-06-23 09:00:00+00:00,-0.0,-0.0,-0.0,25.04,0.0,25.12,-0.0,24.39,0.0,23.35,0.0,22.9,0.0,0.0
325,2022-06-23 09:15:00+00:00,0.0,0.0,0.0,25.15,-0.0,25.23,-0.0,24.48,-0.0,23.48,0.0,23.04,0.0,0.0
326,2022-06-23 09:30:00+00:00,0.0,0.0,0.0,25.32,0.0,25.4,0.0,24.63,0.0,23.65,-0.0,23.22,0.0,0.0
327,2022-06-23 09:45:00+00:00,0.0,0.0,0.0,25.4,-0.0,25.48,0.0,24.7,0.0,23.75,0.0,23.33,0.0,0.0
328,2022-06-23 10:00:00+00:00,0.0,0.0,0.0,25.55,-0.0,25.63,0.0,24.82,-0.0,23.91,0.0,23.5,0.0,0.0
329,2022-06-23 10:15:00+00:00,-0.0,-0.0,-0.0,25.63,-0.0,25.7,0.0,24.89,0.0,24.01,0.0,23.61,0.0,0.0
330,2022-06-23 10:30:00+00:00,-0.0,-0.0,-0.0,25.8,0.0,25.88,0.0,25.04,0.0,24.2,0.0,23.81,0.0,0.0
331,2022-06-23 10:45:00+00:00,0.0,0.0,0.0,25.94,0.0,26.01,-0.0,25.16,0.0,24.35,0.0,23.97,0.0,0.0
332,2022-06-23 11:00:00+00:00,0.0,0.0,0.0,26.09,0.0,26.16,-0.0,25.29,-0.0,24.51,0.0,24.14,0.0,0.0
333,2022-06-23 11:15:00+00:00,0.0,0.0,0.0,26.24,0.0,26.31,0.0,25.42,-0.0,24.67,0.0,24.31,0.0,0.0
334,2022-06-23 11:30:00+00:00,0.0,0.0,0.0,26.36,-0.0,26.43,0.0,25.52,0.0,24.81,0.0,24.47,0.0,0.0
335,2022-06-23 11:45:00+00:00,0.0,0.0,0.0,26.51,0.0,26.59,0.0,25.66,0.0,24.99,0.0,24.65,0.0,0.0
336,2022-06-23 12:00:00+00:00,0.0,0.0,0.0,26.66,-0.0,26.74,-0.0,25.79,0.0,25.15,0.0,24.83,0.0,0.0
337,2022-06-23 12:15:00+00:00,0.0,0.0,0.0,26.8,-0.0,26.88,0.0,25.91,-0.0,25.31,0.0,25.0,0.0,0.0
338,2022-06-23 12:30:00+00:00,-0.0,-0.0,-0.0,26.94,0.0,27.02,0.0,26.03,0.0,25.47,0.0,25.17,0.0,0.0
339,2022-06-23 12:45:00+00:00,0.0,0.0,0.0,27.08,-0.0,27.15,-0.0,26.15,0.0,25.63,0.0,25.34,0.0,0.0
340,2022-06-23 13:00:00+00:00,1.07,534.54,0.2,27.15,-2572.34,27.22,0.0,26.21,0.0,25.72,0.0,25.44,0.0,0.0
341,2022-06-23 13:15:00+00:00,-0.0,-0.0,-0.0,26.69,0.0,27.34,-0.0,26.32,0.0,25.87,0.0,25.59,0.0,0.0
342,2022-06-23 13:30:00+00:00,0.0,0.0,0.0,27.18,-0.0,27.51,-0.0,26.47,-0.0,26.05,0.0,25.79,0.0,0.0
343,2022-06-23 13:45:00+00:00,4.81,2405.83,0.89,27.32,-11456.3,27.61,0.0,26.56,0.0,26.17,-0.0,25.92,0.0,0.0
344,2022-06-23 14:00:00+00:00,0.0,0.0,0.0,24.77,0.0,27.59,-0.0,26.56,0.0,26.2,0.0,25.96,0.0,0.03
345,2022-06-23 14:15:00+00:00,-0.0,-0.0,-0.0,26.34,-0.0,27.81,-0.0,26.74,-0.0,26.41,0.0,26.18,-0.0,0.0
346,2022-06-23 14:30:00+00:00,0.0,0.0,0.0,26.65,0.0,27.93,0.0,26.85,0.0,26.55,0.0,26.33,-0.0,0.0
347,2022-06-23 14:45:00+00:00,0.0,0.0,0.0,26.79,0.0,28.05,-0.0,26.95,-0.0,26.69,0.0,26.48,0.0,0.0
348,2022-06-23 15:00:00+00:00,0.0,0.0,0.0,26.91,-0.0,28.16,0.0,27.05,0.0,26.82,-0.0,26.62,0.0,0.0
349,2022-06-23 15:15:00+00:00,0.0,0.0,0.0,26.97,0.0,28.21,-0.0,27.1,0.0,26.9,0.0,26.71,0.0,0.0
350,2022-06-23 15:30:00+00:00,0.0,0.0,0.0,27.06,-0.0,28.29,0.0,27.18,0.0,27.01,0.0,26.83,0.0,0.0
351,2022-06-23 15:45:00+00:00,0.0,0.0,0.0,27.19,-0.0,28.42,-0.0,27.29,0.0,27.15,0.0,26.98,0.0,0.0
352,2022-06-23 16:00:00+00:00,0.0,0.0,0.0,27.22,-0.0,28.44,0.0,27.32,0.0,27.2,-0.0,27.04,0.0,0.0
353,2022-06-23 16:15:00+00:00,0.0,0.0,0.0,27.27,-0.0,28.48,0.0,27.36,-0.0,27.26,0.0,27.11,0.0,0.0
354,2022-06-23 16:30:00+00:00,0.0,0.0,0.0,27.38,-0.0,28.59,0.0,27.46,0.0,27.38,0.0,27.24,0.0,0.0
355,2022-06-23 16:45:00+00:00,-0.0,-0.0,-0.0,27.4,-0.0,28.6,-0.0,27.48,0.0,27.42,0.0,27.28,0.0,0.0
356,2022-06-23 17:00:00+00:00,0.0,0.0,0.0,27.42,-0.0,28.62,0.0,27.5,0.0,27.46,-0.0,27.33,0.0,0.0
357,2022-06-23 17:15:00+00:00,0.0,0.0,0.0,27.45,-0.0,28.64,-0.0,27.53,0.0,27.5,0.0,27.38,0.0,0.0
358,2022-06-23 17:30:00+00:00,0.0,0.0,0.0,27.51,-0.0,28.69,0.0,27.58,0.0,27.57,0.0,27.45,0.0,0.0
359,2022-06-23 17:45:00+00:00,0.0,0.0,0.0,27.53,-0.0,28.7,-0.0,27.59,0.0,27.6,0.0,27.49,0.0,0.0
360,2022-06-23 18:00:00+00:00,0.0,0.0,0.0,27.54,-0.0,28.71,-0.0,27.61,0.0,27.62,0.0,27.51,0.0,0.0
361,2022-06-23 18:15:00+00:00,0.0,0.0,0.0,27.55,0.0,28.71,-0.0,27.62,0.0,27.64,0.0,27.54,0.0,0.0
362,2022-06-23 18:30:00+00:00,0.0,0.0,0.0,27.57,-0.0,28.73,-0.0,27.63,0.0,27.67,0.0,27.57,0.0,0.0
363,2022-06-23 18:45:00+00:00,0.0,0.0,0.0,27.58,0.0,28.73,-0.0,27.64,0.0,27.68,-0.0,27.59,0.0,0.0
364,2022-06-23 19:00:00+00:00,0.0,0.0,0.0,27.59,0.0,28.73,-0.0,27.65,-0.0,27.69,0.0,27.6,0.0,0.0
365,2022-06-23 19:15:00+00:00,0.0,0.0,0.0,27.59,-0.0,28.73,0.0,27.65,-0.0,27.7,0.0,27.61,0.0,0.0
366,2022-06-23 19:30:00+00:00,-0.0,-0.0,-0.0,27.59,-0.0,28.72,0.0,27.65,0.0,27.69,0.0,27.6,-0.0,0.0
367,2022-06-23 19:45:00+00:00,0.0,0.0,0.0,27.58,0.0,28.7,0.0,27.64,0.0,27.69,0.0,27.6,0.0,0.0
368,2022-06-23 20:00:00+00:00,0.0,0.0,0.0,27.57,0.0,28.69,-0.0,27.63,0.0,27.67,-0.0,27.58,0.0,0.0
369,2022-06-23 20:15:00+00:00,0.0,0.0,0.0,27.55,-0.0,28.66,-0.0,27.61,0.0,27.65,0.0,27.56,-0.0,0.0
370,2022-06-23 20:30:00+00:00,0.0,0.0,0.0,27.53,0.0,28.64,0.0,27.59,-0.0,27.62,0.0,27.53,0.0,0.0
371,2022-06-23 20:45:00+00:00,0.0,0.0,0.0,27.52,-0.0,28.62,0.0,27.57,0.0,27.6,0.0,27.5,0.0,0.0
372,2022-06-23 21:00:00+00:00,0.0,0.0,0.0,27.49,0.0,28.59,0.0,27.55,-0.0,27.57,0.0,27.47,0.0,0.0
373,2022-06-23 21:15:00+00:00,0.0,0.0,0.0,27.45,-0.0,28.54,0.0,27.51,0.0,27.51,-0.0,27.41,0.0,0.0
374,2022-06-23 21:30:00+00:00,0.0,0.0,0.0,27.42,-0.0,28.5,-0.0,27.47,-0.0,27.46,0.0,27.35,0.0,0.0
375,2022-06-23 21:45:00+00:00,-0.0,-0.0,-0.0,27.37,0.0,28.44,0.0,27.42,0.0,27.39,0.0,27.27,0.0,0.0
376,2022-06-23 22:00:00+00:00,-0.0,-0.0,-0.0,27.32,-0.0,28.39,0.0,27.37,-0.0,27.32,0.0,27.19,0.0,0.0
377,2022-06-23 22:15:00+00:00,-0.0,-0.0,-0.0,27.27,-0.0,28.34,0.0,27.32,0.0,27.25,0.0,27.12,0.0,0.0
378,2022-06-23 22:30:00+00:00,0.0,0.0,0.0,27.22,0.0,28.28,-0.0,27.28,-0.0,27.19,0.0,27.04,0.0,0.0
379,2022-06-23 22:45:00+00:00,0.0,0.0,0.0,27.18,0.0,28.23,-0.0,27.23,0.0,27.12,0.0,26.96,0.0,0.0
380,2022-06-23 23:00:00+00:00,0.0,0.0,0.0,27.13,0.0,28.18,-0.0,27.18,0.0,27.04,0.0,26.88,0.0,0.0
381,2022-06-23 23:15:00+00:00,-0.0,-0.0,-0.0,27.07,0.0,28.12,0.0,27.13,0.0,26.97,0.0,26.79,0.0,0.0
382,2022-06-23 23:30:00+00:00,0.0,0.0,0.0,27.02,0.0,28.06,-0.0,27.07,-0.0,26.89,0.0,26.7,0.0,0.0
383,2022-06-23 23:45:00+00:00,0.0,0.0,0.0,26.97,0.0,28.0,0.0,27.02,-0.0,26.81,-0.0,26.62,0.0,0.0
384,2022-06-24 00:00:00+00:00,-0.0,-0.0,-0.0,26.92,-0.0,27.95,0.0,26.97,0.0,26.74,0.0,26.53,0.0,0.0
385,2022-06-24 00:15:00+00:00,0.0,0.0,0.0,26.87,-0.0,27.89,-0.0,26.92,0.0,26.67,-0.0,26.45,0.0,0.0
386,2022-06-24 00:30:00+00:00,0.0,0.0,0.0,26.82,0.0,27.83,0.0,26.87,0.0,26.59,0.0,26.37,0.0,0.0
387,2022-06-24 00:45:00+00:00,-0.0,-0.0,-0.0,26.77,0.0,27.78,0.0,26.82,0.0,26.52,0.0,26.28,0.0,0.0
388,2022-06-24 01:00:00+00:00,-0.0,-0.0,-0.0,26.72,0.0,27.72,0.0,26.77,-0.0,26.44,0.0,26.2,0.0,0.0
389,2022-06-24 01:15:00+00:00,-0.0,-0.0,-0.0,26.67,-0.0,27.66,-0.0,26.71,0.0,26.37,0.0,26.12,0.0,0.0
390,2022-06-24 01:30:00+00:00,-0.0,-0.0,-0.0,26.62,0.0,27.61,0.0,26.66,0.0,26.3,0.0,26.03,0.0,0.0
391,2022-06-24 01:45:00+00:00,0.0,0.0,0.0,26.57,0.0,27.55,0.0,26.61,-0.0,26.22,0.0,25.95,0.0,0.0
392,2022-06-24 02:00:00+00:00,0.0,0.0,0.0,26.52,0.0,27.5,-0.0,26.57,0.0,26.16,0.0,25.88,0.0,0.0
393,2022-06-24 02:15:00+00:00,0.0,0.0,0.0,26.48,-0.0,27.45,0.0,26.52,0.0,26.09,-0.0,25.81,0.0,0.0
394,2022-06-24 02:30:00+00:00,0.0,0.0,0.0,26.43,0.0,27.4,-0.0,26.47,0.0,26.02,0.0,25.73,0.0,0.0
395,2022-06-24 02:45:00+00:00,-0.0,-0.0,-0.0,26.38,0.0,27.34,0.0,26.42,0.0,25.95,0.0,25.65,0.0,0.0
396,2022-06-24 03:00:00+00:00,0.0,0.0,0.0,26.33,0.0,27.29,0.0,26.37,-0.0,25.88,-0.0,25.57,0.0,0.0
397,2022-06-24 03:15:00+00:00,-0.0,-0.0,-0.0,26.28,0.0,27.24,0.0,26.32,-0.0,25.81,0.0,25.49,0.0,0.0
398,2022-06-24 03:30:00+00:00,0.0,0.0,0.0,26.23,-0.0,27.18,0.0,26.27,-0.0,25.74,0.0,25.41,0.0,0.0
399,2022-06-24 03:45:00+00:00,2.92,1476.13,0.78,26.18,0.0,27.12,-8980.63,26.22,0.0,25.67,-0.0,25.33,0.0,0.0
400,2022-06-24 04:00:00+00:00,0.0,0.0,0.0,26.13,0.0,25.07,0.0,26.17,0.0,25.6,0.0,25.25,0.0,0.0
401,2022-06-24 04:15:00+00:00,0.0,0.0,0.0,26.08,-0.0,26.09,0.0,26.12,-0.0,25.53,0.0,25.18,-0.0,0.0
402,2022-06-24 04:30:00+00:00,-0.0,-0.0,-0.0,26.03,0.0,26.19,0.0,26.08,0.0,25.46,0.0,25.1,0.0,0.0
403,2022-06-24 04:45:00+00:00,0.0,0.0,0.0,26.0,-0.0,26.17,-0.0,26.04,0.0,25.41,0.0,25.04,0.0,0.0
404,2022-06-24 05:00:00+00:00,0.0,0.0,0.0,25.98,0.0,26.15,0.0,26.02,0.0,25.37,0.0,25.0,0.0,0.0
405,2022-06-24 05:15:00+00:00,0.0,0.0,0.0,25.96,-0.0,26.12,0.0,25.99,-0.0,25.32,0.0,24.95,0.0,0.0
406,2022-06-24 05:30:00+00:00,0.0,0.0,0.0,25.97,-0.0,26.14,0.0,25.99,0.0,25.32,0.0,24.93,0.0,0.0
407,2022-06-24 05:45:00+00:00,0.0,0.0,0.0,25.95,0.0,26.12,0.0,25.97,-0.0,25.28,0.0,24.9,0.0,0.0
408,2022-06-24 06:00:00+00:00,-0.0,-0.0,-0.0,25.95,-0.0,26.12,0.0,25.96,-0.0,25.27,0.0,24.88,0.0,0.0
409,2022-06-24 06:15:00+00:00,0.0,0.0,0.0,25.98,0.0,26.14,-0.0,25.98,-0.0,25.27,0.0,24.88,0.0,0.0
410,2022-06-24 06:30:00+00:00,0.0,0.0,0.0,26.01,-0.0,26.18,-0.0,26.0,0.0,25.29,0.0,24.89,0.0,0.0
411,2022-06-24 06:45:00+00:00,0.0,0.0,0.0,26.06,-0.0,26.22,0.0,26.04,-0.0,25.33,0.0,24.93,0.0,0.0
412,2022-06-24 07:00:00+00:00,0.0,0.0,0.0,26.04,0.0,26.2,0.0,26.02,-0.0,25.3,0.0,24.9,0.0,0.0
413,2022-06-24 07:15:00+00:00,-0.0,-0.0,-0.0,26.0,0.0,26.16,0.0,25.97,0.0,25.25,-0.0,24.85,0.0,0.0
414,2022-06-24 07:30:00+00:00,0.0,0.0,0.0,26.04,0.0,26.2,-0.0,26.0,0.0,25.28,-0.0,24.88,0.0,0.0
415,2022-06-24 07:45:00+00:00,0.0,0.0,0.0,26.11,0.0,26.27,0.0,26.06,-0.0,25.34,0.0,24.93,-0.0,0.0
416,2022-06-24 08:00:00+00:00,0.0,0.0,0.0,26.15,-0.0,26.31,0.0,26.08,0.0,25.36,0.0,24.95,-0.0,0.0
417,2022-06-24 08:15:00+00:00,0.0,0.0,0.0,26.23,0.0,26.39,0.0,26.14,0.0,25.43,0.0,25.02,0.0,0.0
418,2022-06-24 08:30:00+00:00,0.0,0.0,0.0,26.24,0.0,26.39,0.0,26.15,0.0,25.43,0.0,25.03,0.0,0.0
419,2022-06-24 08:45:00+00:00,-0.0,-0.0,-0.0,26.4,0.0,26.55,0.0,26.28,0.0,25.57,0.0,25.17,0.0,0.0
420,2022-06-24 09:00:00+00:00,0.0,0.0,0.0,26.51,-0.0,26.67,-0.0,26.37,0.0,25.67,0.0,25.27,-0.0,0.0
421,2022-06-24 09:15:00+00:00,0.0,0.0,0.0,26.62,-0.0,26.77,-0.0,26.45,0.0,25.77,0.0,25.37,0.0,0.0
422,2022-06-24 09:30:00+00:00,-0.0,-0.0,-0.0,26.7,0.0,26.85,0.0,26.51,-0.0,25.85,-0.0,25.45,0.0,0.0
423,2022-06-24 09:45:00+00:00,0.0,0.0,0.0,26.8,-0.0,26.95,-0.0,26.6,0.0,25.95,0.0,25.56,0.0,0.0
424,2022-06-24 10:00:00+00:00,0.0,0.0,0.0,26.94,0.0,27.09,-0.0,26.71,-0.0,26.08,0.0,25.69,0.0,0.0
425,2022-06-24 10:15:00+00:00,0.0,0.0,0.0,26.98,-0.0,27.13,0.0,26.74,0.0,26.13,0.0,25.74,-0.0,0.0
426,2022-06-24 10:30:00+00:00,0.0,0.0,0.0,27.14,0.0,27.29,0.0,26.87,-0.0,26.28,0.0,25.89,0.0,0.0
427,2022-06-24 10:45:00+00:00,-0.0,-0.0,-0.0,27.22,-0.0,27.37,0.0,26.93,-0.0,26.36,0.0,25.98,0.0,0.0
428,2022-06-24 11:00:00+00:00,1.01,457.6,0.2,27.25,-2002.45,27.4,-428.54,26.96,0.0,26.4,0.0,26.03,-0.0,0.0
429,2022-06-24 11:15:00+00:00,1.01,459.58,0.2,26.9,-2197.06,27.4,-237.34,27.04,0.0,26.5,0.0,26.13,0.0,0.0
430,2022-06-24 11:30:00+00:00,1.01,461.18,0.2,26.65,-1628.99,27.4,-808.15,27.04,-0.0,26.51,0.0,26.14,0.0,0.0
431,2022-06-24 11:45:00+00:00,0.0,0.0,0.0,26.74,-0.0,27.4,0.0,27.16,0.0,26.65,0.0,26.29,0.0,0.0
432,2022-06-24 12:00:00+00:00,0.0,0.0,0.0,26.99,-0.0,27.52,0.0,27.17,0.0,26.68,-0.0,26.32,0.0,0.0
433,2022-06-24 12:15:00+00:00,0.0,0.0,0.0,27.07,-0.0,27.58,0.0,27.21,-0.0,26.73,0.0,26.38,0.0,0.0
434,2022-06-24 12:30:00+00:00,0.0,0.0,0.0,27.12,-0.0,27.62,0.0,27.25,0.0,26.77,0.0,26.42,0.0,0.0
435,2022-06-24 12:45:00+00:00,1.0,464.76,0.2,27.15,-2443.28,27.65,0.0,27.27,0.0,26.81,0.0,26.46,0.0,0.0
436,2022-06-24 13:00:00+00:00,0.0,0.0,0.0,26.8,-0.0,27.85,-0.0,27.43,0.0,26.98,0.0,26.63,0.0,0.0
437,2022-06-24 13:15:00+00:00,0.0,0.0,0.0,27.19,-0.0,27.94,-0.0,27.5,0.0,27.07,0.0,26.72,0.0,0.0
438,2022-06-24 13:30:00+00:00,0.0,0.0,0.0,27.29,-0.0,28.0,0.0,27.55,0.0,27.13,0.0,26.79,0.0,0.0
439,2022-06-24 13:45:00+00:00,0.0,0.0,0.0,27.34,-0.0,28.04,0.0,27.58,0.0,27.18,0.0,26.85,-0.0,0.0
440,2022-06-24 14:00:00+00:00,0.0,0.0,0.0,27.39,-0.0,28.09,0.0,27.63,-0.0,27.24,0.0,26.91,0.0,0.0
441,2022-06-24 14:15:00+00:00,0.0,0.0,0.0,27.39,0.0,28.08,-0.0,27.62,0.0,27.24,-0.0,26.92,0.0,0.0
442,2022-06-24 14:30:00+00:00,1.21,549.44,0.23,27.39,-2875.58,28.08,0.0,27.62,0.0,27.25,0.0,26.92,0.0,0.0
443,2022-06-24 14:45:00+00:00,0.0,0.0,0.0,26.79,-0.0,28.12,0.0,27.65,0.0,27.29,0.0,26.97,0.0,0.0
444,2022-06-24 15:00:00+00:00,0.0,0.0,0.0,27.32,-0.0,28.3,0.0,27.8,0.0,27.44,0.0,27.12,0.0,0.0
445,2022-06-24 15:15:00+00:00,0.0,0.0,0.0,27.4,-0.0,28.33,-0.0,27.82,0.0,27.48,0.0,27.16,0.0,0.0
446,2022-06-24 15:30:00+00:00,0.0,0.0,0.0,27.39,-0.0,28.31,-0.0,27.81,0.0,27.47,0.0,27.16,0.0,0.0
447,2022-06-24 15:45:00+00:00,0.0,0.0,0.0,27.37,-0.0,28.28,0.0,27.78,0.0,27.45,-0.0,27.14,0.0,0.0
448,2022-06-24 16:00:00+00:00,0.0,0.0,0.0,27.37,-0.0,28.28,0.0,27.78,0.0,27.45,-0.0,27.13,0.0,0.0
449,2022-06-24 16:15:00+00:00,0.0,0.0,0.0,27.37,-0.0,28.27,0.0,27.77,-0.0,27.44,0.0,27.12,0.0,0.0
450,2022-06-24 16:30:00+00:00,0.0,0.0,0.0,27.31,-0.0,28.21,0.0,27.71,-0.0,27.37,-0.0,27.05,0.0,0.0
451,2022-06-24 16:45:00+00:00,0.0,0.0,0.0,27.26,0.0,28.15,0.0,27.66,0.0,27.3,-0.0,26.98,0.0,0.0
452,2022-06-24 17:00:00+00:00,0.0,0.0,0.0,27.2,0.0,28.09,0.0,27.6,0.0,27.23,-0.0,26.89,0.0,0.0
453,2022-06-24 17:15:00+00:00,-0.0,-0.0,-0.0,27.13,-0.0,28.02,0.0,27.53,0.0,27.13,-0.0,26.79,-0.0,0.0
454,2022-06-24 17:30:00+00:00,0.0,0.0,0.0,27.08,0.0,27.96,0.0,27.47,0.0,27.06,-0.0,26.71,0.0,0.0
455,2022-06-24 17:45:00+00:00,0.0,0.0,0.0,27.03,-0.0,27.91,-0.0,27.42,0.0,26.98,0.0,26.62,0.0,0.0
456,2022-06-24 18:00:00+00:00,0.0,0.0,0.0,26.98,-0.0,27.85,0.0,27.37,0.0,26.91,-0.0,26.54,0.0,0.0
457,2022-06-24 18:15:00+00:00,0.0,0.0,0.0,26.93,0.0,27.79,-0.0,27.31,0.0,26.83,0.0,26.45,0.0,0.0
458,2022-06-24 18:30:00+00:00,0.0,0.0,0.0,26.87,0.0,27.73,0.0,27.26,0.0,26.75,-0.0,26.36,0.0,0.0
459,2022-06-24 18:45:00+00:00,0.0,0.0,0.0,26.82,-0.0,27.68,0.0,27.2,0.0,26.67,-0.0,26.28,0.0,0.0
460,2022-06-24 19:00:00+00:00,0.0,0.0,0.0,26.78,0.0,27.63,0.0,27.15,-0.0,26.6,0.0,26.2,0.0,0.0
461,2022-06-24 19:15:00+00:00,0.0,0.0,0.0,26.73,0.0,27.57,0.0,27.1,-0.0,26.52,-0.0,26.11,0.0,0.0
462,2022-06-24 19:30:00+00:00,0.0,0.0,0.0,26.67,0.0,27.52,0.0,27.05,0.0,26.45,-0.0,26.03,0.0,0.0
463,2022-06-24 19:45:00+00:00,0.0,0.0,0.0,26.62,-0.0,27.46,0.0,26.99,0.0,26.37,0.0,25.95,-0.0,0.0
464,2022-06-24 20:00:00+00:00,0.0,0.0,0.0,26.57,0.0,27.41,-0.0,26.94,0.0,26.3,-0.0,25.87,0.0,0.0
465,2022-06-24 20:15:00+00:00,0.0,0.0,0.0,26.53,-0.0,27.35,-0.0,26.89,0.0,26.23,-0.0,25.79,-0.0,0.0
466,2022-06-24 20:30:00+00:00,0.0,0.0,0.0,26.48,-0.0,27.3,-0.0,26.84,0.0,26.16,-0.0,25.71,0.0,0.0
467,2022-06-24 20:45:00+00:00,0.0,0.0,0.0,26.43,-0.0,27.25,0.0,26.79,0.0,26.09,0.0,25.63,-0.0,0.0
468,2022-06-24 21:00:00+00:00,0.0,0.0,0.0,26.38,-0.0,27.19,-0.0,26.74,0.0,26.02,0.0,25.56,0.0,0.0
469,2022-06-24 21:15:00+00:00,0.0,0.0,0.0,26.33,0.0,27.14,-0.0,26.69,-0.0,25.95,-0.0,25.48,0.0,0.0
470,2022-06-24 21:30:00+00:00,0.0,0.0,0.0,26.28,0.0,27.09,0.0,26.64,0.0,25.88,0.0,25.4,-0.0,0.0
471,2022-06-24 21:45:00+00:00,0.0,0.0,0.0,26.23,0.0,27.04,-0.0,26.59,-0.0,25.81,0.0,25.33,0.0,0.0
472,2022-06-24 22:00:00+00:00,0.0,0.0,0.0,26.18,0.0,26.98,-0.0,26.53,0.0,25.74,0.0,25.25,0.0,0.0
473,2022-06-24 22:15:00+00:00,0.0,0.0,0.0,26.14,0.0,26.93,0.0,26.48,-0.0,25.67,0.0,25.18,-0.0,0.0
474,2022-06-24 22:30:00+00:00,0.0,0.0,0.0,26.09,-0.0,26.88,-0.0,26.43,0.0,25.6,0.0,25.1,0.0,0.0
475,2022-06-24 22:45:00+00:00,0.0,0.0,0.0,26.04,0.0,26.82,-0.0,26.38,0.0,25.53,0.0,25.02,0.0,0.0
476,2022-06-24 23:00:00+00:00,0.0,0.0,0.0,25.99,-0.0,26.77,-0.0,26.33,-0.0,25.46,0.0,24.95,0.0,0.0
477,2022-06-24 23:15:00+00:00,0.0,0.0,0.0,25.94,0.0,26.71,-0.0,26.28,0.0,25.39,-0.0,24.87,0.0,0.0
478,2022-06-24 23:30:00+00:00,0.0,0.0,0.0,25.89,-0.0,26.66,-0.0,26.22,0.0,25.32,0.0,24.79,0.0,0.0
479,2022-06-24 23:45:00+00:00,0.0,0.0,0.0,25.83,0.0,26.6,-0.0,26.17,-0.0,25.24,0.0,24.71,0.0,0.0
480,2022-06-25 00:00:00+00:00,0.0,0.0,0.0,25.77,0.0,26.53,0.0,26.1,0.0,25.16,-0.0,24.62,0.0,0.0
481,2022-06-25 00:15:00+00:00,0.0,0.0,0.0,25.71,-0.0,26.47,0.0,26.05,0.0,25.08,-0.0,24.53,0.0,0.0
482,2022-06-25 00:30:00+00:00,0.0,0.0,0.0,25.66,-0.0,26.41,0.0,25.99,-0.0,25.0,0.0,24.45,0.0,0.0
483,2022-06-25 00:45:00+00:00,-0.0,-0.0,-0.0,25.6,0.0,26.35,-0.0,25.92,0.0,24.92,0.0,24.36,0.0,0.0
484,2022-06-25 01:00:00+00:00,0.0,0.0,0.0,25.54,-0.0,26.28,0.0,25.86,-0.0,24.83,0.0,24.27,0.0,0.0
485,2022-06-25 01:15:00+00:00,-0.0,-0.0,-0.0,25.48,0.0,26.22,0.0,25.8,-0.0,24.75,0.0,24.18,0.0,0.0
486,2022-06-25 01:30:00+00:00,0.0,0.0,0.0,25.42,-0.0,26.16,0.0,25.74,0.0,24.67,0.0,24.09,0.0,0.0
487,2022-06-25 01:45:00+00:00,-0.0,-0.0,-0.0,25.37,-0.0,26.1,-0.0,25.69,0.0,24.59,0.0,24.01,0.0,0.0
488,2022-06-25 02:00:00+00:00,0.0,0.0,0.0,25.31,0.0,26.04,-0.0,25.63,-0.0,24.51,0.0,23.92,0.0,0.0
489,2022-06-25 02:15:00+00:00,0.0,0.0,0.0,25.25,-0.0,25.97,-0.0,25.56,0.0,24.43,0.0,23.83,0.0,0.0
490,2022-06-25 02:30:00+00:00,0.0,0.0,0.0,25.19,-0.0,25.91,0.0,25.5,-0.0,24.35,0.0,23.74,0.0,0.0
491,2022-06-25 02:45:00+00:00,0.68,359.66,0.2,25.12,-1959.42,25.84,0.0,25.43,-345.3,24.26,0.0,23.64,0.0,0.0
492,2022-06-25 03:00:00+00:00,0.0,0.0,0.0,24.62,0.0,25.77,0.0,25.29,-0.0,24.17,0.0,23.54,-0.0,0.0
493,2022-06-25 03:15:00+00:00,0.0,0.0,0.0,24.79,0.0,25.7,-0.0,25.26,-0.0,24.08,0.0,23.44,0.0,0.0
494,2022-06-25 03:30:00+00:00,0.0,0.0,0.0,24.75,-0.0,25.63,0.0,25.2,-0.0,23.99,0.0,23.35,0.0,0.0
495,2022-06-25 03:45:00+00:00,0.0,0.0,0.0,24.69,0.0,25.56,0.0,25.14,0.0,23.9,0.0,23.25,-0.0,0.0
496,2022-06-25 04:00:00+00:00,0.0,0.0,0.0,24.63,0.0,25.5,0.0,25.07,-0.0,23.81,0.0,23.15,0.0,0.0
497,2022-06-25 04:15:00+00:00,0.0,0.0,0.0,24.57,0.0,25.44,0.0,25.01,-0.0,23.73,0.0,23.07,0.0,0.0
498,2022-06-25 04:30:00+00:00,0.0,0.0,0.0,24.53,0.0,25.39,-0.0,24.96,0.0,23.66,0.0,22.99,-0.0,0.0
499,2022-06-25 04:45:00+00:00,0.0,0.0,0.0,24.49,-0.0,25.34,-0.0,24.92,0.0,23.6,0.0,22.92,0.0,0.0
500,2022-06-25 05:00:00+00:00,0.0,0.0,0.0,24.46,0.0,25.31,0.0,24.88,0.0,23.54,0.0,22.87,-0.0,0.0
501,2022-06-25 05:15:00+00:00,0.0,0.0,0.0,24.44,-0.0,25.28,-0.0,24.86,0.0,23.51,0.0,22.82,-0.0,0.0
502,2022-06-25 05:30:00+00:00,0.0,0.0,0.0,24.44,0.0,25.28,0.0,24.84,-0.0,23.49,0.0,22.8,-0.0,0.0
503,2022-06-25 05:45:00+00:00,0.0,0.0,0.0,24.44,-0.0,25.28,0.0,24.84,0.0,23.47,-0.0,22.79,0.0,0.0
504,2022-06-25 06:00:00+00:00,0.0,0.0,0.0,24.45,-0.0,25.28,-0.0,24.84,0.0,23.47,0.0,22.78,0.0,0.0
505,2022-06-25 06:15:00+00:00,0.0,0.0,0.0,24.47,-0.0,25.29,-0.0,24.85,0.0,23.47,0.0,22.79,0.0,0.0
506,2022-06-25 06:30:00+00:00,0.0,0.0,0.0,24.49,-0.0,25.32,-0.0,24.86,0.0,23.48,0.0,22.8,0.0,0.0
507,2022-06-25 06:45:00+00:00,0.0,0.0,0.0,24.53,0.0,25.35,-0.0,24.88,0.0,23.51,0.0,22.82,0.0,0.0
508,2022-06-25 07:00:00+00:00,0.0,0.0,0.0,24.58,-0.0,25.39,0.0,24.91,0.0,23.55,0.0,22.86,0.0,0.0
509,2022-06-25 07:15:00+00:00,0.0,0.0,0.0,24.64,-0.0,25.45,-0.0,24.96,0.0,23.6,0.0,22.92,0.0,0.0
510,2022-06-25 07:30:00+00:00,0.0,0.0,0.0,24.7,-0.0,25.51,-0.0,25.01,0.0,23.66,0.0,22.98,0.0,0.0
511,2022-06-25 07:45:00+00:00,0.0,0.0,0.0,24.77,-0.0,25.57,-0.0,25.06,0.0,23.72,-0.0,23.04,0.0,0.0
512,2022-06-25 08:00:00+00:00,0.0,0.0,0.0,24.8,0.0,25.59,-0.0,25.07,0.0,23.74,0.0,23.08,0.0,0.0
513,2022-06-25 08:15:00+00:00,-0.0,-0.0,-0.0,24.9,0.0,25.69,-0.0,25.15,0.0,23.84,0.0,23.18,-0.0,0.0
514,2022-06-25 08:30:00+00:00,0.0,0.0,0.0,25.0,0.0,25.78,-0.0,25.22,-0.0,23.93,0.0,23.27,0.0,0.0
515,2022-06-25 08:45:00+00:00,0.0,0.0,0.0,25.08,-0.0,25.87,0.0,25.29,0.0,24.02,0.0,23.36,0.0,0.0
516,2022-06-25 09:00:00+00:00,0.0,0.0,0.0,25.21,-0.0,25.99,-0.0,25.39,-0.0,24.14,0.0,23.49,0.0,0.0
517,2022-06-25 09:15:00+00:00,0.0,0.0,0.0,25.24,0.0,26.02,-0.0,25.42,0.0,24.18,0.0,23.55,-0.0,0.0
518,2022-06-25 09:30:00+00:00,0.0,0.0,0.0,25.23,0.0,26.0,-0.0,25.41,0.0,24.19,-0.0,23.56,0.0,0.0
519,2022-06-25 09:45:00+00:00,0.0,0.0,0.0,25.36,-0.0,26.12,0.0,25.51,0.0,24.32,-0.0,23.69,0.0,0.0
520,2022-06-25 10:00:00+00:00,0.0,0.0,0.0,25.38,-0.0,26.14,0.0,25.53,0.0,24.34,0.0,23.73,0.0,0.0
521,2022-06-25 10:15:00+00:00,0.0,0.0,0.0,25.55,-0.0,26.3,-0.0,25.66,0.0,24.5,0.0,23.89,0.0,0.0
522,2022-06-25 10:30:00+00:00,0.0,0.0,0.0,25.59,-0.0,26.34,-0.0,25.69,0.0,24.55,0.0,23.95,0.0,0.0
523,2022-06-25 10:45:00+00:00,0.0,0.0,0.0,25.76,0.0,26.51,-0.0,25.83,0.0,24.72,-0.0,24.12,0.0,0.0
524,2022-06-25 11:00:00+00:00,0.0,0.0,0.0,25.96,-0.0,26.7,0.0,25.99,0.0,24.9,0.0,24.32,-0.0,0.0
525,2022-06-25 11:15:00+00:00,0.0,0.0,0.0,25.94,0.0,26.69,-0.0,25.98,-0.0,24.91,-0.0,24.34,0.0,0.0
526,2022-06-25 11:30:00+00:00,0.0,0.0,0.0,26.07,0.0,26.81,0.0,26.08,0.0,25.05,-0.0,24.48,0.0,0.0
527,2022-06-25 11:45:00+00:00,0.0,0.0,0.0,26.0,0.0,26.73,0.0,26.03,0.0,25.01,0.0,24.45,-0.0,0.0
528,2022-06-25 12:00:00+00:00,0.0,0.0,0.0,26.07,-0.0,26.8,0.0,26.08,-0.0,25.08,0.0,24.53,0.0,0.0
529,2022-06-25 12:15:00+00:00,0.0,0.0,0.0,26.22,0.0,26.94,0.0,26.2,-0.0,25.22,0.0,24.68,0.0,0.0
530,2022-06-25 12:30:00+00:00,0.0,0.0,0.0,26.24,0.0,26.96,0.0,26.22,0.0,25.26,0.0,24.72,-0.0,0.0
531,2022-06-25 12:45:00+00:00,0.0,0.0,0.0,26.29,0.0,27.01,0.0,26.26,0.0,25.32,0.0,24.79,-0.0,0.0
532,2022-06-25 13:00:00+00:00,0.0,0.0,0.0,26.37,-0.0,27.08,0.0,26.33,0.0,25.4,0.0,24.88,0.0,0.0
533,2022-06-25 13:15:00+00:00,0.0,0.0,0.0,26.36,0.0,27.07,0.0,26.32,0.0,25.41,-0.0,24.89,0.0,0.0
534,2022-06-25 13:30:00+00:00,-0.0,-0.0,-0.0,26.46,0.0,27.16,0.0,26.4,-0.0,25.51,0.0,25.0,0.0,0.0
535,2022-06-25 13:45:00+00:00,0.0,0.0,0.0,26.65,0.0,27.35,0.0,26.55,0.0,25.69,-0.0,25.18,-0.0,0.0
536,2022-06-25 14:00:00+00:00,0.0,0.0,0.0,26.67,-0.0,27.37,-0.0,26.58,0.0,25.73,-0.0,25.23,0.0,0.0
537,2022-06-25 14:15:00+00:00,0.0,0.0,0.0,26.77,-0.0,27.47,-0.0,26.66,0.0,25.83,-0.0,25.35,0.0,0.0
538,2022-06-25 14:30:00+00:00,0.0,0.0,0.0,26.82,0.0,27.51,-0.0,26.7,0.0,25.9,0.0,25.42,-0.0,0.0
539,2022-06-25 14:45:00+00:00,0.0,0.0,0.0,26.79,0.0,27.48,0.0,26.68,0.0,25.89,0.0,25.42,-0.0,0.0
540,2022-06-25 15:00:00+00:00,0.0,0.0,0.0,26.86,0.0,27.55,-0.0,26.74,-0.0,25.97,0.0,25.51,0.0,0.0
541,2022-06-25 15:15:00+00:00,0.0,0.0,0.0,26.89,-0.0,27.57,0.0,26.76,0.0,26.01,0.0,25.55,0.0,0.0
542,2022-06-25 15:30:00+00:00,0.0,0.0,0.0,27.03,-0.0,27.71,0.0,26.88,0.0,26.14,0.0,25.7,0.0,0.0
543,2022-06-25 15:45:00+00:00,0.0,0.0,0.0,27.17,-0.0,27.84,0.0,26.99,-0.0,26.27,0.0,25.83,0.0,0.0
544,2022-06-25 16:00:00+00:00,0.0,0.0,0.0,27.24,-0.0,27.9,-0.0,27.05,0.0,26.35,-0.0,25.92,0.0,0.0
545,2022-06-25 16:15:00+00:00,0.0,0.0,0.0,27.24,-0.0,27.9,-0.0,27.05,-0.0,26.38,0.0,25.95,0.0,0.0
546,2022-06-25 16:30:00+00:00,0.0,0.0,0.0,27.35,-0.0,28.01,0.0,27.14,-0.0,26.49,0.0,26.08,0.0,0.0
547,2022-06-25 16:45:00+00:00,0.0,0.0,0.0,27.37,-0.0,28.03,0.0,27.16,-0.0,26.53,-0.0,26.12,-0.0,0.0
548,2022-06-25 17:00:00+00:00,0.0,0.0,0.0,27.43,0.0,28.09,0.0,27.22,-0.0,26.6,-0.0,26.2,0.0,0.0
549,2022-06-25 17:15:00+00:00,0.0,0.0,0.0,27.47,-0.0,28.12,0.0,27.25,0.0,26.65,-0.0,26.25,0.0,0.0
550,2022-06-25 17:30:00+00:00,0.0,0.0,0.0,27.47,0.0,28.12,0.0,27.25,0.0,26.66,-0.0,26.27,0.0,0.0
551,2022-06-25 17:45:00+00:00,-0.0,-0.0,-0.0,27.46,0.0,28.1,0.0,27.24,-0.0,26.67,0.0,26.28,0.0,0.0
552,2022-06-25 18:00:00+00:00,0.0,0.0,0.0,27.48,0.0,28.12,0.0,27.26,-0.0,26.69,0.0,26.32,0.0,0.0
553,2022-06-25 18:15:00+00:00,0.0,0.0,0.0,27.47,-0.0,28.11,0.0,27.25,0.0,26.7,0.0,26.32,0.0,0.0
554,2022-06-25 18:30:00+00:00,0.0,0.0,0.0,27.48,-0.0,28.11,-0.0,27.25,0.0,26.7,-0.0,26.33,0.0,0.0
555,2022-06-25 18:45:00+00:00,0.0,0.0,0.0,27.49,0.0,28.12,-0.0,27.27,0.0,26.72,0.0,26.35,0.0,0.0
556,2022-06-25 19:00:00+00:00,0.0,0.0,0.0,27.48,-0.0,28.11,-0.0,27.26,0.0,26.72,0.0,26.35,0.0,0.0
557,2022-06-25 19:15:00+00:00,0.0,0.0,0.0,27.47,-0.0,28.09,-0.0,27.24,0.0,26.7,0.0,26.34,0.0,0.0
558,2022-06-25 19:30:00+00:00,0.0,0.0,0.0,27.44,-0.0,28.06,-0.0,27.22,0.0,26.68,0.0,26.32,0.0,0.0
559,2022-06-25 19:45:00+00:00,0.0,0.0,0.0,27.41,0.0,28.03,-0.0,27.19,-0.0,26.65,0.0,26.29,0.0,0.0
560,2022-06-25 20:00:00+00:00,0.0,0.0,0.0,27.38,0.0,27.99,-0.0,27.16,0.0,26.61,0.0,26.25,0.0,0.0
561,2022-06-25 20:15:00+00:00,0.0,0.0,0.0,27.34,-0.0,27.95,-0.0,27.13,-0.0,26.57,0.0,26.2,0.0,0.0
562,2022-06-25 20:30:00+00:00,0.0,0.0,0.0,27.31,0.0,27.92,-0.0,27.1,0.0,26.53,0.0,26.16,0.0,0.0
563,2022-06-25 20:45:00+00:00,0.0,0.0,0.0,27.28,0.0,27.88,-0.0,27.06,0.0,26.48,-0.0,26.11,0.0,0.0
564,2022-06-25 21:00:00+00:00,0.0,0.0,0.0,27.24,-0.0,27.84,-0.0,27.03,0.0,26.44,0.0,26.06,0.0,0.0
565,2022-06-25 21:15:00+00:00,0.0,0.0,0.0,27.2,-0.0,27.8,-0.0,26.99,0.0,26.38,0.0,26.0,0.0,0.0
566,2022-06-25 21:30:00+00:00,0.0,0.0,0.0,27.15,-0.0,27.75,-0.0,26.94,-0.0,26.33,0.0,25.94,-0.0,0.0
567,2022-06-25 21:45:00+00:00,-0.0,-0.0,-0.0,27.11,0.0,27.7,0.0,26.9,-0.0,26.26,0.0,25.88,0.0,0.0
568,2022-06-25 22:00:00+00:00,-0.0,-0.0,-0.0,27.06,0.0,27.65,0.0,26.85,0.0,26.21,0.0,25.81,0.0,0.0
569,2022-06-25 22:15:00+00:00,-0.0,-0.0,-0.0,27.02,0.0,27.61,0.0,26.81,0.0,26.15,0.0,25.75,0.0,0.0
570,2022-06-25 22:30:00+00:00,0.0,0.0,0.0,26.98,-0.0,27.56,-0.0,26.77,-0.0,26.1,0.0,25.69,0.0,0.0
571,2022-06-25 22:45:00+00:00,0.0,0.0,0.0,26.94,0.0,27.52,-0.0,26.73,0.0,26.04,0.0,25.63,0.0,0.0
572,2022-06-25 23:00:00+00:00,-0.0,-0.0,-0.0,26.89,-0.0,27.47,0.0,26.69,0.0,25.98,0.0,25.56,0.0,0.0
573,2022-06-25 23:15:00+00:00,0.0,0.0,0.0,26.85,0.0,27.42,-0.0,26.64,-0.0,25.92,0.0,25.5,0.0,0.0
574,2022-06-25 23:30:00+00:00,0.0,0.0,0.0,26.81,0.0,27.38,-0.0,26.6,-0.0,25.87,0.0,25.44,0.0,0.0
575,2022-06-25 23:45:00+00:00,0.0,0.0,0.0,26.78,0.0,27.35,-0.0,26.58,-0.0,25.83,0.0,25.4,0.0,0.0
576,2022-06-26 00:00:00+00:00,0.0,0.0,0.0,26.74,-0.0,27.3,0.0,26.53,-0.0,25.77,0.0,25.34,-0.0,0.0
577,2022-06-26 00:15:00+00:00,-0.0,-0.0,-0.0,26.69,-0.0,27.25,0.0,26.49,-0.0,25.72,0.0,25.28,0.0,0.0
578,2022-06-26 00:30:00+00:00,-0.0,-0.0,-0.0,26.67,0.0,27.22,0.0,26.47,0.0,25.68,0.0,25.24,0.0,0.0
579,2022-06-26 00:45:00+00:00,-0.0,-0.0,-0.0,26.64,0.0,27.2,-0.0,26.44,0.0,25.65,0.0,25.21,0.0,0.0
580,2022-06-26 01:00:00+00:00,0.0,0.0,0.0,26.6,0.0,27.15,-0.0,26.4,0.0,25.59,0.0,25.14,0.0,0.0
581,2022-06-26 01:15:00+00:00,0.0,0.0,0.0,26.55,-0.0,27.1,0.0,26.35,0.0,25.53,0.0,25.08,-0.0,0.0
582,2022-06-26 01:30:00+00:00,0.0,0.0,0.0,26.51,0.0,27.05,0.0,26.31,-0.0,25.48,-0.0,25.03,-0.0,0.0
583,2022-06-26 01:45:00+00:00,-0.0,-0.0,-0.0,26.47,-0.0,27.01,0.0,26.27,0.0,25.42,0.0,24.97,0.0,0.0
584,2022-06-26 02:00:00+00:00,-0.0,-0.0,-0.0,26.42,0.0,26.96,0.0,26.23,0.0,25.37,0.0,24.91,0.0,0.0
585,2022-06-26 02:15:00+00:00,-0.0,-0.0,-0.0,26.38,0.0,26.92,-0.0,26.19,0.0,25.31,0.0,24.85,0.0,0.0
586,2022-06-26 02:30:00+00:00,0.0,0.0,0.0,26.34,-0.0,26.87,0.0,26.14,-0.0,25.26,0.0,24.79,0.0,0.0
587,2022-06-26 02:45:00+00:00,-0.0,-0.0,-0.0,26.29,0.0,26.82,-0.0,26.1,0.0,25.2,0.0,24.73,0.0,0.0
588,2022-06-26 03:00:00+00:00,0.0,0.0,0.0,26.25,-0.0,26.78,0.0,26.06,0.0,25.14,0.0,24.67,-0.0,0.0
589,2022-06-26 03:15:00+00:00,-0.0,-0.0,-0.0,26.21,0.0,26.73,0.0,26.01,0.0,25.09,-0.0,24.61,0.0,0.0
590,2022-06-26 03:30:00+00:00,0.0,0.0,0.0,26.16,-0.0,26.69,0.0,25.97,0.0,25.03,-0.0,24.55,0.0,0.0
591,2022-06-26 03:45:00+00:00,-0.0,-0.0,-0.0,26.12,0.0,26.64,0.0,25.93,0.0,24.98,0.0,24.49,0.0,0.0
592,2022-06-26 04:00:00+00:00,-0.0,-0.0,-0.0,26.07,0.0,26.59,-0.0,25.89,0.0,24.92,0.0,24.42,0.0,0.0
593,2022-06-26 04:15:00+00:00,-0.0,-0.0,-0.0,26.03,0.0,26.55,-0.0,25.84,0.0,24.86,0.0,24.36,0.0,0.0
594,2022-06-26 04:30:00+00:00,-0.0,-0.0,-0.0,25.99,-0.0,26.5,-0.0,25.8,0.0,24.8,0.0,24.3,0.0,0.0
595,2022-06-26 04:45:00+00:00,-0.0,-0.0,-0.0,25.95,0.0,26.46,0.0,25.76,0.0,24.75,0.0,24.24,-0.0,0.0
596,2022-06-26 05:00:00+00:00,-0.0,-0.0,-0.0,25.93,0.0,26.44,0.0,25.74,0.0,24.72,0.0,24.2,0.0,0.0
597,2022-06-26 05:15:00+00:00,-0.0,-0.0,-0.0,25.92,0.0,26.42,0.0,25.72,-0.0,24.69,0.0,24.18,0.0,0.0
598,2022-06-26 05:30:00+00:00,0.0,0.0,0.0,25.92,0.0,26.42,0.0,25.72,-0.0,24.68,0.0,24.16,-0.0,0.0
599,2022-06-26 05:45:00+00:00,-0.0,-0.0,-0.0,25.93,0.0,26.42,0.0,25.72,-0.0,24.67,0.0,24.15,0.0,0.0
600,2022-06-26 06:00:00+00:00,0.0,0.0,0.0,25.92,0.0,26.41,-0.0,25.7,-0.0,24.65,0.0,24.13,0.0,0.0
601,2022-06-26 06:15:00+00:00,-0.0,-0.0,-0.0,25.95,-0.0,26.44,0.0,25.72,0.0,24.67,0.0,24.15,0.0,0.0
602,2022-06-26 06:30:00+00:00,0.0,0.0,0.0,25.97,0.0,26.46,-0.0,25.74,-0.0,24.69,0.0,24.17,0.0,0.0
603,2022-06-26 06:45:00+00:00,0.0,0.0,0.0,26.01,-0.0,26.5,-0.0,25.77,0.0,24.72,0.0,24.2,-0.0,0.0
604,2022-06-26 07:00:00+00:00,-0.0,-0.0,-0.0,26.06,-0.0,26.54,0.0,25.81,0.0,24.76,0.0,24.24,0.0,0.0
605,2022-06-26 07:15:00+00:00,-0.0,-0.0,-0.0,26.11,-0.0,26.59,-0.0,25.85,0.0,24.81,0.0,24.29,0.0,0.0
606,2022-06-26 07:30:00+00:00,-0.0,-0.0,-0.0,26.17,0.0,26.65,0.0,25.89,0.0,24.86,0.0,24.34,0.0,0.0
607,2022-06-26 07:45:00+00:00,-0.0,-0.0,-0.0,26.24,0.0,26.71,-0.0,25.94,0.0,24.92,0.0,24.41,0.0,0.0
608,2022-06-26 08:00:00+00:00,0.0,0.0,0.0,26.31,-0.0,26.78,-0.0,26.0,0.0,24.99,-0.0,24.48,,0.0
609,2022-06-26 08:15:00+00:00,0.0,0.0,0.0,26.39,0.0,26.86,0.0,26.07,0.0,25.07,0.0,24.56,,0.0
610,2022-06-26 08:30:00+00:00,0.0,0.0,0.0,26.47,0.0,26.94,0.0,26.13,0.0,25.15,0.0,24.65,,0.0
611,2022-06-26 08:45:00+00:00,0.0,0.0,0.0,26.56,0.0,27.03,0.0,26.21,0.0,25.24,0.0,24.74,,0.0
612,2022-06-26 09:00:00+00:00,1.07,586.24,0.26,26.66,0.0,27.12,-3158.9,26.28,0.0,25.33,0.0,24.83,,0.0
613,2022-06-26 09:15:00+00:00,0.0,0.0,0.0,26.76,0.0,26.53,0.0,26.37,0.0,25.43,0.0,24.94,,0.0
614,2022-06-26 09:30:00+00:00,0.0,0.0,0.0,26.88,0.0,27.01,0.0,26.47,0.0,25.55,0.0,25.07,,0.0
615,2022-06-26 09:45:00+00:00,0.0,0.0,0.0,26.97,0.0,27.15,0.0,26.54,0.0,25.65,0.0,25.17,,0.0
616,2022-06-26 10:00:00+00:00,0.0,0.0,0.0,27.06,0.0,27.24,0.0,26.61,0.0,25.74,0.0,25.27,,0.0
617,2022-06-26 10:15:00+00:00,0.0,0.0,0.0,27.15,0.0,27.33,0.0,26.68,0.0,25.84,0.0,25.37,,0.0
618,2022-06-26 10:30:00+00:00,0.0,0.0,0.0,27.19,0.0,27.37,0.0,26.72,0.0,25.89,0.0,25.44,,0.0
619,2022-06-26 10:45:00+00:00,0.83,465.06,0.2,27.22,-2205.11,27.4,-238.68,26.74,0.0,25.94,0.0,25.48,,0.0
620,2022-06-26 11:00:00+00:00,0.8,463.13,0.2,26.79,-2059.46,27.4,-381.04,26.79,0.0,26.0,0.0,25.55,,0.0
621,2022-06-26 11:15:00+00:00,0.81,471.75,0.2,26.64,-1387.24,27.4,-1068.01,26.83,0.0,26.06,0.0,25.61,,0.0
622,2022-06-26 11:30:00+00:00,0.82,475.7,0.2,26.8,-1751.68,27.4,-710.3,26.99,0.0,26.23,0.0,25.79,,0.0
623,2022-06-26 11:45:00+00:00,0.0,0.0,0.0,26.64,0.0,27.4,0.0,27.01,0.0,26.27,0.0,25.84,,0.0
624,2022-06-26 12:00:00+00:00,0.0,0.0,0.0,26.92,0.0,27.54,0.0,27.05,0.0,26.33,0.0,25.9,,0.0
625,2022-06-26 12:15:00+00:00,0.0,0.0,0.0,26.99,0.0,27.6,0.0,27.08,0.0,26.38,0.0,25.96,,0.0
626,2022-06-26 12:30:00+00:00,0.0,0.0,0.0,27.12,0.0,27.72,0.0,27.18,0.0,26.49,0.0,26.07,,0.0
627,2022-06-26 12:45:00+00:00,0.0,0.0,0.0,27.27,0.0,27.87,0.0,27.31,0.0,26.63,0.0,26.22,,0.0
628,2022-06-26 13:00:00+00:00,0.79,485.44,0.2,27.33,-2478.43,27.92,0.0,27.35,0.0,26.7,0.0,26.29,,0.0
629,2022-06-26 13:15:00+00:00,0.0,0.0,0.0,26.84,0.0,27.97,0.0,27.4,0.0,26.76,0.0,26.36,,0.0
630,2022-06-26 13:30:00+00:00,0.0,0.0,0.0,27.29,0.0,28.14,0.0,27.53,0.0,26.92,0.0,26.53,,0.0
631,2022-06-26 13:45:00+00:00,3.06,1882.17,0.77,27.39,-9589.84,28.19,0.0,27.58,0.0,26.99,0.0,26.6,,0.0
632,2022-06-26 14:00:00+00:00,0.0,0.0,0.0,25.29,0.0,28.18,0.0,27.57,0.0,27.0,0.0,26.62,,0.0
633,2022-06-26 14:15:00+00:00,0.0,0.0,0.0,26.52,0.0,28.31,0.0,27.69,0.0,27.13,0.0,26.76,,0.0
634,2022-06-26 14:30:00+00:00,0.0,0.0,0.0,26.8,0.0,28.42,0.0,27.78,0.0,27.24,0.0,26.87,,0.0
635,2022-06-26 14:45:00+00:00,0.0,0.0,0.0,26.82,0.0,28.41,0.0,27.77,0.0,27.25,0.0,26.89,,0.0
636,2022-06-26 15:00:00+00:00,0.0,0.0,0.0,26.93,0.0,28.51,0.0,27.85,0.0,27.35,0.0,27.0,,0.0
637,2022-06-26 15:15:00+00:00,0.0,0.0,0.0,27.01,0.0,28.57,0.0,27.91,0.0,27.42,0.0,27.07,,0.0
638,2022-06-26 15:30:00+00:00,0.0,0.0,0.0,27.05,0.0,28.61,0.0,27.94,0.0,27.47,0.0,27.12,,0.0
639,2022-06-26 15:45:00+00:00,0.0,0.0,0.0,27.1,0.0,28.65,0.0,27.98,0.0,27.52,0.0,27.18,,0.0
640,2022-06-26 16:00:00+00:00,0.0,0.0,0.0,27.23,0.0,28.77,0.0,28.08,0.0,27.64,0.0,27.3,,0.0
641,2022-06-26 16:15:00+00:00,0.0,0.0,0.0,27.27,0.0,28.81,0.0,28.11,0.0,27.69,0.0,27.36,,0.0
642,2022-06-26 16:30:00+00:00,0.0,0.0,0.0,27.35,0.0,28.87,0.0,28.17,0.0,27.76,0.0,27.44,,0.0
643,2022-06-26 16:45:00+00:00,0.0,0.0,0.0,27.4,0.0,28.92,0.0,28.21,0.0,27.82,0.0,27.5,,0.0
644,2022-06-26 17:00:00+00:00,0.0,0.0,0.0,27.44,0.0,28.95,0.0,28.24,0.0,27.87,0.0,27.55,,0.0
645,2022-06-26 17:15:00+00:00,0.0,0.0,0.0,27.48,0.0,28.98,0.0,28.27,0.0,27.91,0.0,27.6,,0.0
646,2022-06-26 17:30:00+00:00,0.0,0.0,0.0,27.51,0.0,29.01,0.0,28.29,0.0,27.94,0.0,27.63,,0.0
647,2022-06-26 17:45:00+00:00,0.0,0.0,0.0,27.53,0.0,29.02,0.0,28.3,0.0,27.96,0.0,27.66,,0.0
648,2022-06-26 18:00:00+00:00,0.0,0.0,0.0,27.53,0.0,29.01,0.0,28.3,0.0,27.96,0.0,27.66,,0.0
649,2022-06-26 18:15:00+00:00,0.0,0.0,0.0,27.53,0.0,29.0,0.0,28.29,0.0,27.95,0.0,27.66,,0.0
650,2022-06-26 18:30:00+00:00,0.0,0.0,0.0,27.53,0.0,29.0,0.0,28.28,0.0,27.95,0.0,27.65,,0.0
651,2022-06-26 18:45:00+00:00,0.0,0.0,0.0,27.53,0.0,28.98,0.0,28.27,0.0,27.94,0.0,27.64,,0.0
652,2022-06-26 19:00:00+00:00,0.0,0.0,0.0,27.5,0.0,28.95,0.0,28.24,0.0,27.9,0.0,27.61,,0.0
653,2022-06-26 19:15:00+00:00,0.0,0.0,0.0,27.48,0.0,28.92,0.0,28.22,0.0,27.87,0.0,27.58,,0.0
654,2022-06-26 19:30:00+00:00,0.0,0.0,0.0,27.46,0.0,28.89,0.0,28.19,0.0,27.84,0.0,27.54,,0.0
655,2022-06-26 19:45:00+00:00,0.0,0.0,0.0,27.43,0.0,28.85,0.0,28.16,0.0,27.8,0.0,27.49,,0.0
656,2022-06-26 20:00:00+00:00,0.0,0.0,0.0,27.4,0.0,28.81,0.0,28.13,0.0,27.75,0.0,27.45,,0.0
657,2022-06-26 20:15:00+00:00,0.0,0.0,0.0,27.37,0.0,28.78,0.0,28.09,-0.0,27.71,0.0,27.4,,0.0
658,2022-06-26 20:30:00+00:00,0.0,0.0,0.0,27.34,0.0,28.74,0.0,28.06,0.0,27.66,0.0,27.35,,0.0
659,2022-06-26 20:45:00+00:00,0.0,0.0,0.0,27.31,0.0,28.7,0.0,28.02,0.0,27.62,0.0,27.3,,0.0
660,2022-06-26 21:00:00+00:00,0.0,0.0,0.0,27.28,0.0,28.67,0.0,27.99,0.0,27.57,0.0,27.25,,0.0
661,2022-06-26 21:15:00+00:00,0.0,0.0,0.0,27.25,0.0,28.63,0.0,27.96,0.0,27.53,0.0,27.2,,0.0
662,2022-06-26 21:30:00+00:00,0.0,0.0,0.0,27.22,0.0,28.6,0.0,27.93,0.0,27.48,0.0,27.15,,0.0
663,2022-06-26 21:45:00+00:00,0.0,0.0,0.0,27.18,0.0,28.55,0.0,27.88,-0.0,27.42,0.0,27.08,,0.0
664,2022-06-26 22:00:00+00:00,0.0,0.0,0.0,27.13,0.0,28.49,0.0,27.83,0.0,27.35,0.0,27.01,,0.0
665,2022-06-26 22:15:00+00:00,0.0,0.0,0.0,27.09,0.0,28.44,0.0,27.78,0.0,27.28,0.0,26.93,,0.0
666,2022-06-26 22:30:00+00:00,0.0,0.0,0.0,27.04,0.0,28.38,0.0,27.73,0.0,27.21,0.0,26.86,,0.0
667,2022-06-26 22:45:00+00:00,0.0,0.0,0.0,26.99,0.0,28.33,0.0,27.68,0.0,27.14,0.0,26.78,,0.0
668,2022-06-26 23:00:00+00:00,0.0,0.0,0.0,26.95,0.0,28.28,0.0,27.63,0.0,27.07,0.0,26.7,,0.0
669,2022-06-26 23:15:00+00:00,0.0,0.0,0.0,26.9,0.0,28.22,0.0,27.58,0.0,27.0,0.0,26.62,,0.0
670,2022-06-26 23:30:00+00:00,0.0,0.0,0.0,26.86,0.0,28.17,0.0,27.53,0.0,26.93,0.0,26.55,,0.0
671,2022-06-26 23:45:00+00:00,0.0,0.0,0.0,26.8,0.0,28.11,-0.0,27.47,-0.0,26.85,-0.0,26.46,,0.0
